ISO-10303-21;
HEADER;
FILE_DESCRIPTION(('Open CASCADE Model'),'2;1');
FILE_NAME('PlatypusOne_BeefUp','2026-09-06T12:36:54',('Author'),(
    'Open CASCADE'),'Open CASCADE STEP processor 7.9','build123d',
  'Unknown');
FILE_SCHEMA(('AUTOMOTIVE_DESIGN { 1 0 10303 214 1 1 1 1 }'));
ENDSEC;
DATA;
#1 = APPLICATION_PROTOCOL_DEFINITION('international standard',
  'automotive_design',2000,#2);
#2 = APPLICATION_CONTEXT(
  'core data for automotive mechanical design processes');
#3 = SHAPE_DEFINITION_REPRESENTATION(#4,#10);
#4 = PRODUCT_DEFINITION_SHAPE('','',#5);
#5 = PRODUCT_DEFINITION('design','',#6,#9);
#6 = PRODUCT_DEFINITION_FORMATION('','',#7);
#7 = PRODUCT('PlatypusOne_BeefUp','PlatypusOne_BeefUp','',(#8));
#8 = PRODUCT_CONTEXT('',#2,'mechanical');
#9 = PRODUCT_DEFINITION_CONTEXT('part definition',#2,'design');
#10 = SHAPE_REPRESENTATION('',(#11,#15,#19,#23,#27,#31,#35,#39,#43,#47,
    #51,#55,#59,#63,#67,#71,#75,#79,#83,#87),#91);
#11 = AXIS2_PLACEMENT_3D('',#12,#13,#14);
#12 = CARTESIAN_POINT('',(0.,0.,0.));
#13 = DIRECTION('',(0.,0.,1.));
#14 = DIRECTION('',(1.,0.,-0.));
#15 = AXIS2_PLACEMENT_3D('',#16,#17,#18);
#16 = CARTESIAN_POINT('',(0.,0.,0.));
#17 = DIRECTION('',(0.,0.,1.));
#18 = DIRECTION('',(1.,0.,-0.));
#19 = AXIS2_PLACEMENT_3D('',#20,#21,#22);
#20 = CARTESIAN_POINT('',(0.,-9.,12.37));
#21 = DIRECTION('',(0.,0.,1.));
#22 = DIRECTION('',(1.,0.,-0.));
#23 = AXIS2_PLACEMENT_3D('',#24,#25,#26);
#24 = CARTESIAN_POINT('',(0.,0.,-17.97));
#25 = DIRECTION('',(0.,0.,1.));
#26 = DIRECTION('',(1.,0.,-0.));
#27 = AXIS2_PLACEMENT_3D('',#28,#29,#30);
#28 = CARTESIAN_POINT('',(0.,0.,0.));
#29 = DIRECTION('',(0.,0.,1.));
#30 = DIRECTION('',(1.,0.,-0.));
#31 = AXIS2_PLACEMENT_3D('',#32,#33,#34);
#32 = CARTESIAN_POINT('',(0.,0.,0.));
#33 = DIRECTION('',(0.,0.,1.));
#34 = DIRECTION('',(1.,0.,-0.));
#35 = AXIS2_PLACEMENT_3D('',#36,#37,#38);
#36 = CARTESIAN_POINT('',(58.,-71.,0.));
#37 = DIRECTION('',(0.,0.,1.));
#38 = DIRECTION('',(1.,0.,-0.));
#39 = AXIS2_PLACEMENT_3D('',#40,#41,#42);
#40 = CARTESIAN_POINT('',(0.,0.,0.));
#41 = DIRECTION('',(0.,0.,1.));
#42 = DIRECTION('',(1.,0.,-0.));
#43 = AXIS2_PLACEMENT_3D('',#44,#45,#46);
#44 = CARTESIAN_POINT('',(30.26,70.,12.5));
#45 = DIRECTION('',(0.,0.,1.));
#46 = DIRECTION('',(1.,0.,-0.));
#47 = AXIS2_PLACEMENT_3D('',#48,#49,#50);
#48 = CARTESIAN_POINT('',(30.26,67.,2.));
#49 = DIRECTION('',(0.,0.,1.));
#50 = DIRECTION('',(1.,0.,-0.));
#51 = AXIS2_PLACEMENT_3D('',#52,#53,#54);
#52 = CARTESIAN_POINT('',(-33.,64.55,15.));
#53 = DIRECTION('',(0.,0.,1.));
#54 = DIRECTION('',(1.,0.,-0.));
#55 = AXIS2_PLACEMENT_3D('',#56,#57,#58);
#56 = CARTESIAN_POINT('',(-40.,64.55,16.5));
#57 = DIRECTION('',(0.,0.,1.));
#58 = DIRECTION('',(1.,0.,-0.));
#59 = AXIS2_PLACEMENT_3D('',#60,#61,#62);
#60 = CARTESIAN_POINT('',(-26.,64.55,16.5));
#61 = DIRECTION('',(0.,0.,1.));
#62 = DIRECTION('',(1.,0.,-0.));
#63 = AXIS2_PLACEMENT_3D('',#64,#65,#66);
#64 = CARTESIAN_POINT('',(-40.,64.55,10.));
#65 = DIRECTION('',(0.,0.,1.));
#66 = DIRECTION('',(1.,0.,-0.));
#67 = AXIS2_PLACEMENT_3D('',#68,#69,#70);
#68 = CARTESIAN_POINT('',(-6.,64.55,14.97));
#69 = DIRECTION('',(0.,0.,1.));
#70 = DIRECTION('',(1.,0.,-0.));
#71 = AXIS2_PLACEMENT_3D('',#72,#73,#74);
#72 = CARTESIAN_POINT('',(-6.,64.55,5.47));
#73 = DIRECTION('',(0.,0.,1.));
#74 = DIRECTION('',(1.,0.,-0.));
#75 = AXIS2_PLACEMENT_3D('',#76,#77,#78);
#76 = CARTESIAN_POINT('',(-14.,64.55,-2.));
#77 = DIRECTION('',(0.,0.,1.));
#78 = DIRECTION('',(1.,0.,-0.));
#79 = AXIS2_PLACEMENT_3D('',#80,#81,#82);
#80 = CARTESIAN_POINT('',(-10.,45.,-11.47));
#81 = DIRECTION('',(0.,0.,1.));
#82 = DIRECTION('',(1.,0.,-0.));
#83 = AXIS2_PLACEMENT_3D('',#84,#85,#86);
#84 = CARTESIAN_POINT('',(0.,-9.,5.47));
#85 = DIRECTION('',(0.,0.,1.));
#86 = DIRECTION('',(1.,0.,-0.));
#87 = AXIS2_PLACEMENT_3D('',#88,#89,#90);
#88 = CARTESIAN_POINT('',(0.,-35.,-14.47));
#89 = DIRECTION('',(0.,0.,1.));
#90 = DIRECTION('',(1.,0.,-0.));
#91 = ( GEOMETRIC_REPRESENTATION_CONTEXT(3) 
GLOBAL_UNCERTAINTY_ASSIGNED_CONTEXT((#95)) GLOBAL_UNIT_ASSIGNED_CONTEXT(
(#92,#93,#94)) REPRESENTATION_CONTEXT('Context #1',
  '3D Context with UNIT and UNCERTAINTY') );
#92 = ( LENGTH_UNIT() NAMED_UNIT(*) SI_UNIT(.MILLI.,.METRE.) );
#93 = ( NAMED_UNIT(*) PLANE_ANGLE_UNIT() SI_UNIT($,.RADIAN.) );
#94 = ( NAMED_UNIT(*) SI_UNIT($,.STERADIAN.) SOLID_ANGLE_UNIT() );
#95 = UNCERTAINTY_MEASURE_WITH_UNIT(LENGTH_MEASURE(1.E-06),#92,
  'distance_accuracy_value','confusion accuracy');
#96 = PRODUCT_RELATED_PRODUCT_CATEGORY('part',$,(#7));
#97 = SHAPE_DEFINITION_REPRESENTATION(#98,#104);
#98 = PRODUCT_DEFINITION_SHAPE('','',#99);
#99 = PRODUCT_DEFINITION('design','',#100,#103);
#100 = PRODUCT_DEFINITION_FORMATION('','',#101);
#101 = PRODUCT('ENCLOSURE_REF','ENCLOSURE_REF','',(#102));
#102 = PRODUCT_CONTEXT('',#2,'mechanical');
#103 = PRODUCT_DEFINITION_CONTEXT('part definition',#2,'design');
#104 = ADVANCED_BREP_SHAPE_REPRESENTATION('',(#11,#105),#2033);
#105 = MANIFOLD_SOLID_BREP('',#106);
#106 = CLOSED_SHELL('',(#107,#227,#649,#699,#753,#1100,#1127,#1154,#1181
    ,#1208,#1215,#1292,#1339,#1389,#1436,#1486,#1533,#1583,#1608,#1680,
    #1729,#1783,#1832,#1882,#1931,#1985,#2012));
#107 = ADVANCED_FACE('',(#108),#122,.F.);
#108 = FACE_BOUND('',#109,.F.);
#109 = EDGE_LOOP('',(#110,#145,#173,#201));
#110 = ORIENTED_EDGE('',*,*,#111,.F.);
#111 = EDGE_CURVE('',#112,#114,#116,.T.);
#112 = VERTEX_POINT('',#113);
#113 = CARTESIAN_POINT('',(-48.26,-69.55,13.97));
#114 = VERTEX_POINT('',#115);
#115 = CARTESIAN_POINT('',(-48.26,69.55,13.97));
#116 = SURFACE_CURVE('',#117,(#121,#133),.PCURVE_S1.);
#117 = LINE('',#118,#119);
#118 = CARTESIAN_POINT('',(-48.26,-82.55,13.97));
#119 = VECTOR('',#120,1.);
#120 = DIRECTION('',(-0.,1.,0.));
#121 = PCURVE('',#122,#127);
#122 = PLANE('',#123);
#123 = AXIS2_PLACEMENT_3D('',#124,#125,#126);
#124 = CARTESIAN_POINT('',(-48.26,-82.55,-13.97));
#125 = DIRECTION('',(1.,0.,-0.));
#126 = DIRECTION('',(0.,0.,1.));
#127 = DEFINITIONAL_REPRESENTATION('',(#128),#132);
#128 = LINE('',#129,#130);
#129 = CARTESIAN_POINT('',(27.94,0.));
#130 = VECTOR('',#131,1.);
#131 = DIRECTION('',(0.,-1.));
#132 = ( GEOMETRIC_REPRESENTATION_CONTEXT(2) 
PARAMETRIC_REPRESENTATION_CONTEXT() REPRESENTATION_CONTEXT('2D SPACE',''
  ) );
#133 = PCURVE('',#134,#139);
#134 = PLANE('',#135);
#135 = AXIS2_PLACEMENT_3D('',#136,#137,#138);
#136 = CARTESIAN_POINT('',(-48.26,-82.55,13.97));
#137 = DIRECTION('',(0.,0.,1.));
#138 = DIRECTION('',(1.,0.,-0.));
#139 = DEFINITIONAL_REPRESENTATION('',(#140),#144);
#140 = LINE('',#141,#142);
#141 = CARTESIAN_POINT('',(0.,0.));
#142 = VECTOR('',#143,1.);
#143 = DIRECTION('',(0.,1.));
#144 = ( GEOMETRIC_REPRESENTATION_CONTEXT(2) 
PARAMETRIC_REPRESENTATION_CONTEXT() REPRESENTATION_CONTEXT('2D SPACE',''
  ) );
#145 = ORIENTED_EDGE('',*,*,#146,.F.);
#146 = EDGE_CURVE('',#147,#112,#149,.T.);
#147 = VERTEX_POINT('',#148);
#148 = CARTESIAN_POINT('',(-48.26,-69.55,-13.97));
#149 = SURFACE_CURVE('',#150,(#154,#161),.PCURVE_S1.);
#150 = LINE('',#151,#152);
#151 = CARTESIAN_POINT('',(-48.26,-69.55,-13.97));
#152 = VECTOR('',#153,1.);
#153 = DIRECTION('',(0.,0.,1.));
#154 = PCURVE('',#122,#155);
#155 = DEFINITIONAL_REPRESENTATION('',(#156),#160);
#156 = LINE('',#157,#158);
#157 = CARTESIAN_POINT('',(0.,-13.));
#158 = VECTOR('',#159,1.);
#159 = DIRECTION('',(1.,0.));
#160 = ( GEOMETRIC_REPRESENTATION_CONTEXT(2) 
PARAMETRIC_REPRESENTATION_CONTEXT() REPRESENTATION_CONTEXT('2D SPACE',''
  ) );
#161 = PCURVE('',#162,#167);
#162 = CYLINDRICAL_SURFACE('',#163,13.);
#163 = AXIS2_PLACEMENT_3D('',#164,#165,#166);
#164 = CARTESIAN_POINT('',(-35.26,-69.55,-13.97));
#165 = DIRECTION('',(0.,0.,1.));
#166 = DIRECTION('',(-1.,-0.,0.));
#167 = DEFINITIONAL_REPRESENTATION('',(#168),#172);
#168 = LINE('',#169,#170);
#169 = CARTESIAN_POINT('',(0.,0.));
#170 = VECTOR('',#171,1.);
#171 = DIRECTION('',(0.,1.));
#172 = ( GEOMETRIC_REPRESENTATION_CONTEXT(2) 
PARAMETRIC_REPRESENTATION_CONTEXT() REPRESENTATION_CONTEXT('2D SPACE',''
  ) );
#173 = ORIENTED_EDGE('',*,*,#174,.T.);
#174 = EDGE_CURVE('',#147,#175,#177,.T.);
#175 = VERTEX_POINT('',#176);
#176 = CARTESIAN_POINT('',(-48.26,69.55,-13.97));
#177 = SURFACE_CURVE('',#178,(#182,#189),.PCURVE_S1.);
#178 = LINE('',#179,#180);
#179 = CARTESIAN_POINT('',(-48.26,-82.55,-13.97));
#180 = VECTOR('',#181,1.);
#181 = DIRECTION('',(-0.,1.,0.));
#182 = PCURVE('',#122,#183);
#183 = DEFINITIONAL_REPRESENTATION('',(#184),#188);
#184 = LINE('',#185,#186);
#185 = CARTESIAN_POINT('',(0.,0.));
#186 = VECTOR('',#187,1.);
#187 = DIRECTION('',(0.,-1.));
#188 = ( GEOMETRIC_REPRESENTATION_CONTEXT(2) 
PARAMETRIC_REPRESENTATION_CONTEXT() REPRESENTATION_CONTEXT('2D SPACE',''
  ) );
#189 = PCURVE('',#190,#195);
#190 = PLANE('',#191);
#191 = AXIS2_PLACEMENT_3D('',#192,#193,#194);
#192 = CARTESIAN_POINT('',(-48.26,-82.55,-13.97));
#193 = DIRECTION('',(0.,0.,1.));
#194 = DIRECTION('',(1.,0.,-0.));
#195 = DEFINITIONAL_REPRESENTATION('',(#196),#200);
#196 = LINE('',#197,#198);
#197 = CARTESIAN_POINT('',(0.,0.));
#198 = VECTOR('',#199,1.);
#199 = DIRECTION('',(0.,1.));
#200 = ( GEOMETRIC_REPRESENTATION_CONTEXT(2) 
PARAMETRIC_REPRESENTATION_CONTEXT() REPRESENTATION_CONTEXT('2D SPACE',''
  ) );
#201 = ORIENTED_EDGE('',*,*,#202,.T.);
#202 = EDGE_CURVE('',#175,#114,#203,.T.);
#203 = SURFACE_CURVE('',#204,(#208,#215),.PCURVE_S1.);
#204 = LINE('',#205,#206);
#205 = CARTESIAN_POINT('',(-48.26,69.55,-13.97));
#206 = VECTOR('',#207,1.);
#207 = DIRECTION('',(0.,0.,1.));
#208 = PCURVE('',#122,#209);
#209 = DEFINITIONAL_REPRESENTATION('',(#210),#214);
#210 = LINE('',#211,#212);
#211 = CARTESIAN_POINT('',(0.,-152.1));
#212 = VECTOR('',#213,1.);
#213 = DIRECTION('',(1.,0.));
#214 = ( GEOMETRIC_REPRESENTATION_CONTEXT(2) 
PARAMETRIC_REPRESENTATION_CONTEXT() REPRESENTATION_CONTEXT('2D SPACE',''
  ) );
#215 = PCURVE('',#216,#221);
#216 = CYLINDRICAL_SURFACE('',#217,13.);
#217 = AXIS2_PLACEMENT_3D('',#218,#219,#220);
#218 = CARTESIAN_POINT('',(-35.26,69.55,-13.97));
#219 = DIRECTION('',(0.,0.,1.));
#220 = DIRECTION('',(-1.,-0.,0.));
#221 = DEFINITIONAL_REPRESENTATION('',(#222),#226);
#222 = LINE('',#223,#224);
#223 = CARTESIAN_POINT('',(-0.,0.));
#224 = VECTOR('',#225,1.);
#225 = DIRECTION('',(-0.,1.));
#226 = ( GEOMETRIC_REPRESENTATION_CONTEXT(2) 
PARAMETRIC_REPRESENTATION_CONTEXT() REPRESENTATION_CONTEXT('2D SPACE',''
  ) );
#227 = ADVANCED_FACE('',(#228,#427),#134,.T.);
#228 = FACE_BOUND('',#229,.T.);
#229 = EDGE_LOOP('',(#230,#231,#255,#283,#316,#344,#373,#401));
#230 = ORIENTED_EDGE('',*,*,#111,.F.);
#231 = ORIENTED_EDGE('',*,*,#232,.T.);
#232 = EDGE_CURVE('',#112,#233,#235,.T.);
#233 = VERTEX_POINT('',#234);
#234 = CARTESIAN_POINT('',(-35.26,-82.55,13.97));
#235 = SURFACE_CURVE('',#236,(#241,#248),.PCURVE_S1.);
#236 = CIRCLE('',#237,13.);
#237 = AXIS2_PLACEMENT_3D('',#238,#239,#240);
#238 = CARTESIAN_POINT('',(-35.26,-69.55,13.97));
#239 = DIRECTION('',(0.,0.,1.));
#240 = DIRECTION('',(0.,-1.,0.));
#241 = PCURVE('',#134,#242);
#242 = DEFINITIONAL_REPRESENTATION('',(#243),#247);
#243 = CIRCLE('',#244,13.);
#244 = AXIS2_PLACEMENT_2D('',#245,#246);
#245 = CARTESIAN_POINT('',(13.,13.));
#246 = DIRECTION('',(0.,-1.));
#247 = ( GEOMETRIC_REPRESENTATION_CONTEXT(2) 
PARAMETRIC_REPRESENTATION_CONTEXT() REPRESENTATION_CONTEXT('2D SPACE',''
  ) );
#248 = PCURVE('',#162,#249);
#249 = DEFINITIONAL_REPRESENTATION('',(#250),#254);
#250 = LINE('',#251,#252);
#251 = CARTESIAN_POINT('',(-4.712388980385,27.94));
#252 = VECTOR('',#253,1.);
#253 = DIRECTION('',(1.,0.));
#254 = ( GEOMETRIC_REPRESENTATION_CONTEXT(2) 
PARAMETRIC_REPRESENTATION_CONTEXT() REPRESENTATION_CONTEXT('2D SPACE',''
  ) );
#255 = ORIENTED_EDGE('',*,*,#256,.T.);
#256 = EDGE_CURVE('',#233,#257,#259,.T.);
#257 = VERTEX_POINT('',#258);
#258 = CARTESIAN_POINT('',(35.26,-82.55,13.97));
#259 = SURFACE_CURVE('',#260,(#264,#271),.PCURVE_S1.);
#260 = LINE('',#261,#262);
#261 = CARTESIAN_POINT('',(-48.26,-82.55,13.97));
#262 = VECTOR('',#263,1.);
#263 = DIRECTION('',(1.,0.,-0.));
#264 = PCURVE('',#134,#265);
#265 = DEFINITIONAL_REPRESENTATION('',(#266),#270);
#266 = LINE('',#267,#268);
#267 = CARTESIAN_POINT('',(0.,0.));
#268 = VECTOR('',#269,1.);
#269 = DIRECTION('',(1.,0.));
#270 = ( GEOMETRIC_REPRESENTATION_CONTEXT(2) 
PARAMETRIC_REPRESENTATION_CONTEXT() REPRESENTATION_CONTEXT('2D SPACE',''
  ) );
#271 = PCURVE('',#272,#277);
#272 = PLANE('',#273);
#273 = AXIS2_PLACEMENT_3D('',#274,#275,#276);
#274 = CARTESIAN_POINT('',(-48.26,-82.55,-13.97));
#275 = DIRECTION('',(-0.,1.,0.));
#276 = DIRECTION('',(0.,0.,1.));
#277 = DEFINITIONAL_REPRESENTATION('',(#278),#282);
#278 = LINE('',#279,#280);
#279 = CARTESIAN_POINT('',(27.94,0.));
#280 = VECTOR('',#281,1.);
#281 = DIRECTION('',(0.,1.));
#282 = ( GEOMETRIC_REPRESENTATION_CONTEXT(2) 
PARAMETRIC_REPRESENTATION_CONTEXT() REPRESENTATION_CONTEXT('2D SPACE',''
  ) );
#283 = ORIENTED_EDGE('',*,*,#284,.F.);
#284 = EDGE_CURVE('',#285,#257,#287,.T.);
#285 = VERTEX_POINT('',#286);
#286 = CARTESIAN_POINT('',(48.26,-69.55,13.97));
#287 = SURFACE_CURVE('',#288,(#293,#304),.PCURVE_S1.);
#288 = CIRCLE('',#289,13.);
#289 = AXIS2_PLACEMENT_3D('',#290,#291,#292);
#290 = CARTESIAN_POINT('',(35.26,-69.55,13.97));
#291 = DIRECTION('',(-0.,-0.,-1.));
#292 = DIRECTION('',(0.,-1.,0.));
#293 = PCURVE('',#134,#294);
#294 = DEFINITIONAL_REPRESENTATION('',(#295),#303);
#295 = ( BOUNDED_CURVE() B_SPLINE_CURVE(2,(#296,#297,#298,#299,#300,#301
,#302),.UNSPECIFIED.,.T.,.F.) B_SPLINE_CURVE_WITH_KNOTS((1,2,2,2,2,1),(
    -2.094395102393,0.,2.094395102393,4.188790204786,6.28318530718,
8.377580409573),.UNSPECIFIED.) CURVE() GEOMETRIC_REPRESENTATION_ITEM() 
RATIONAL_B_SPLINE_CURVE((1.,0.5,1.,0.5,1.,0.5,1.)) REPRESENTATION_ITEM(
  '') );
#296 = CARTESIAN_POINT('',(83.52,0.));
#297 = CARTESIAN_POINT('',(61.003339501605,0.));
#298 = CARTESIAN_POINT('',(72.261669750802,19.5));
#299 = CARTESIAN_POINT('',(83.52,39.));
#300 = CARTESIAN_POINT('',(94.778330249198,19.5));
#301 = CARTESIAN_POINT('',(106.03666049839,1.95399252334E-14));
#302 = CARTESIAN_POINT('',(83.52,0.));
#303 = ( GEOMETRIC_REPRESENTATION_CONTEXT(2) 
PARAMETRIC_REPRESENTATION_CONTEXT() REPRESENTATION_CONTEXT('2D SPACE',''
  ) );
#304 = PCURVE('',#305,#310);
#305 = CYLINDRICAL_SURFACE('',#306,13.);
#306 = AXIS2_PLACEMENT_3D('',#307,#308,#309);
#307 = CARTESIAN_POINT('',(35.26,-69.55,-13.97));
#308 = DIRECTION('',(0.,0.,1.));
#309 = DIRECTION('',(1.,0.,-0.));
#310 = DEFINITIONAL_REPRESENTATION('',(#311),#315);
#311 = LINE('',#312,#313);
#312 = CARTESIAN_POINT('',(4.712388980385,27.94));
#313 = VECTOR('',#314,1.);
#314 = DIRECTION('',(-1.,0.));
#315 = ( GEOMETRIC_REPRESENTATION_CONTEXT(2) 
PARAMETRIC_REPRESENTATION_CONTEXT() REPRESENTATION_CONTEXT('2D SPACE',''
  ) );
#316 = ORIENTED_EDGE('',*,*,#317,.T.);
#317 = EDGE_CURVE('',#285,#318,#320,.T.);
#318 = VERTEX_POINT('',#319);
#319 = CARTESIAN_POINT('',(48.26,69.55,13.97));
#320 = SURFACE_CURVE('',#321,(#325,#332),.PCURVE_S1.);
#321 = LINE('',#322,#323);
#322 = CARTESIAN_POINT('',(48.26,-82.55,13.97));
#323 = VECTOR('',#324,1.);
#324 = DIRECTION('',(-0.,1.,0.));
#325 = PCURVE('',#134,#326);
#326 = DEFINITIONAL_REPRESENTATION('',(#327),#331);
#327 = LINE('',#328,#329);
#328 = CARTESIAN_POINT('',(96.52,0.));
#329 = VECTOR('',#330,1.);
#330 = DIRECTION('',(0.,1.));
#331 = ( GEOMETRIC_REPRESENTATION_CONTEXT(2) 
PARAMETRIC_REPRESENTATION_CONTEXT() REPRESENTATION_CONTEXT('2D SPACE',''
  ) );
#332 = PCURVE('',#333,#338);
#333 = PLANE('',#334);
#334 = AXIS2_PLACEMENT_3D('',#335,#336,#337);
#335 = CARTESIAN_POINT('',(48.26,-82.55,-13.97));
#336 = DIRECTION('',(1.,0.,-0.));
#337 = DIRECTION('',(0.,0.,1.));
#338 = DEFINITIONAL_REPRESENTATION('',(#339),#343);
#339 = LINE('',#340,#341);
#340 = CARTESIAN_POINT('',(27.94,0.));
#341 = VECTOR('',#342,1.);
#342 = DIRECTION('',(0.,-1.));
#343 = ( GEOMETRIC_REPRESENTATION_CONTEXT(2) 
PARAMETRIC_REPRESENTATION_CONTEXT() REPRESENTATION_CONTEXT('2D SPACE',''
  ) );
#344 = ORIENTED_EDGE('',*,*,#345,.T.);
#345 = EDGE_CURVE('',#318,#346,#348,.T.);
#346 = VERTEX_POINT('',#347);
#347 = CARTESIAN_POINT('',(35.26,82.55,13.97));
#348 = SURFACE_CURVE('',#349,(#354,#361),.PCURVE_S1.);
#349 = CIRCLE('',#350,13.);
#350 = AXIS2_PLACEMENT_3D('',#351,#352,#353);
#351 = CARTESIAN_POINT('',(35.26,69.55,13.97));
#352 = DIRECTION('',(0.,0.,1.));
#353 = DIRECTION('',(0.,-1.,0.));
#354 = PCURVE('',#134,#355);
#355 = DEFINITIONAL_REPRESENTATION('',(#356),#360);
#356 = CIRCLE('',#357,13.);
#357 = AXIS2_PLACEMENT_2D('',#358,#359);
#358 = CARTESIAN_POINT('',(83.52,152.1));
#359 = DIRECTION('',(0.,-1.));
#360 = ( GEOMETRIC_REPRESENTATION_CONTEXT(2) 
PARAMETRIC_REPRESENTATION_CONTEXT() REPRESENTATION_CONTEXT('2D SPACE',''
  ) );
#361 = PCURVE('',#362,#367);
#362 = CYLINDRICAL_SURFACE('',#363,13.);
#363 = AXIS2_PLACEMENT_3D('',#364,#365,#366);
#364 = CARTESIAN_POINT('',(35.26,69.55,-13.97));
#365 = DIRECTION('',(0.,0.,1.));
#366 = DIRECTION('',(1.,0.,-0.));
#367 = DEFINITIONAL_REPRESENTATION('',(#368),#372);
#368 = LINE('',#369,#370);
#369 = CARTESIAN_POINT('',(-1.570796326795,27.94));
#370 = VECTOR('',#371,1.);
#371 = DIRECTION('',(1.,0.));
#372 = ( GEOMETRIC_REPRESENTATION_CONTEXT(2) 
PARAMETRIC_REPRESENTATION_CONTEXT() REPRESENTATION_CONTEXT('2D SPACE',''
  ) );
#373 = ORIENTED_EDGE('',*,*,#374,.F.);
#374 = EDGE_CURVE('',#375,#346,#377,.T.);
#375 = VERTEX_POINT('',#376);
#376 = CARTESIAN_POINT('',(-35.26,82.55,13.97));
#377 = SURFACE_CURVE('',#378,(#382,#389),.PCURVE_S1.);
#378 = LINE('',#379,#380);
#379 = CARTESIAN_POINT('',(-48.26,82.55,13.97));
#380 = VECTOR('',#381,1.);
#381 = DIRECTION('',(1.,0.,-0.));
#382 = PCURVE('',#134,#383);
#383 = DEFINITIONAL_REPRESENTATION('',(#384),#388);
#384 = LINE('',#385,#386);
#385 = CARTESIAN_POINT('',(0.,165.1));
#386 = VECTOR('',#387,1.);
#387 = DIRECTION('',(1.,0.));
#388 = ( GEOMETRIC_REPRESENTATION_CONTEXT(2) 
PARAMETRIC_REPRESENTATION_CONTEXT() REPRESENTATION_CONTEXT('2D SPACE',''
  ) );
#389 = PCURVE('',#390,#395);
#390 = PLANE('',#391);
#391 = AXIS2_PLACEMENT_3D('',#392,#393,#394);
#392 = CARTESIAN_POINT('',(-48.26,82.55,-13.97));
#393 = DIRECTION('',(-0.,1.,0.));
#394 = DIRECTION('',(0.,0.,1.));
#395 = DEFINITIONAL_REPRESENTATION('',(#396),#400);
#396 = LINE('',#397,#398);
#397 = CARTESIAN_POINT('',(27.94,0.));
#398 = VECTOR('',#399,1.);
#399 = DIRECTION('',(0.,1.));
#400 = ( GEOMETRIC_REPRESENTATION_CONTEXT(2) 
PARAMETRIC_REPRESENTATION_CONTEXT() REPRESENTATION_CONTEXT('2D SPACE',''
  ) );
#401 = ORIENTED_EDGE('',*,*,#402,.F.);
#402 = EDGE_CURVE('',#114,#375,#403,.T.);
#403 = SURFACE_CURVE('',#404,(#409,#420),.PCURVE_S1.);
#404 = CIRCLE('',#405,13.);
#405 = AXIS2_PLACEMENT_3D('',#406,#407,#408);
#406 = CARTESIAN_POINT('',(-35.26,69.55,13.97));
#407 = DIRECTION('',(-0.,-0.,-1.));
#408 = DIRECTION('',(0.,-1.,0.));
#409 = PCURVE('',#134,#410);
#410 = DEFINITIONAL_REPRESENTATION('',(#411),#419);
#411 = ( BOUNDED_CURVE() B_SPLINE_CURVE(2,(#412,#413,#414,#415,#416,#417
,#418),.UNSPECIFIED.,.T.,.F.) B_SPLINE_CURVE_WITH_KNOTS((1,2,2,2,2,1),(
    -2.094395102393,0.,2.094395102393,4.188790204786,6.28318530718,
8.377580409573),.UNSPECIFIED.) CURVE() GEOMETRIC_REPRESENTATION_ITEM() 
RATIONAL_B_SPLINE_CURVE((1.,0.5,1.,0.5,1.,0.5,1.)) REPRESENTATION_ITEM(
  '') );
#412 = CARTESIAN_POINT('',(13.,139.1));
#413 = CARTESIAN_POINT('',(-9.516660498395,139.1));
#414 = CARTESIAN_POINT('',(1.741669750802,158.6));
#415 = CARTESIAN_POINT('',(13.,178.1));
#416 = CARTESIAN_POINT('',(24.258330249198,158.6));
#417 = CARTESIAN_POINT('',(35.516660498395,139.1));
#418 = CARTESIAN_POINT('',(13.,139.1));
#419 = ( GEOMETRIC_REPRESENTATION_CONTEXT(2) 
PARAMETRIC_REPRESENTATION_CONTEXT() REPRESENTATION_CONTEXT('2D SPACE',''
  ) );
#420 = PCURVE('',#216,#421);
#421 = DEFINITIONAL_REPRESENTATION('',(#422),#426);
#422 = LINE('',#423,#424);
#423 = CARTESIAN_POINT('',(1.570796326795,27.94));
#424 = VECTOR('',#425,1.);
#425 = DIRECTION('',(-1.,0.));
#426 = ( GEOMETRIC_REPRESENTATION_CONTEXT(2) 
PARAMETRIC_REPRESENTATION_CONTEXT() REPRESENTATION_CONTEXT('2D SPACE',''
  ) );
#427 = FACE_BOUND('',#428,.T.);
#428 = EDGE_LOOP('',(#429,#460,#486,#515,#541,#570,#596,#625));
#429 = ORIENTED_EDGE('',*,*,#430,.F.);
#430 = EDGE_CURVE('',#431,#433,#435,.T.);
#431 = VERTEX_POINT('',#432);
#432 = CARTESIAN_POINT('',(-35.55,-70.85,13.97));
#433 = VERTEX_POINT('',#434);
#434 = CARTESIAN_POINT('',(-27.55,-78.85,13.97));
#435 = SURFACE_CURVE('',#436,(#441,#448),.PCURVE_S1.);
#436 = CIRCLE('',#437,8.);
#437 = AXIS2_PLACEMENT_3D('',#438,#439,#440);
#438 = CARTESIAN_POINT('',(-27.55,-70.85,13.97));
#439 = DIRECTION('',(0.,0.,1.));
#440 = DIRECTION('',(-1.,-0.,0.));
#441 = PCURVE('',#134,#442);
#442 = DEFINITIONAL_REPRESENTATION('',(#443),#447);
#443 = CIRCLE('',#444,8.);
#444 = AXIS2_PLACEMENT_2D('',#445,#446);
#445 = CARTESIAN_POINT('',(20.71,11.7));
#446 = DIRECTION('',(-1.,0.));
#447 = ( GEOMETRIC_REPRESENTATION_CONTEXT(2) 
PARAMETRIC_REPRESENTATION_CONTEXT() REPRESENTATION_CONTEXT('2D SPACE',''
  ) );
#448 = PCURVE('',#449,#454);
#449 = CYLINDRICAL_SURFACE('',#450,8.);
#450 = AXIS2_PLACEMENT_3D('',#451,#452,#453);
#451 = CARTESIAN_POINT('',(-27.55,-70.85,9.97));
#452 = DIRECTION('',(0.,0.,1.));
#453 = DIRECTION('',(-1.,-0.,0.));
#454 = DEFINITIONAL_REPRESENTATION('',(#455),#459);
#455 = LINE('',#456,#457);
#456 = CARTESIAN_POINT('',(0.,4.));
#457 = VECTOR('',#458,1.);
#458 = DIRECTION('',(1.,0.));
#459 = ( GEOMETRIC_REPRESENTATION_CONTEXT(2) 
PARAMETRIC_REPRESENTATION_CONTEXT() REPRESENTATION_CONTEXT('2D SPACE',''
  ) );
#460 = ORIENTED_EDGE('',*,*,#461,.T.);
#461 = EDGE_CURVE('',#431,#462,#464,.T.);
#462 = VERTEX_POINT('',#463);
#463 = CARTESIAN_POINT('',(-35.55,52.85,13.97));
#464 = SURFACE_CURVE('',#465,(#469,#475),.PCURVE_S1.);
#465 = LINE('',#466,#467);
#466 = CARTESIAN_POINT('',(-35.55,-80.7,13.97));
#467 = VECTOR('',#468,1.);
#468 = DIRECTION('',(-0.,1.,0.));
#469 = PCURVE('',#134,#470);
#470 = DEFINITIONAL_REPRESENTATION('',(#471),#474);
#471 = B_SPLINE_CURVE_WITH_KNOTS('',1,(#472,#473),.UNSPECIFIED.,.F.,.F.,
  (2,2),(9.85,133.55),.PIECEWISE_BEZIER_KNOTS.);
#472 = CARTESIAN_POINT('',(12.71,11.7));
#473 = CARTESIAN_POINT('',(12.71,135.4));
#474 = ( GEOMETRIC_REPRESENTATION_CONTEXT(2) 
PARAMETRIC_REPRESENTATION_CONTEXT() REPRESENTATION_CONTEXT('2D SPACE',''
  ) );
#475 = PCURVE('',#476,#481);
#476 = PLANE('',#477);
#477 = AXIS2_PLACEMENT_3D('',#478,#479,#480);
#478 = CARTESIAN_POINT('',(-35.55,-78.85,9.97));
#479 = DIRECTION('',(1.,0.,-0.));
#480 = DIRECTION('',(0.,0.,1.));
#481 = DEFINITIONAL_REPRESENTATION('',(#482),#485);
#482 = B_SPLINE_CURVE_WITH_KNOTS('',1,(#483,#484),.UNSPECIFIED.,.F.,.F.,
  (2,2),(9.85,133.55),.PIECEWISE_BEZIER_KNOTS.);
#483 = CARTESIAN_POINT('',(4.,-8.));
#484 = CARTESIAN_POINT('',(4.,-131.7));
#485 = ( GEOMETRIC_REPRESENTATION_CONTEXT(2) 
PARAMETRIC_REPRESENTATION_CONTEXT() REPRESENTATION_CONTEXT('2D SPACE',''
  ) );
#486 = ORIENTED_EDGE('',*,*,#487,.F.);
#487 = EDGE_CURVE('',#488,#462,#490,.T.);
#488 = VERTEX_POINT('',#489);
#489 = CARTESIAN_POINT('',(-27.55,60.85,13.97));
#490 = SURFACE_CURVE('',#491,(#496,#503),.PCURVE_S1.);
#491 = CIRCLE('',#492,8.);
#492 = AXIS2_PLACEMENT_3D('',#493,#494,#495);
#493 = CARTESIAN_POINT('',(-27.55,52.85,13.97));
#494 = DIRECTION('',(0.,0.,1.));
#495 = DIRECTION('',(-1.,-0.,0.));
#496 = PCURVE('',#134,#497);
#497 = DEFINITIONAL_REPRESENTATION('',(#498),#502);
#498 = CIRCLE('',#499,8.);
#499 = AXIS2_PLACEMENT_2D('',#500,#501);
#500 = CARTESIAN_POINT('',(20.71,135.4));
#501 = DIRECTION('',(-1.,0.));
#502 = ( GEOMETRIC_REPRESENTATION_CONTEXT(2) 
PARAMETRIC_REPRESENTATION_CONTEXT() REPRESENTATION_CONTEXT('2D SPACE',''
  ) );
#503 = PCURVE('',#504,#509);
#504 = CYLINDRICAL_SURFACE('',#505,8.);
#505 = AXIS2_PLACEMENT_3D('',#506,#507,#508);
#506 = CARTESIAN_POINT('',(-27.55,52.85,9.97));
#507 = DIRECTION('',(0.,0.,1.));
#508 = DIRECTION('',(-1.,-0.,0.));
#509 = DEFINITIONAL_REPRESENTATION('',(#510),#514);
#510 = LINE('',#511,#512);
#511 = CARTESIAN_POINT('',(-6.28318530718,4.));
#512 = VECTOR('',#513,1.);
#513 = DIRECTION('',(1.,-0.));
#514 = ( GEOMETRIC_REPRESENTATION_CONTEXT(2) 
PARAMETRIC_REPRESENTATION_CONTEXT() REPRESENTATION_CONTEXT('2D SPACE',''
  ) );
#515 = ORIENTED_EDGE('',*,*,#516,.F.);
#516 = EDGE_CURVE('',#517,#488,#519,.T.);
#517 = VERTEX_POINT('',#518);
#518 = CARTESIAN_POINT('',(27.55,60.85,13.97));
#519 = SURFACE_CURVE('',#520,(#524,#530),.PCURVE_S1.);
#520 = LINE('',#521,#522);
#521 = CARTESIAN_POINT('',(-41.905,60.85,13.97));
#522 = VECTOR('',#523,1.);
#523 = DIRECTION('',(-1.,-0.,0.));
#524 = PCURVE('',#134,#525);
#525 = DEFINITIONAL_REPRESENTATION('',(#526),#529);
#526 = B_SPLINE_CURVE_WITH_KNOTS('',1,(#527,#528),.UNSPECIFIED.,.F.,.F.,
  (2,2),(-69.455,-14.355),.PIECEWISE_BEZIER_KNOTS.);
#527 = CARTESIAN_POINT('',(75.81,143.4));
#528 = CARTESIAN_POINT('',(20.71,143.4));
#529 = ( GEOMETRIC_REPRESENTATION_CONTEXT(2) 
PARAMETRIC_REPRESENTATION_CONTEXT() REPRESENTATION_CONTEXT('2D SPACE',''
  ) );
#530 = PCURVE('',#531,#536);
#531 = PLANE('',#532);
#532 = AXIS2_PLACEMENT_3D('',#533,#534,#535);
#533 = CARTESIAN_POINT('',(-35.55,60.85,9.97));
#534 = DIRECTION('',(-0.,1.,0.));
#535 = DIRECTION('',(0.,0.,1.));
#536 = DEFINITIONAL_REPRESENTATION('',(#537),#540);
#537 = B_SPLINE_CURVE_WITH_KNOTS('',1,(#538,#539),.UNSPECIFIED.,.F.,.F.,
  (2,2),(-69.455,-14.355),.PIECEWISE_BEZIER_KNOTS.);
#538 = CARTESIAN_POINT('',(4.,63.1));
#539 = CARTESIAN_POINT('',(4.,8.));
#540 = ( GEOMETRIC_REPRESENTATION_CONTEXT(2) 
PARAMETRIC_REPRESENTATION_CONTEXT() REPRESENTATION_CONTEXT('2D SPACE',''
  ) );
#541 = ORIENTED_EDGE('',*,*,#542,.F.);
#542 = EDGE_CURVE('',#543,#517,#545,.T.);
#543 = VERTEX_POINT('',#544);
#544 = CARTESIAN_POINT('',(35.55,52.85,13.97));
#545 = SURFACE_CURVE('',#546,(#551,#558),.PCURVE_S1.);
#546 = CIRCLE('',#547,8.);
#547 = AXIS2_PLACEMENT_3D('',#548,#549,#550);
#548 = CARTESIAN_POINT('',(27.55,52.85,13.97));
#549 = DIRECTION('',(0.,0.,1.));
#550 = DIRECTION('',(1.,0.,-0.));
#551 = PCURVE('',#134,#552);
#552 = DEFINITIONAL_REPRESENTATION('',(#553),#557);
#553 = CIRCLE('',#554,8.);
#554 = AXIS2_PLACEMENT_2D('',#555,#556);
#555 = CARTESIAN_POINT('',(75.81,135.4));
#556 = DIRECTION('',(1.,0.));
#557 = ( GEOMETRIC_REPRESENTATION_CONTEXT(2) 
PARAMETRIC_REPRESENTATION_CONTEXT() REPRESENTATION_CONTEXT('2D SPACE',''
  ) );
#558 = PCURVE('',#559,#564);
#559 = CYLINDRICAL_SURFACE('',#560,8.);
#560 = AXIS2_PLACEMENT_3D('',#561,#562,#563);
#561 = CARTESIAN_POINT('',(27.55,52.85,9.97));
#562 = DIRECTION('',(0.,0.,1.));
#563 = DIRECTION('',(1.,0.,-0.));
#564 = DEFINITIONAL_REPRESENTATION('',(#565),#569);
#565 = LINE('',#566,#567);
#566 = CARTESIAN_POINT('',(0.,4.));
#567 = VECTOR('',#568,1.);
#568 = DIRECTION('',(1.,0.));
#569 = ( GEOMETRIC_REPRESENTATION_CONTEXT(2) 
PARAMETRIC_REPRESENTATION_CONTEXT() REPRESENTATION_CONTEXT('2D SPACE',''
  ) );
#570 = ORIENTED_EDGE('',*,*,#571,.F.);
#571 = EDGE_CURVE('',#572,#543,#574,.T.);
#572 = VERTEX_POINT('',#573);
#573 = CARTESIAN_POINT('',(35.55,-70.85,13.97));
#574 = SURFACE_CURVE('',#575,(#579,#585),.PCURVE_S1.);
#575 = LINE('',#576,#577);
#576 = CARTESIAN_POINT('',(35.55,-80.7,13.97));
#577 = VECTOR('',#578,1.);
#578 = DIRECTION('',(-0.,1.,0.));
#579 = PCURVE('',#134,#580);
#580 = DEFINITIONAL_REPRESENTATION('',(#581),#584);
#581 = B_SPLINE_CURVE_WITH_KNOTS('',1,(#582,#583),.UNSPECIFIED.,.F.,.F.,
  (2,2),(9.85,133.55),.PIECEWISE_BEZIER_KNOTS.);
#582 = CARTESIAN_POINT('',(83.81,11.7));
#583 = CARTESIAN_POINT('',(83.81,135.4));
#584 = ( GEOMETRIC_REPRESENTATION_CONTEXT(2) 
PARAMETRIC_REPRESENTATION_CONTEXT() REPRESENTATION_CONTEXT('2D SPACE',''
  ) );
#585 = PCURVE('',#586,#591);
#586 = PLANE('',#587);
#587 = AXIS2_PLACEMENT_3D('',#588,#589,#590);
#588 = CARTESIAN_POINT('',(35.55,-78.85,9.97));
#589 = DIRECTION('',(1.,0.,-0.));
#590 = DIRECTION('',(0.,0.,1.));
#591 = DEFINITIONAL_REPRESENTATION('',(#592),#595);
#592 = B_SPLINE_CURVE_WITH_KNOTS('',1,(#593,#594),.UNSPECIFIED.,.F.,.F.,
  (2,2),(9.85,133.55),.PIECEWISE_BEZIER_KNOTS.);
#593 = CARTESIAN_POINT('',(4.,-8.));
#594 = CARTESIAN_POINT('',(4.,-131.7));
#595 = ( GEOMETRIC_REPRESENTATION_CONTEXT(2) 
PARAMETRIC_REPRESENTATION_CONTEXT() REPRESENTATION_CONTEXT('2D SPACE',''
  ) );
#596 = ORIENTED_EDGE('',*,*,#597,.F.);
#597 = EDGE_CURVE('',#598,#572,#600,.T.);
#598 = VERTEX_POINT('',#599);
#599 = CARTESIAN_POINT('',(27.55,-78.85,13.97));
#600 = SURFACE_CURVE('',#601,(#606,#613),.PCURVE_S1.);
#601 = CIRCLE('',#602,8.);
#602 = AXIS2_PLACEMENT_3D('',#603,#604,#605);
#603 = CARTESIAN_POINT('',(27.55,-70.85,13.97));
#604 = DIRECTION('',(0.,0.,1.));
#605 = DIRECTION('',(1.,0.,-0.));
#606 = PCURVE('',#134,#607);
#607 = DEFINITIONAL_REPRESENTATION('',(#608),#612);
#608 = CIRCLE('',#609,8.);
#609 = AXIS2_PLACEMENT_2D('',#610,#611);
#610 = CARTESIAN_POINT('',(75.81,11.7));
#611 = DIRECTION('',(1.,0.));
#612 = ( GEOMETRIC_REPRESENTATION_CONTEXT(2) 
PARAMETRIC_REPRESENTATION_CONTEXT() REPRESENTATION_CONTEXT('2D SPACE',''
  ) );
#613 = PCURVE('',#614,#619);
#614 = CYLINDRICAL_SURFACE('',#615,8.);
#615 = AXIS2_PLACEMENT_3D('',#616,#617,#618);
#616 = CARTESIAN_POINT('',(27.55,-70.85,9.97));
#617 = DIRECTION('',(0.,0.,1.));
#618 = DIRECTION('',(1.,0.,-0.));
#619 = DEFINITIONAL_REPRESENTATION('',(#620),#624);
#620 = LINE('',#621,#622);
#621 = CARTESIAN_POINT('',(-6.28318530718,4.));
#622 = VECTOR('',#623,1.);
#623 = DIRECTION('',(1.,-0.));
#624 = ( GEOMETRIC_REPRESENTATION_CONTEXT(2) 
PARAMETRIC_REPRESENTATION_CONTEXT() REPRESENTATION_CONTEXT('2D SPACE',''
  ) );
#625 = ORIENTED_EDGE('',*,*,#626,.T.);
#626 = EDGE_CURVE('',#598,#433,#627,.T.);
#627 = SURFACE_CURVE('',#628,(#632,#638),.PCURVE_S1.);
#628 = LINE('',#629,#630);
#629 = CARTESIAN_POINT('',(-41.905,-78.85,13.97));
#630 = VECTOR('',#631,1.);
#631 = DIRECTION('',(-1.,-0.,0.));
#632 = PCURVE('',#134,#633);
#633 = DEFINITIONAL_REPRESENTATION('',(#634),#637);
#634 = B_SPLINE_CURVE_WITH_KNOTS('',1,(#635,#636),.UNSPECIFIED.,.F.,.F.,
  (2,2),(-69.455,-14.355),.PIECEWISE_BEZIER_KNOTS.);
#635 = CARTESIAN_POINT('',(75.81,3.7));
#636 = CARTESIAN_POINT('',(20.71,3.7));
#637 = ( GEOMETRIC_REPRESENTATION_CONTEXT(2) 
PARAMETRIC_REPRESENTATION_CONTEXT() REPRESENTATION_CONTEXT('2D SPACE',''
  ) );
#638 = PCURVE('',#639,#644);
#639 = PLANE('',#640);
#640 = AXIS2_PLACEMENT_3D('',#641,#642,#643);
#641 = CARTESIAN_POINT('',(-35.55,-78.85,9.97));
#642 = DIRECTION('',(-0.,1.,0.));
#643 = DIRECTION('',(0.,0.,1.));
#644 = DEFINITIONAL_REPRESENTATION('',(#645),#648);
#645 = B_SPLINE_CURVE_WITH_KNOTS('',1,(#646,#647),.UNSPECIFIED.,.F.,.F.,
  (2,2),(-69.455,-14.355),.PIECEWISE_BEZIER_KNOTS.);
#646 = CARTESIAN_POINT('',(4.,63.1));
#647 = CARTESIAN_POINT('',(4.,8.));
#648 = ( GEOMETRIC_REPRESENTATION_CONTEXT(2) 
PARAMETRIC_REPRESENTATION_CONTEXT() REPRESENTATION_CONTEXT('2D SPACE',''
  ) );
#649 = ADVANCED_FACE('',(#650),#162,.T.);
#650 = FACE_BOUND('',#651,.T.);
#651 = EDGE_LOOP('',(#652,#676,#697,#698));
#652 = ORIENTED_EDGE('',*,*,#653,.T.);
#653 = EDGE_CURVE('',#147,#654,#656,.T.);
#654 = VERTEX_POINT('',#655);
#655 = CARTESIAN_POINT('',(-35.26,-82.55,-13.97));
#656 = SURFACE_CURVE('',#657,(#662,#669),.PCURVE_S1.);
#657 = CIRCLE('',#658,13.);
#658 = AXIS2_PLACEMENT_3D('',#659,#660,#661);
#659 = CARTESIAN_POINT('',(-35.26,-69.55,-13.97));
#660 = DIRECTION('',(0.,0.,1.));
#661 = DIRECTION('',(0.,-1.,0.));
#662 = PCURVE('',#162,#663);
#663 = DEFINITIONAL_REPRESENTATION('',(#664),#668);
#664 = LINE('',#665,#666);
#665 = CARTESIAN_POINT('',(-4.712388980385,0.));
#666 = VECTOR('',#667,1.);
#667 = DIRECTION('',(1.,0.));
#668 = ( GEOMETRIC_REPRESENTATION_CONTEXT(2) 
PARAMETRIC_REPRESENTATION_CONTEXT() REPRESENTATION_CONTEXT('2D SPACE',''
  ) );
#669 = PCURVE('',#190,#670);
#670 = DEFINITIONAL_REPRESENTATION('',(#671),#675);
#671 = CIRCLE('',#672,13.);
#672 = AXIS2_PLACEMENT_2D('',#673,#674);
#673 = CARTESIAN_POINT('',(13.,13.));
#674 = DIRECTION('',(0.,-1.));
#675 = ( GEOMETRIC_REPRESENTATION_CONTEXT(2) 
PARAMETRIC_REPRESENTATION_CONTEXT() REPRESENTATION_CONTEXT('2D SPACE',''
  ) );
#676 = ORIENTED_EDGE('',*,*,#677,.T.);
#677 = EDGE_CURVE('',#654,#233,#678,.T.);
#678 = SURFACE_CURVE('',#679,(#683,#690),.PCURVE_S1.);
#679 = LINE('',#680,#681);
#680 = CARTESIAN_POINT('',(-35.26,-82.55,-13.97));
#681 = VECTOR('',#682,1.);
#682 = DIRECTION('',(0.,0.,1.));
#683 = PCURVE('',#162,#684);
#684 = DEFINITIONAL_REPRESENTATION('',(#685),#689);
#685 = LINE('',#686,#687);
#686 = CARTESIAN_POINT('',(1.570796326795,0.));
#687 = VECTOR('',#688,1.);
#688 = DIRECTION('',(0.,1.));
#689 = ( GEOMETRIC_REPRESENTATION_CONTEXT(2) 
PARAMETRIC_REPRESENTATION_CONTEXT() REPRESENTATION_CONTEXT('2D SPACE',''
  ) );
#690 = PCURVE('',#272,#691);
#691 = DEFINITIONAL_REPRESENTATION('',(#692),#696);
#692 = LINE('',#693,#694);
#693 = CARTESIAN_POINT('',(0.,13.));
#694 = VECTOR('',#695,1.);
#695 = DIRECTION('',(1.,0.));
#696 = ( GEOMETRIC_REPRESENTATION_CONTEXT(2) 
PARAMETRIC_REPRESENTATION_CONTEXT() REPRESENTATION_CONTEXT('2D SPACE',''
  ) );
#697 = ORIENTED_EDGE('',*,*,#232,.F.);
#698 = ORIENTED_EDGE('',*,*,#146,.F.);
#699 = ADVANCED_FACE('',(#700),#216,.T.);
#700 = FACE_BOUND('',#701,.F.);
#701 = EDGE_LOOP('',(#702,#730,#751,#752));
#702 = ORIENTED_EDGE('',*,*,#703,.T.);
#703 = EDGE_CURVE('',#175,#704,#706,.T.);
#704 = VERTEX_POINT('',#705);
#705 = CARTESIAN_POINT('',(-35.26,82.55,-13.97));
#706 = SURFACE_CURVE('',#707,(#712,#719),.PCURVE_S1.);
#707 = CIRCLE('',#708,13.);
#708 = AXIS2_PLACEMENT_3D('',#709,#710,#711);
#709 = CARTESIAN_POINT('',(-35.26,69.55,-13.97));
#710 = DIRECTION('',(-0.,-0.,-1.));
#711 = DIRECTION('',(0.,-1.,0.));
#712 = PCURVE('',#216,#713);
#713 = DEFINITIONAL_REPRESENTATION('',(#714),#718);
#714 = LINE('',#715,#716);
#715 = CARTESIAN_POINT('',(1.570796326795,-0.));
#716 = VECTOR('',#717,1.);
#717 = DIRECTION('',(-1.,0.));
#718 = ( GEOMETRIC_REPRESENTATION_CONTEXT(2) 
PARAMETRIC_REPRESENTATION_CONTEXT() REPRESENTATION_CONTEXT('2D SPACE',''
  ) );
#719 = PCURVE('',#190,#720);
#720 = DEFINITIONAL_REPRESENTATION('',(#721),#729);
#721 = ( BOUNDED_CURVE() B_SPLINE_CURVE(2,(#722,#723,#724,#725,#726,#727
,#728),.UNSPECIFIED.,.T.,.F.) B_SPLINE_CURVE_WITH_KNOTS((1,2,2,2,2,1),(
    -2.094395102393,0.,2.094395102393,4.188790204786,6.28318530718,
8.377580409573),.UNSPECIFIED.) CURVE() GEOMETRIC_REPRESENTATION_ITEM() 
RATIONAL_B_SPLINE_CURVE((1.,0.5,1.,0.5,1.,0.5,1.)) REPRESENTATION_ITEM(
  '') );
#722 = CARTESIAN_POINT('',(13.,139.1));
#723 = CARTESIAN_POINT('',(-9.516660498395,139.1));
#724 = CARTESIAN_POINT('',(1.741669750802,158.6));
#725 = CARTESIAN_POINT('',(13.,178.1));
#726 = CARTESIAN_POINT('',(24.258330249198,158.6));
#727 = CARTESIAN_POINT('',(35.516660498395,139.1));
#728 = CARTESIAN_POINT('',(13.,139.1));
#729 = ( GEOMETRIC_REPRESENTATION_CONTEXT(2) 
PARAMETRIC_REPRESENTATION_CONTEXT() REPRESENTATION_CONTEXT('2D SPACE',''
  ) );
#730 = ORIENTED_EDGE('',*,*,#731,.T.);
#731 = EDGE_CURVE('',#704,#375,#732,.T.);
#732 = SURFACE_CURVE('',#733,(#737,#744),.PCURVE_S1.);
#733 = LINE('',#734,#735);
#734 = CARTESIAN_POINT('',(-35.26,82.55,-13.97));
#735 = VECTOR('',#736,1.);
#736 = DIRECTION('',(0.,0.,1.));
#737 = PCURVE('',#216,#738);
#738 = DEFINITIONAL_REPRESENTATION('',(#739),#743);
#739 = LINE('',#740,#741);
#740 = CARTESIAN_POINT('',(-1.570796326795,0.));
#741 = VECTOR('',#742,1.);
#742 = DIRECTION('',(-0.,1.));
#743 = ( GEOMETRIC_REPRESENTATION_CONTEXT(2) 
PARAMETRIC_REPRESENTATION_CONTEXT() REPRESENTATION_CONTEXT('2D SPACE',''
  ) );
#744 = PCURVE('',#390,#745);
#745 = DEFINITIONAL_REPRESENTATION('',(#746),#750);
#746 = LINE('',#747,#748);
#747 = CARTESIAN_POINT('',(0.,13.));
#748 = VECTOR('',#749,1.);
#749 = DIRECTION('',(1.,0.));
#750 = ( GEOMETRIC_REPRESENTATION_CONTEXT(2) 
PARAMETRIC_REPRESENTATION_CONTEXT() REPRESENTATION_CONTEXT('2D SPACE',''
  ) );
#751 = ORIENTED_EDGE('',*,*,#402,.F.);
#752 = ORIENTED_EDGE('',*,*,#202,.F.);
#753 = ADVANCED_FACE('',(#754,#878),#190,.F.);
#754 = FACE_BOUND('',#755,.F.);
#755 = EDGE_LOOP('',(#756,#757,#758,#781,#809,#832,#856,#877));
#756 = ORIENTED_EDGE('',*,*,#174,.F.);
#757 = ORIENTED_EDGE('',*,*,#653,.T.);
#758 = ORIENTED_EDGE('',*,*,#759,.T.);
#759 = EDGE_CURVE('',#654,#760,#762,.T.);
#760 = VERTEX_POINT('',#761);
#761 = CARTESIAN_POINT('',(35.26,-82.55,-13.97));
#762 = SURFACE_CURVE('',#763,(#767,#774),.PCURVE_S1.);
#763 = LINE('',#764,#765);
#764 = CARTESIAN_POINT('',(-48.26,-82.55,-13.97));
#765 = VECTOR('',#766,1.);
#766 = DIRECTION('',(1.,0.,-0.));
#767 = PCURVE('',#190,#768);
#768 = DEFINITIONAL_REPRESENTATION('',(#769),#773);
#769 = LINE('',#770,#771);
#770 = CARTESIAN_POINT('',(0.,0.));
#771 = VECTOR('',#772,1.);
#772 = DIRECTION('',(1.,0.));
#773 = ( GEOMETRIC_REPRESENTATION_CONTEXT(2) 
PARAMETRIC_REPRESENTATION_CONTEXT() REPRESENTATION_CONTEXT('2D SPACE',''
  ) );
#774 = PCURVE('',#272,#775);
#775 = DEFINITIONAL_REPRESENTATION('',(#776),#780);
#776 = LINE('',#777,#778);
#777 = CARTESIAN_POINT('',(0.,0.));
#778 = VECTOR('',#779,1.);
#779 = DIRECTION('',(0.,1.));
#780 = ( GEOMETRIC_REPRESENTATION_CONTEXT(2) 
PARAMETRIC_REPRESENTATION_CONTEXT() REPRESENTATION_CONTEXT('2D SPACE',''
  ) );
#781 = ORIENTED_EDGE('',*,*,#782,.F.);
#782 = EDGE_CURVE('',#783,#760,#785,.T.);
#783 = VERTEX_POINT('',#784);
#784 = CARTESIAN_POINT('',(48.26,-69.55,-13.97));
#785 = SURFACE_CURVE('',#786,(#791,#802),.PCURVE_S1.);
#786 = CIRCLE('',#787,13.);
#787 = AXIS2_PLACEMENT_3D('',#788,#789,#790);
#788 = CARTESIAN_POINT('',(35.26,-69.55,-13.97));
#789 = DIRECTION('',(-0.,-0.,-1.));
#790 = DIRECTION('',(0.,-1.,0.));
#791 = PCURVE('',#190,#792);
#792 = DEFINITIONAL_REPRESENTATION('',(#793),#801);
#793 = ( BOUNDED_CURVE() B_SPLINE_CURVE(2,(#794,#795,#796,#797,#798,#799
,#800),.UNSPECIFIED.,.T.,.F.) B_SPLINE_CURVE_WITH_KNOTS((1,2,2,2,2,1),(
    -2.094395102393,0.,2.094395102393,4.188790204786,6.28318530718,
8.377580409573),.UNSPECIFIED.) CURVE() GEOMETRIC_REPRESENTATION_ITEM() 
RATIONAL_B_SPLINE_CURVE((1.,0.5,1.,0.5,1.,0.5,1.)) REPRESENTATION_ITEM(
  '') );
#794 = CARTESIAN_POINT('',(83.52,0.));
#795 = CARTESIAN_POINT('',(61.003339501605,0.));
#796 = CARTESIAN_POINT('',(72.261669750802,19.5));
#797 = CARTESIAN_POINT('',(83.52,39.));
#798 = CARTESIAN_POINT('',(94.778330249198,19.5));
#799 = CARTESIAN_POINT('',(106.03666049839,1.95399252334E-14));
#800 = CARTESIAN_POINT('',(83.52,0.));
#801 = ( GEOMETRIC_REPRESENTATION_CONTEXT(2) 
PARAMETRIC_REPRESENTATION_CONTEXT() REPRESENTATION_CONTEXT('2D SPACE',''
  ) );
#802 = PCURVE('',#305,#803);
#803 = DEFINITIONAL_REPRESENTATION('',(#804),#808);
#804 = LINE('',#805,#806);
#805 = CARTESIAN_POINT('',(4.712388980385,-0.));
#806 = VECTOR('',#807,1.);
#807 = DIRECTION('',(-1.,0.));
#808 = ( GEOMETRIC_REPRESENTATION_CONTEXT(2) 
PARAMETRIC_REPRESENTATION_CONTEXT() REPRESENTATION_CONTEXT('2D SPACE',''
  ) );
#809 = ORIENTED_EDGE('',*,*,#810,.T.);
#810 = EDGE_CURVE('',#783,#811,#813,.T.);
#811 = VERTEX_POINT('',#812);
#812 = CARTESIAN_POINT('',(48.26,69.55,-13.97));
#813 = SURFACE_CURVE('',#814,(#818,#825),.PCURVE_S1.);
#814 = LINE('',#815,#816);
#815 = CARTESIAN_POINT('',(48.26,-82.55,-13.97));
#816 = VECTOR('',#817,1.);
#817 = DIRECTION('',(-0.,1.,0.));
#818 = PCURVE('',#190,#819);
#819 = DEFINITIONAL_REPRESENTATION('',(#820),#824);
#820 = LINE('',#821,#822);
#821 = CARTESIAN_POINT('',(96.52,0.));
#822 = VECTOR('',#823,1.);
#823 = DIRECTION('',(0.,1.));
#824 = ( GEOMETRIC_REPRESENTATION_CONTEXT(2) 
PARAMETRIC_REPRESENTATION_CONTEXT() REPRESENTATION_CONTEXT('2D SPACE',''
  ) );
#825 = PCURVE('',#333,#826);
#826 = DEFINITIONAL_REPRESENTATION('',(#827),#831);
#827 = LINE('',#828,#829);
#828 = CARTESIAN_POINT('',(0.,0.));
#829 = VECTOR('',#830,1.);
#830 = DIRECTION('',(0.,-1.));
#831 = ( GEOMETRIC_REPRESENTATION_CONTEXT(2) 
PARAMETRIC_REPRESENTATION_CONTEXT() REPRESENTATION_CONTEXT('2D SPACE',''
  ) );
#832 = ORIENTED_EDGE('',*,*,#833,.T.);
#833 = EDGE_CURVE('',#811,#834,#836,.T.);
#834 = VERTEX_POINT('',#835);
#835 = CARTESIAN_POINT('',(35.26,82.55,-13.97));
#836 = SURFACE_CURVE('',#837,(#842,#849),.PCURVE_S1.);
#837 = CIRCLE('',#838,13.);
#838 = AXIS2_PLACEMENT_3D('',#839,#840,#841);
#839 = CARTESIAN_POINT('',(35.26,69.55,-13.97));
#840 = DIRECTION('',(0.,0.,1.));
#841 = DIRECTION('',(0.,-1.,0.));
#842 = PCURVE('',#190,#843);
#843 = DEFINITIONAL_REPRESENTATION('',(#844),#848);
#844 = CIRCLE('',#845,13.);
#845 = AXIS2_PLACEMENT_2D('',#846,#847);
#846 = CARTESIAN_POINT('',(83.52,152.1));
#847 = DIRECTION('',(0.,-1.));
#848 = ( GEOMETRIC_REPRESENTATION_CONTEXT(2) 
PARAMETRIC_REPRESENTATION_CONTEXT() REPRESENTATION_CONTEXT('2D SPACE',''
  ) );
#849 = PCURVE('',#362,#850);
#850 = DEFINITIONAL_REPRESENTATION('',(#851),#855);
#851 = LINE('',#852,#853);
#852 = CARTESIAN_POINT('',(-1.570796326795,0.));
#853 = VECTOR('',#854,1.);
#854 = DIRECTION('',(1.,0.));
#855 = ( GEOMETRIC_REPRESENTATION_CONTEXT(2) 
PARAMETRIC_REPRESENTATION_CONTEXT() REPRESENTATION_CONTEXT('2D SPACE',''
  ) );
#856 = ORIENTED_EDGE('',*,*,#857,.F.);
#857 = EDGE_CURVE('',#704,#834,#858,.T.);
#858 = SURFACE_CURVE('',#859,(#863,#870),.PCURVE_S1.);
#859 = LINE('',#860,#861);
#860 = CARTESIAN_POINT('',(-48.26,82.55,-13.97));
#861 = VECTOR('',#862,1.);
#862 = DIRECTION('',(1.,0.,-0.));
#863 = PCURVE('',#190,#864);
#864 = DEFINITIONAL_REPRESENTATION('',(#865),#869);
#865 = LINE('',#866,#867);
#866 = CARTESIAN_POINT('',(0.,165.1));
#867 = VECTOR('',#868,1.);
#868 = DIRECTION('',(1.,0.));
#869 = ( GEOMETRIC_REPRESENTATION_CONTEXT(2) 
PARAMETRIC_REPRESENTATION_CONTEXT() REPRESENTATION_CONTEXT('2D SPACE',''
  ) );
#870 = PCURVE('',#390,#871);
#871 = DEFINITIONAL_REPRESENTATION('',(#872),#876);
#872 = LINE('',#873,#874);
#873 = CARTESIAN_POINT('',(0.,0.));
#874 = VECTOR('',#875,1.);
#875 = DIRECTION('',(0.,1.));
#876 = ( GEOMETRIC_REPRESENTATION_CONTEXT(2) 
PARAMETRIC_REPRESENTATION_CONTEXT() REPRESENTATION_CONTEXT('2D SPACE',''
  ) );
#877 = ORIENTED_EDGE('',*,*,#703,.F.);
#878 = FACE_BOUND('',#879,.F.);
#879 = EDGE_LOOP('',(#880,#911,#937,#966,#992,#1021,#1047,#1076));
#880 = ORIENTED_EDGE('',*,*,#881,.F.);
#881 = EDGE_CURVE('',#882,#884,#886,.T.);
#882 = VERTEX_POINT('',#883);
#883 = CARTESIAN_POINT('',(-45.76,-69.55,-13.97));
#884 = VERTEX_POINT('',#885);
#885 = CARTESIAN_POINT('',(-35.26,-80.05,-13.97));
#886 = SURFACE_CURVE('',#887,(#892,#899),.PCURVE_S1.);
#887 = CIRCLE('',#888,10.5);
#888 = AXIS2_PLACEMENT_3D('',#889,#890,#891);
#889 = CARTESIAN_POINT('',(-35.26,-69.55,-13.97));
#890 = DIRECTION('',(0.,0.,1.));
#891 = DIRECTION('',(-1.,-0.,0.));
#892 = PCURVE('',#190,#893);
#893 = DEFINITIONAL_REPRESENTATION('',(#894),#898);
#894 = CIRCLE('',#895,10.5);
#895 = AXIS2_PLACEMENT_2D('',#896,#897);
#896 = CARTESIAN_POINT('',(13.,13.));
#897 = DIRECTION('',(-1.,0.));
#898 = ( GEOMETRIC_REPRESENTATION_CONTEXT(2) 
PARAMETRIC_REPRESENTATION_CONTEXT() REPRESENTATION_CONTEXT('2D SPACE',''
  ) );
#899 = PCURVE('',#900,#905);
#900 = CYLINDRICAL_SURFACE('',#901,10.5);
#901 = AXIS2_PLACEMENT_3D('',#902,#903,#904);
#902 = CARTESIAN_POINT('',(-35.26,-69.55,-14.97));
#903 = DIRECTION('',(0.,0.,1.));
#904 = DIRECTION('',(-1.,-0.,0.));
#905 = DEFINITIONAL_REPRESENTATION('',(#906),#910);
#906 = LINE('',#907,#908);
#907 = CARTESIAN_POINT('',(0.,1.));
#908 = VECTOR('',#909,1.);
#909 = DIRECTION('',(1.,0.));
#910 = ( GEOMETRIC_REPRESENTATION_CONTEXT(2) 
PARAMETRIC_REPRESENTATION_CONTEXT() REPRESENTATION_CONTEXT('2D SPACE',''
  ) );
#911 = ORIENTED_EDGE('',*,*,#912,.T.);
#912 = EDGE_CURVE('',#882,#913,#915,.T.);
#913 = VERTEX_POINT('',#914);
#914 = CARTESIAN_POINT('',(-45.76,69.55,-13.97));
#915 = SURFACE_CURVE('',#916,(#920,#926),.PCURVE_S1.);
#916 = LINE('',#917,#918);
#917 = CARTESIAN_POINT('',(-45.76,-81.3,-13.97));
#918 = VECTOR('',#919,1.);
#919 = DIRECTION('',(-0.,1.,0.));
#920 = PCURVE('',#190,#921);
#921 = DEFINITIONAL_REPRESENTATION('',(#922),#925);
#922 = B_SPLINE_CURVE_WITH_KNOTS('',1,(#923,#924),.UNSPECIFIED.,.F.,.F.,
  (2,2),(11.75,150.85),.PIECEWISE_BEZIER_KNOTS.);
#923 = CARTESIAN_POINT('',(2.5,13.));
#924 = CARTESIAN_POINT('',(2.5,152.1));
#925 = ( GEOMETRIC_REPRESENTATION_CONTEXT(2) 
PARAMETRIC_REPRESENTATION_CONTEXT() REPRESENTATION_CONTEXT('2D SPACE',''
  ) );
#926 = PCURVE('',#927,#932);
#927 = PLANE('',#928);
#928 = AXIS2_PLACEMENT_3D('',#929,#930,#931);
#929 = CARTESIAN_POINT('',(-45.76,-80.05,-14.97));
#930 = DIRECTION('',(1.,0.,-0.));
#931 = DIRECTION('',(0.,0.,1.));
#932 = DEFINITIONAL_REPRESENTATION('',(#933),#936);
#933 = B_SPLINE_CURVE_WITH_KNOTS('',1,(#934,#935),.UNSPECIFIED.,.F.,.F.,
  (2,2),(11.75,150.85),.PIECEWISE_BEZIER_KNOTS.);
#934 = CARTESIAN_POINT('',(1.,-10.5));
#935 = CARTESIAN_POINT('',(1.,-149.6));
#936 = ( GEOMETRIC_REPRESENTATION_CONTEXT(2) 
PARAMETRIC_REPRESENTATION_CONTEXT() REPRESENTATION_CONTEXT('2D SPACE',''
  ) );
#937 = ORIENTED_EDGE('',*,*,#938,.F.);
#938 = EDGE_CURVE('',#939,#913,#941,.T.);
#939 = VERTEX_POINT('',#940);
#940 = CARTESIAN_POINT('',(-35.26,80.05,-13.97));
#941 = SURFACE_CURVE('',#942,(#947,#954),.PCURVE_S1.);
#942 = CIRCLE('',#943,10.5);
#943 = AXIS2_PLACEMENT_3D('',#944,#945,#946);
#944 = CARTESIAN_POINT('',(-35.26,69.55,-13.97));
#945 = DIRECTION('',(0.,0.,1.));
#946 = DIRECTION('',(-1.,-0.,0.));
#947 = PCURVE('',#190,#948);
#948 = DEFINITIONAL_REPRESENTATION('',(#949),#953);
#949 = CIRCLE('',#950,10.5);
#950 = AXIS2_PLACEMENT_2D('',#951,#952);
#951 = CARTESIAN_POINT('',(13.,152.1));
#952 = DIRECTION('',(-1.,0.));
#953 = ( GEOMETRIC_REPRESENTATION_CONTEXT(2) 
PARAMETRIC_REPRESENTATION_CONTEXT() REPRESENTATION_CONTEXT('2D SPACE',''
  ) );
#954 = PCURVE('',#955,#960);
#955 = CYLINDRICAL_SURFACE('',#956,10.5);
#956 = AXIS2_PLACEMENT_3D('',#957,#958,#959);
#957 = CARTESIAN_POINT('',(-35.26,69.55,-14.97));
#958 = DIRECTION('',(0.,0.,1.));
#959 = DIRECTION('',(-1.,-0.,0.));
#960 = DEFINITIONAL_REPRESENTATION('',(#961),#965);
#961 = LINE('',#962,#963);
#962 = CARTESIAN_POINT('',(-6.28318530718,1.));
#963 = VECTOR('',#964,1.);
#964 = DIRECTION('',(1.,-0.));
#965 = ( GEOMETRIC_REPRESENTATION_CONTEXT(2) 
PARAMETRIC_REPRESENTATION_CONTEXT() REPRESENTATION_CONTEXT('2D SPACE',''
  ) );
#966 = ORIENTED_EDGE('',*,*,#967,.F.);
#967 = EDGE_CURVE('',#968,#939,#970,.T.);
#968 = VERTEX_POINT('',#969);
#969 = CARTESIAN_POINT('',(35.26,80.05,-13.97));
#970 = SURFACE_CURVE('',#971,(#975,#981),.PCURVE_S1.);
#971 = LINE('',#972,#973);
#972 = CARTESIAN_POINT('',(-47.01,80.05,-13.97));
#973 = VECTOR('',#974,1.);
#974 = DIRECTION('',(-1.,-0.,0.));
#975 = PCURVE('',#190,#976);
#976 = DEFINITIONAL_REPRESENTATION('',(#977),#980);
#977 = B_SPLINE_CURVE_WITH_KNOTS('',1,(#978,#979),.UNSPECIFIED.,.F.,.F.,
  (2,2),(-82.27,-11.75),.PIECEWISE_BEZIER_KNOTS.);
#978 = CARTESIAN_POINT('',(83.52,162.6));
#979 = CARTESIAN_POINT('',(13.,162.6));
#980 = ( GEOMETRIC_REPRESENTATION_CONTEXT(2) 
PARAMETRIC_REPRESENTATION_CONTEXT() REPRESENTATION_CONTEXT('2D SPACE',''
  ) );
#981 = PCURVE('',#982,#987);
#982 = PLANE('',#983);
#983 = AXIS2_PLACEMENT_3D('',#984,#985,#986);
#984 = CARTESIAN_POINT('',(-45.76,80.05,-14.97));
#985 = DIRECTION('',(-0.,1.,0.));
#986 = DIRECTION('',(0.,0.,1.));
#987 = DEFINITIONAL_REPRESENTATION('',(#988),#991);
#988 = B_SPLINE_CURVE_WITH_KNOTS('',1,(#989,#990),.UNSPECIFIED.,.F.,.F.,
  (2,2),(-82.27,-11.75),.PIECEWISE_BEZIER_KNOTS.);
#989 = CARTESIAN_POINT('',(1.,81.02));
#990 = CARTESIAN_POINT('',(1.,10.5));
#991 = ( GEOMETRIC_REPRESENTATION_CONTEXT(2) 
PARAMETRIC_REPRESENTATION_CONTEXT() REPRESENTATION_CONTEXT('2D SPACE',''
  ) );
#992 = ORIENTED_EDGE('',*,*,#993,.F.);
#993 = EDGE_CURVE('',#994,#968,#996,.T.);
#994 = VERTEX_POINT('',#995);
#995 = CARTESIAN_POINT('',(45.76,69.55,-13.97));
#996 = SURFACE_CURVE('',#997,(#1002,#1009),.PCURVE_S1.);
#997 = CIRCLE('',#998,10.5);
#998 = AXIS2_PLACEMENT_3D('',#999,#1000,#1001);
#999 = CARTESIAN_POINT('',(35.26,69.55,-13.97));
#1000 = DIRECTION('',(0.,0.,1.));
#1001 = DIRECTION('',(1.,0.,-0.));
#1002 = PCURVE('',#190,#1003);
#1003 = DEFINITIONAL_REPRESENTATION('',(#1004),#1008);
#1004 = CIRCLE('',#1005,10.5);
#1005 = AXIS2_PLACEMENT_2D('',#1006,#1007);
#1006 = CARTESIAN_POINT('',(83.52,152.1));
#1007 = DIRECTION('',(1.,0.));
#1008 = ( GEOMETRIC_REPRESENTATION_CONTEXT(2) 
PARAMETRIC_REPRESENTATION_CONTEXT() REPRESENTATION_CONTEXT('2D SPACE',''
  ) );
#1009 = PCURVE('',#1010,#1015);
#1010 = CYLINDRICAL_SURFACE('',#1011,10.5);
#1011 = AXIS2_PLACEMENT_3D('',#1012,#1013,#1014);
#1012 = CARTESIAN_POINT('',(35.26,69.55,-14.97));
#1013 = DIRECTION('',(0.,0.,1.));
#1014 = DIRECTION('',(1.,0.,-0.));
#1015 = DEFINITIONAL_REPRESENTATION('',(#1016),#1020);
#1016 = LINE('',#1017,#1018);
#1017 = CARTESIAN_POINT('',(0.,1.));
#1018 = VECTOR('',#1019,1.);
#1019 = DIRECTION('',(1.,0.));
#1020 = ( GEOMETRIC_REPRESENTATION_CONTEXT(2) 
PARAMETRIC_REPRESENTATION_CONTEXT() REPRESENTATION_CONTEXT('2D SPACE',''
  ) );
#1021 = ORIENTED_EDGE('',*,*,#1022,.F.);
#1022 = EDGE_CURVE('',#1023,#994,#1025,.T.);
#1023 = VERTEX_POINT('',#1024);
#1024 = CARTESIAN_POINT('',(45.76,-69.55,-13.97));
#1025 = SURFACE_CURVE('',#1026,(#1030,#1036),.PCURVE_S1.);
#1026 = LINE('',#1027,#1028);
#1027 = CARTESIAN_POINT('',(45.76,-81.3,-13.97));
#1028 = VECTOR('',#1029,1.);
#1029 = DIRECTION('',(-0.,1.,0.));
#1030 = PCURVE('',#190,#1031);
#1031 = DEFINITIONAL_REPRESENTATION('',(#1032),#1035);
#1032 = B_SPLINE_CURVE_WITH_KNOTS('',1,(#1033,#1034),.UNSPECIFIED.,.F.,
  .F.,(2,2),(11.75,150.85),.PIECEWISE_BEZIER_KNOTS.);
#1033 = CARTESIAN_POINT('',(94.02,13.));
#1034 = CARTESIAN_POINT('',(94.02,152.1));
#1035 = ( GEOMETRIC_REPRESENTATION_CONTEXT(2) 
PARAMETRIC_REPRESENTATION_CONTEXT() REPRESENTATION_CONTEXT('2D SPACE',''
  ) );
#1036 = PCURVE('',#1037,#1042);
#1037 = PLANE('',#1038);
#1038 = AXIS2_PLACEMENT_3D('',#1039,#1040,#1041);
#1039 = CARTESIAN_POINT('',(45.76,-80.05,-14.97));
#1040 = DIRECTION('',(1.,0.,-0.));
#1041 = DIRECTION('',(0.,0.,1.));
#1042 = DEFINITIONAL_REPRESENTATION('',(#1043),#1046);
#1043 = B_SPLINE_CURVE_WITH_KNOTS('',1,(#1044,#1045),.UNSPECIFIED.,.F.,
  .F.,(2,2),(11.75,150.85),.PIECEWISE_BEZIER_KNOTS.);
#1044 = CARTESIAN_POINT('',(1.,-10.5));
#1045 = CARTESIAN_POINT('',(1.,-149.6));
#1046 = ( GEOMETRIC_REPRESENTATION_CONTEXT(2) 
PARAMETRIC_REPRESENTATION_CONTEXT() REPRESENTATION_CONTEXT('2D SPACE',''
  ) );
#1047 = ORIENTED_EDGE('',*,*,#1048,.F.);
#1048 = EDGE_CURVE('',#1049,#1023,#1051,.T.);
#1049 = VERTEX_POINT('',#1050);
#1050 = CARTESIAN_POINT('',(35.26,-80.05,-13.97));
#1051 = SURFACE_CURVE('',#1052,(#1057,#1064),.PCURVE_S1.);
#1052 = CIRCLE('',#1053,10.5);
#1053 = AXIS2_PLACEMENT_3D('',#1054,#1055,#1056);
#1054 = CARTESIAN_POINT('',(35.26,-69.55,-13.97));
#1055 = DIRECTION('',(0.,0.,1.));
#1056 = DIRECTION('',(1.,0.,-0.));
#1057 = PCURVE('',#190,#1058);
#1058 = DEFINITIONAL_REPRESENTATION('',(#1059),#1063);
#1059 = CIRCLE('',#1060,10.5);
#1060 = AXIS2_PLACEMENT_2D('',#1061,#1062);
#1061 = CARTESIAN_POINT('',(83.52,13.));
#1062 = DIRECTION('',(1.,0.));
#1063 = ( GEOMETRIC_REPRESENTATION_CONTEXT(2) 
PARAMETRIC_REPRESENTATION_CONTEXT() REPRESENTATION_CONTEXT('2D SPACE',''
  ) );
#1064 = PCURVE('',#1065,#1070);
#1065 = CYLINDRICAL_SURFACE('',#1066,10.5);
#1066 = AXIS2_PLACEMENT_3D('',#1067,#1068,#1069);
#1067 = CARTESIAN_POINT('',(35.26,-69.55,-14.97));
#1068 = DIRECTION('',(0.,0.,1.));
#1069 = DIRECTION('',(1.,0.,-0.));
#1070 = DEFINITIONAL_REPRESENTATION('',(#1071),#1075);
#1071 = LINE('',#1072,#1073);
#1072 = CARTESIAN_POINT('',(-6.28318530718,1.));
#1073 = VECTOR('',#1074,1.);
#1074 = DIRECTION('',(1.,-0.));
#1075 = ( GEOMETRIC_REPRESENTATION_CONTEXT(2) 
PARAMETRIC_REPRESENTATION_CONTEXT() REPRESENTATION_CONTEXT('2D SPACE',''
  ) );
#1076 = ORIENTED_EDGE('',*,*,#1077,.T.);
#1077 = EDGE_CURVE('',#1049,#884,#1078,.T.);
#1078 = SURFACE_CURVE('',#1079,(#1083,#1089),.PCURVE_S1.);
#1079 = LINE('',#1080,#1081);
#1080 = CARTESIAN_POINT('',(-47.01,-80.05,-13.97));
#1081 = VECTOR('',#1082,1.);
#1082 = DIRECTION('',(-1.,-0.,0.));
#1083 = PCURVE('',#190,#1084);
#1084 = DEFINITIONAL_REPRESENTATION('',(#1085),#1088);
#1085 = B_SPLINE_CURVE_WITH_KNOTS('',1,(#1086,#1087),.UNSPECIFIED.,.F.,
  .F.,(2,2),(-82.27,-11.75),.PIECEWISE_BEZIER_KNOTS.);
#1086 = CARTESIAN_POINT('',(83.52,2.5));
#1087 = CARTESIAN_POINT('',(13.,2.5));
#1088 = ( GEOMETRIC_REPRESENTATION_CONTEXT(2) 
PARAMETRIC_REPRESENTATION_CONTEXT() REPRESENTATION_CONTEXT('2D SPACE',''
  ) );
#1089 = PCURVE('',#1090,#1095);
#1090 = PLANE('',#1091);
#1091 = AXIS2_PLACEMENT_3D('',#1092,#1093,#1094);
#1092 = CARTESIAN_POINT('',(-45.76,-80.05,-14.97));
#1093 = DIRECTION('',(-0.,1.,0.));
#1094 = DIRECTION('',(0.,0.,1.));
#1095 = DEFINITIONAL_REPRESENTATION('',(#1096),#1099);
#1096 = B_SPLINE_CURVE_WITH_KNOTS('',1,(#1097,#1098),.UNSPECIFIED.,.F.,
  .F.,(2,2),(-82.27,-11.75),.PIECEWISE_BEZIER_KNOTS.);
#1097 = CARTESIAN_POINT('',(1.,81.02));
#1098 = CARTESIAN_POINT('',(1.,10.5));
#1099 = ( GEOMETRIC_REPRESENTATION_CONTEXT(2) 
PARAMETRIC_REPRESENTATION_CONTEXT() REPRESENTATION_CONTEXT('2D SPACE',''
  ) );
#1100 = ADVANCED_FACE('',(#1101),#272,.F.);
#1101 = FACE_BOUND('',#1102,.F.);
#1102 = EDGE_LOOP('',(#1103,#1104,#1105,#1106));
#1103 = ORIENTED_EDGE('',*,*,#759,.F.);
#1104 = ORIENTED_EDGE('',*,*,#677,.T.);
#1105 = ORIENTED_EDGE('',*,*,#256,.T.);
#1106 = ORIENTED_EDGE('',*,*,#1107,.F.);
#1107 = EDGE_CURVE('',#760,#257,#1108,.T.);
#1108 = SURFACE_CURVE('',#1109,(#1113,#1120),.PCURVE_S1.);
#1109 = LINE('',#1110,#1111);
#1110 = CARTESIAN_POINT('',(35.26,-82.55,-13.97));
#1111 = VECTOR('',#1112,1.);
#1112 = DIRECTION('',(0.,0.,1.));
#1113 = PCURVE('',#272,#1114);
#1114 = DEFINITIONAL_REPRESENTATION('',(#1115),#1119);
#1115 = LINE('',#1116,#1117);
#1116 = CARTESIAN_POINT('',(0.,83.52));
#1117 = VECTOR('',#1118,1.);
#1118 = DIRECTION('',(1.,0.));
#1119 = ( GEOMETRIC_REPRESENTATION_CONTEXT(2) 
PARAMETRIC_REPRESENTATION_CONTEXT() REPRESENTATION_CONTEXT('2D SPACE',''
  ) );
#1120 = PCURVE('',#305,#1121);
#1121 = DEFINITIONAL_REPRESENTATION('',(#1122),#1126);
#1122 = LINE('',#1123,#1124);
#1123 = CARTESIAN_POINT('',(-1.570796326795,0.));
#1124 = VECTOR('',#1125,1.);
#1125 = DIRECTION('',(-0.,1.));
#1126 = ( GEOMETRIC_REPRESENTATION_CONTEXT(2) 
PARAMETRIC_REPRESENTATION_CONTEXT() REPRESENTATION_CONTEXT('2D SPACE',''
  ) );
#1127 = ADVANCED_FACE('',(#1128),#390,.T.);
#1128 = FACE_BOUND('',#1129,.T.);
#1129 = EDGE_LOOP('',(#1130,#1131,#1132,#1133));
#1130 = ORIENTED_EDGE('',*,*,#857,.F.);
#1131 = ORIENTED_EDGE('',*,*,#731,.T.);
#1132 = ORIENTED_EDGE('',*,*,#374,.T.);
#1133 = ORIENTED_EDGE('',*,*,#1134,.F.);
#1134 = EDGE_CURVE('',#834,#346,#1135,.T.);
#1135 = SURFACE_CURVE('',#1136,(#1140,#1147),.PCURVE_S1.);
#1136 = LINE('',#1137,#1138);
#1137 = CARTESIAN_POINT('',(35.26,82.55,-13.97));
#1138 = VECTOR('',#1139,1.);
#1139 = DIRECTION('',(0.,0.,1.));
#1140 = PCURVE('',#390,#1141);
#1141 = DEFINITIONAL_REPRESENTATION('',(#1142),#1146);
#1142 = LINE('',#1143,#1144);
#1143 = CARTESIAN_POINT('',(0.,83.52));
#1144 = VECTOR('',#1145,1.);
#1145 = DIRECTION('',(1.,0.));
#1146 = ( GEOMETRIC_REPRESENTATION_CONTEXT(2) 
PARAMETRIC_REPRESENTATION_CONTEXT() REPRESENTATION_CONTEXT('2D SPACE',''
  ) );
#1147 = PCURVE('',#362,#1148);
#1148 = DEFINITIONAL_REPRESENTATION('',(#1149),#1153);
#1149 = LINE('',#1150,#1151);
#1150 = CARTESIAN_POINT('',(1.570796326795,0.));
#1151 = VECTOR('',#1152,1.);
#1152 = DIRECTION('',(0.,1.));
#1153 = ( GEOMETRIC_REPRESENTATION_CONTEXT(2) 
PARAMETRIC_REPRESENTATION_CONTEXT() REPRESENTATION_CONTEXT('2D SPACE',''
  ) );
#1154 = ADVANCED_FACE('',(#1155),#305,.T.);
#1155 = FACE_BOUND('',#1156,.F.);
#1156 = EDGE_LOOP('',(#1157,#1158,#1159,#1160));
#1157 = ORIENTED_EDGE('',*,*,#782,.T.);
#1158 = ORIENTED_EDGE('',*,*,#1107,.T.);
#1159 = ORIENTED_EDGE('',*,*,#284,.F.);
#1160 = ORIENTED_EDGE('',*,*,#1161,.F.);
#1161 = EDGE_CURVE('',#783,#285,#1162,.T.);
#1162 = SURFACE_CURVE('',#1163,(#1167,#1174),.PCURVE_S1.);
#1163 = LINE('',#1164,#1165);
#1164 = CARTESIAN_POINT('',(48.26,-69.55,-13.97));
#1165 = VECTOR('',#1166,1.);
#1166 = DIRECTION('',(0.,0.,1.));
#1167 = PCURVE('',#305,#1168);
#1168 = DEFINITIONAL_REPRESENTATION('',(#1169),#1173);
#1169 = LINE('',#1170,#1171);
#1170 = CARTESIAN_POINT('',(-0.,0.));
#1171 = VECTOR('',#1172,1.);
#1172 = DIRECTION('',(-0.,1.));
#1173 = ( GEOMETRIC_REPRESENTATION_CONTEXT(2) 
PARAMETRIC_REPRESENTATION_CONTEXT() REPRESENTATION_CONTEXT('2D SPACE',''
  ) );
#1174 = PCURVE('',#333,#1175);
#1175 = DEFINITIONAL_REPRESENTATION('',(#1176),#1180);
#1176 = LINE('',#1177,#1178);
#1177 = CARTESIAN_POINT('',(0.,-13.));
#1178 = VECTOR('',#1179,1.);
#1179 = DIRECTION('',(1.,0.));
#1180 = ( GEOMETRIC_REPRESENTATION_CONTEXT(2) 
PARAMETRIC_REPRESENTATION_CONTEXT() REPRESENTATION_CONTEXT('2D SPACE',''
  ) );
#1181 = ADVANCED_FACE('',(#1182),#362,.T.);
#1182 = FACE_BOUND('',#1183,.T.);
#1183 = EDGE_LOOP('',(#1184,#1185,#1186,#1187));
#1184 = ORIENTED_EDGE('',*,*,#833,.T.);
#1185 = ORIENTED_EDGE('',*,*,#1134,.T.);
#1186 = ORIENTED_EDGE('',*,*,#345,.F.);
#1187 = ORIENTED_EDGE('',*,*,#1188,.F.);
#1188 = EDGE_CURVE('',#811,#318,#1189,.T.);
#1189 = SURFACE_CURVE('',#1190,(#1194,#1201),.PCURVE_S1.);
#1190 = LINE('',#1191,#1192);
#1191 = CARTESIAN_POINT('',(48.26,69.55,-13.97));
#1192 = VECTOR('',#1193,1.);
#1193 = DIRECTION('',(0.,0.,1.));
#1194 = PCURVE('',#362,#1195);
#1195 = DEFINITIONAL_REPRESENTATION('',(#1196),#1200);
#1196 = LINE('',#1197,#1198);
#1197 = CARTESIAN_POINT('',(0.,0.));
#1198 = VECTOR('',#1199,1.);
#1199 = DIRECTION('',(0.,1.));
#1200 = ( GEOMETRIC_REPRESENTATION_CONTEXT(2) 
PARAMETRIC_REPRESENTATION_CONTEXT() REPRESENTATION_CONTEXT('2D SPACE',''
  ) );
#1201 = PCURVE('',#333,#1202);
#1202 = DEFINITIONAL_REPRESENTATION('',(#1203),#1207);
#1203 = LINE('',#1204,#1205);
#1204 = CARTESIAN_POINT('',(0.,-152.1));
#1205 = VECTOR('',#1206,1.);
#1206 = DIRECTION('',(1.,0.));
#1207 = ( GEOMETRIC_REPRESENTATION_CONTEXT(2) 
PARAMETRIC_REPRESENTATION_CONTEXT() REPRESENTATION_CONTEXT('2D SPACE',''
  ) );
#1208 = ADVANCED_FACE('',(#1209),#333,.T.);
#1209 = FACE_BOUND('',#1210,.T.);
#1210 = EDGE_LOOP('',(#1211,#1212,#1213,#1214));
#1211 = ORIENTED_EDGE('',*,*,#317,.F.);
#1212 = ORIENTED_EDGE('',*,*,#1161,.F.);
#1213 = ORIENTED_EDGE('',*,*,#810,.T.);
#1214 = ORIENTED_EDGE('',*,*,#1188,.T.);
#1215 = ADVANCED_FACE('',(#1216),#449,.F.);
#1216 = FACE_BOUND('',#1217,.F.);
#1217 = EDGE_LOOP('',(#1218,#1241,#1270,#1291));
#1218 = ORIENTED_EDGE('',*,*,#1219,.F.);
#1219 = EDGE_CURVE('',#1220,#431,#1222,.T.);
#1220 = VERTEX_POINT('',#1221);
#1221 = CARTESIAN_POINT('',(-35.55,-70.85,11.47));
#1222 = SURFACE_CURVE('',#1223,(#1227,#1234),.PCURVE_S1.);
#1223 = LINE('',#1224,#1225);
#1224 = CARTESIAN_POINT('',(-35.55,-70.85,9.97));
#1225 = VECTOR('',#1226,1.);
#1226 = DIRECTION('',(0.,0.,1.));
#1227 = PCURVE('',#449,#1228);
#1228 = DEFINITIONAL_REPRESENTATION('',(#1229),#1233);
#1229 = LINE('',#1230,#1231);
#1230 = CARTESIAN_POINT('',(0.,0.));
#1231 = VECTOR('',#1232,1.);
#1232 = DIRECTION('',(0.,1.));
#1233 = ( GEOMETRIC_REPRESENTATION_CONTEXT(2) 
PARAMETRIC_REPRESENTATION_CONTEXT() REPRESENTATION_CONTEXT('2D SPACE',''
  ) );
#1234 = PCURVE('',#476,#1235);
#1235 = DEFINITIONAL_REPRESENTATION('',(#1236),#1240);
#1236 = LINE('',#1237,#1238);
#1237 = CARTESIAN_POINT('',(0.,-8.));
#1238 = VECTOR('',#1239,1.);
#1239 = DIRECTION('',(1.,0.));
#1240 = ( GEOMETRIC_REPRESENTATION_CONTEXT(2) 
PARAMETRIC_REPRESENTATION_CONTEXT() REPRESENTATION_CONTEXT('2D SPACE',''
  ) );
#1241 = ORIENTED_EDGE('',*,*,#1242,.T.);
#1242 = EDGE_CURVE('',#1220,#1243,#1245,.T.);
#1243 = VERTEX_POINT('',#1244);
#1244 = CARTESIAN_POINT('',(-27.55,-78.85,11.47));
#1245 = SURFACE_CURVE('',#1246,(#1251,#1258),.PCURVE_S1.);
#1246 = CIRCLE('',#1247,8.);
#1247 = AXIS2_PLACEMENT_3D('',#1248,#1249,#1250);
#1248 = CARTESIAN_POINT('',(-27.55,-70.85,11.47));
#1249 = DIRECTION('',(0.,0.,1.));
#1250 = DIRECTION('',(-1.,-0.,0.));
#1251 = PCURVE('',#449,#1252);
#1252 = DEFINITIONAL_REPRESENTATION('',(#1253),#1257);
#1253 = LINE('',#1254,#1255);
#1254 = CARTESIAN_POINT('',(0.,1.5));
#1255 = VECTOR('',#1256,1.);
#1256 = DIRECTION('',(1.,0.));
#1257 = ( GEOMETRIC_REPRESENTATION_CONTEXT(2) 
PARAMETRIC_REPRESENTATION_CONTEXT() REPRESENTATION_CONTEXT('2D SPACE',''
  ) );
#1258 = PCURVE('',#1259,#1264);
#1259 = PLANE('',#1260);
#1260 = AXIS2_PLACEMENT_3D('',#1261,#1262,#1263);
#1261 = CARTESIAN_POINT('',(-45.76,-80.05,11.47));
#1262 = DIRECTION('',(0.,0.,1.));
#1263 = DIRECTION('',(1.,0.,-0.));
#1264 = DEFINITIONAL_REPRESENTATION('',(#1265),#1269);
#1265 = CIRCLE('',#1266,8.);
#1266 = AXIS2_PLACEMENT_2D('',#1267,#1268);
#1267 = CARTESIAN_POINT('',(18.21,9.2));
#1268 = DIRECTION('',(-1.,0.));
#1269 = ( GEOMETRIC_REPRESENTATION_CONTEXT(2) 
PARAMETRIC_REPRESENTATION_CONTEXT() REPRESENTATION_CONTEXT('2D SPACE',''
  ) );
#1270 = ORIENTED_EDGE('',*,*,#1271,.T.);
#1271 = EDGE_CURVE('',#1243,#433,#1272,.T.);
#1272 = SURFACE_CURVE('',#1273,(#1277,#1284),.PCURVE_S1.);
#1273 = LINE('',#1274,#1275);
#1274 = CARTESIAN_POINT('',(-27.55,-78.85,9.97));
#1275 = VECTOR('',#1276,1.);
#1276 = DIRECTION('',(0.,0.,1.));
#1277 = PCURVE('',#449,#1278);
#1278 = DEFINITIONAL_REPRESENTATION('',(#1279),#1283);
#1279 = LINE('',#1280,#1281);
#1280 = CARTESIAN_POINT('',(1.570796326795,0.));
#1281 = VECTOR('',#1282,1.);
#1282 = DIRECTION('',(0.,1.));
#1283 = ( GEOMETRIC_REPRESENTATION_CONTEXT(2) 
PARAMETRIC_REPRESENTATION_CONTEXT() REPRESENTATION_CONTEXT('2D SPACE',''
  ) );
#1284 = PCURVE('',#639,#1285);
#1285 = DEFINITIONAL_REPRESENTATION('',(#1286),#1290);
#1286 = LINE('',#1287,#1288);
#1287 = CARTESIAN_POINT('',(0.,8.));
#1288 = VECTOR('',#1289,1.);
#1289 = DIRECTION('',(1.,0.));
#1290 = ( GEOMETRIC_REPRESENTATION_CONTEXT(2) 
PARAMETRIC_REPRESENTATION_CONTEXT() REPRESENTATION_CONTEXT('2D SPACE',''
  ) );
#1291 = ORIENTED_EDGE('',*,*,#430,.F.);
#1292 = ADVANCED_FACE('',(#1293),#639,.T.);
#1293 = FACE_BOUND('',#1294,.T.);
#1294 = EDGE_LOOP('',(#1295,#1316,#1317,#1318));
#1295 = ORIENTED_EDGE('',*,*,#1296,.T.);
#1296 = EDGE_CURVE('',#1297,#1243,#1299,.T.);
#1297 = VERTEX_POINT('',#1298);
#1298 = CARTESIAN_POINT('',(27.55,-78.85,11.47));
#1299 = SURFACE_CURVE('',#1300,(#1304,#1310),.PCURVE_S1.);
#1300 = LINE('',#1301,#1302);
#1301 = CARTESIAN_POINT('',(-40.655,-78.85,11.47));
#1302 = VECTOR('',#1303,1.);
#1303 = DIRECTION('',(-1.,-0.,0.));
#1304 = PCURVE('',#639,#1305);
#1305 = DEFINITIONAL_REPRESENTATION('',(#1306),#1309);
#1306 = B_SPLINE_CURVE_WITH_KNOTS('',1,(#1307,#1308),.UNSPECIFIED.,.F.,
  .F.,(2,2),(-68.205,-13.105),.PIECEWISE_BEZIER_KNOTS.);
#1307 = CARTESIAN_POINT('',(1.5,63.1));
#1308 = CARTESIAN_POINT('',(1.5,8.));
#1309 = ( GEOMETRIC_REPRESENTATION_CONTEXT(2) 
PARAMETRIC_REPRESENTATION_CONTEXT() REPRESENTATION_CONTEXT('2D SPACE',''
  ) );
#1310 = PCURVE('',#1259,#1311);
#1311 = DEFINITIONAL_REPRESENTATION('',(#1312),#1315);
#1312 = B_SPLINE_CURVE_WITH_KNOTS('',1,(#1313,#1314),.UNSPECIFIED.,.F.,
  .F.,(2,2),(-68.205,-13.105),.PIECEWISE_BEZIER_KNOTS.);
#1313 = CARTESIAN_POINT('',(73.31,1.2));
#1314 = CARTESIAN_POINT('',(18.21,1.2));
#1315 = ( GEOMETRIC_REPRESENTATION_CONTEXT(2) 
PARAMETRIC_REPRESENTATION_CONTEXT() REPRESENTATION_CONTEXT('2D SPACE',''
  ) );
#1316 = ORIENTED_EDGE('',*,*,#1271,.T.);
#1317 = ORIENTED_EDGE('',*,*,#626,.F.);
#1318 = ORIENTED_EDGE('',*,*,#1319,.F.);
#1319 = EDGE_CURVE('',#1297,#598,#1320,.T.);
#1320 = SURFACE_CURVE('',#1321,(#1325,#1332),.PCURVE_S1.);
#1321 = LINE('',#1322,#1323);
#1322 = CARTESIAN_POINT('',(27.55,-78.85,9.97));
#1323 = VECTOR('',#1324,1.);
#1324 = DIRECTION('',(0.,0.,1.));
#1325 = PCURVE('',#639,#1326);
#1326 = DEFINITIONAL_REPRESENTATION('',(#1327),#1331);
#1327 = LINE('',#1328,#1329);
#1328 = CARTESIAN_POINT('',(0.,63.1));
#1329 = VECTOR('',#1330,1.);
#1330 = DIRECTION('',(1.,0.));
#1331 = ( GEOMETRIC_REPRESENTATION_CONTEXT(2) 
PARAMETRIC_REPRESENTATION_CONTEXT() REPRESENTATION_CONTEXT('2D SPACE',''
  ) );
#1332 = PCURVE('',#614,#1333);
#1333 = DEFINITIONAL_REPRESENTATION('',(#1334),#1338);
#1334 = LINE('',#1335,#1336);
#1335 = CARTESIAN_POINT('',(-1.570796326795,0.));
#1336 = VECTOR('',#1337,1.);
#1337 = DIRECTION('',(-0.,1.));
#1338 = ( GEOMETRIC_REPRESENTATION_CONTEXT(2) 
PARAMETRIC_REPRESENTATION_CONTEXT() REPRESENTATION_CONTEXT('2D SPACE',''
  ) );
#1339 = ADVANCED_FACE('',(#1340),#614,.F.);
#1340 = FACE_BOUND('',#1341,.T.);
#1341 = EDGE_LOOP('',(#1342,#1365,#1387,#1388));
#1342 = ORIENTED_EDGE('',*,*,#1343,.F.);
#1343 = EDGE_CURVE('',#1344,#572,#1346,.T.);
#1344 = VERTEX_POINT('',#1345);
#1345 = CARTESIAN_POINT('',(35.55,-70.85,11.47));
#1346 = SURFACE_CURVE('',#1347,(#1351,#1358),.PCURVE_S1.);
#1347 = LINE('',#1348,#1349);
#1348 = CARTESIAN_POINT('',(35.55,-70.85,9.97));
#1349 = VECTOR('',#1350,1.);
#1350 = DIRECTION('',(0.,0.,1.));
#1351 = PCURVE('',#614,#1352);
#1352 = DEFINITIONAL_REPRESENTATION('',(#1353),#1357);
#1353 = LINE('',#1354,#1355);
#1354 = CARTESIAN_POINT('',(-0.,0.));
#1355 = VECTOR('',#1356,1.);
#1356 = DIRECTION('',(-0.,1.));
#1357 = ( GEOMETRIC_REPRESENTATION_CONTEXT(2) 
PARAMETRIC_REPRESENTATION_CONTEXT() REPRESENTATION_CONTEXT('2D SPACE',''
  ) );
#1358 = PCURVE('',#586,#1359);
#1359 = DEFINITIONAL_REPRESENTATION('',(#1360),#1364);
#1360 = LINE('',#1361,#1362);
#1361 = CARTESIAN_POINT('',(0.,-8.));
#1362 = VECTOR('',#1363,1.);
#1363 = DIRECTION('',(1.,0.));
#1364 = ( GEOMETRIC_REPRESENTATION_CONTEXT(2) 
PARAMETRIC_REPRESENTATION_CONTEXT() REPRESENTATION_CONTEXT('2D SPACE',''
  ) );
#1365 = ORIENTED_EDGE('',*,*,#1366,.F.);
#1366 = EDGE_CURVE('',#1297,#1344,#1367,.T.);
#1367 = SURFACE_CURVE('',#1368,(#1373,#1380),.PCURVE_S1.);
#1368 = CIRCLE('',#1369,8.);
#1369 = AXIS2_PLACEMENT_3D('',#1370,#1371,#1372);
#1370 = CARTESIAN_POINT('',(27.55,-70.85,11.47));
#1371 = DIRECTION('',(0.,0.,1.));
#1372 = DIRECTION('',(1.,0.,-0.));
#1373 = PCURVE('',#614,#1374);
#1374 = DEFINITIONAL_REPRESENTATION('',(#1375),#1379);
#1375 = LINE('',#1376,#1377);
#1376 = CARTESIAN_POINT('',(-6.28318530718,1.5));
#1377 = VECTOR('',#1378,1.);
#1378 = DIRECTION('',(1.,-0.));
#1379 = ( GEOMETRIC_REPRESENTATION_CONTEXT(2) 
PARAMETRIC_REPRESENTATION_CONTEXT() REPRESENTATION_CONTEXT('2D SPACE',''
  ) );
#1380 = PCURVE('',#1259,#1381);
#1381 = DEFINITIONAL_REPRESENTATION('',(#1382),#1386);
#1382 = CIRCLE('',#1383,8.);
#1383 = AXIS2_PLACEMENT_2D('',#1384,#1385);
#1384 = CARTESIAN_POINT('',(73.31,9.2));
#1385 = DIRECTION('',(1.,0.));
#1386 = ( GEOMETRIC_REPRESENTATION_CONTEXT(2) 
PARAMETRIC_REPRESENTATION_CONTEXT() REPRESENTATION_CONTEXT('2D SPACE',''
  ) );
#1387 = ORIENTED_EDGE('',*,*,#1319,.T.);
#1388 = ORIENTED_EDGE('',*,*,#597,.T.);
#1389 = ADVANCED_FACE('',(#1390),#586,.F.);
#1390 = FACE_BOUND('',#1391,.F.);
#1391 = EDGE_LOOP('',(#1392,#1393,#1394,#1415));
#1392 = ORIENTED_EDGE('',*,*,#571,.F.);
#1393 = ORIENTED_EDGE('',*,*,#1343,.F.);
#1394 = ORIENTED_EDGE('',*,*,#1395,.T.);
#1395 = EDGE_CURVE('',#1344,#1396,#1398,.T.);
#1396 = VERTEX_POINT('',#1397);
#1397 = CARTESIAN_POINT('',(35.55,52.85,11.47));
#1398 = SURFACE_CURVE('',#1399,(#1403,#1409),.PCURVE_S1.);
#1399 = LINE('',#1400,#1401);
#1400 = CARTESIAN_POINT('',(35.55,-79.45,11.47));
#1401 = VECTOR('',#1402,1.);
#1402 = DIRECTION('',(-0.,1.,0.));
#1403 = PCURVE('',#586,#1404);
#1404 = DEFINITIONAL_REPRESENTATION('',(#1405),#1408);
#1405 = B_SPLINE_CURVE_WITH_KNOTS('',1,(#1406,#1407),.UNSPECIFIED.,.F.,
  .F.,(2,2),(8.6,132.3),.PIECEWISE_BEZIER_KNOTS.);
#1406 = CARTESIAN_POINT('',(1.5,-8.));
#1407 = CARTESIAN_POINT('',(1.5,-131.7));
#1408 = ( GEOMETRIC_REPRESENTATION_CONTEXT(2) 
PARAMETRIC_REPRESENTATION_CONTEXT() REPRESENTATION_CONTEXT('2D SPACE',''
  ) );
#1409 = PCURVE('',#1259,#1410);
#1410 = DEFINITIONAL_REPRESENTATION('',(#1411),#1414);
#1411 = B_SPLINE_CURVE_WITH_KNOTS('',1,(#1412,#1413),.UNSPECIFIED.,.F.,
  .F.,(2,2),(8.6,132.3),.PIECEWISE_BEZIER_KNOTS.);
#1412 = CARTESIAN_POINT('',(81.31,9.2));
#1413 = CARTESIAN_POINT('',(81.31,132.9));
#1414 = ( GEOMETRIC_REPRESENTATION_CONTEXT(2) 
PARAMETRIC_REPRESENTATION_CONTEXT() REPRESENTATION_CONTEXT('2D SPACE',''
  ) );
#1415 = ORIENTED_EDGE('',*,*,#1416,.T.);
#1416 = EDGE_CURVE('',#1396,#543,#1417,.T.);
#1417 = SURFACE_CURVE('',#1418,(#1422,#1429),.PCURVE_S1.);
#1418 = LINE('',#1419,#1420);
#1419 = CARTESIAN_POINT('',(35.55,52.85,9.97));
#1420 = VECTOR('',#1421,1.);
#1421 = DIRECTION('',(0.,0.,1.));
#1422 = PCURVE('',#586,#1423);
#1423 = DEFINITIONAL_REPRESENTATION('',(#1424),#1428);
#1424 = LINE('',#1425,#1426);
#1425 = CARTESIAN_POINT('',(0.,-131.7));
#1426 = VECTOR('',#1427,1.);
#1427 = DIRECTION('',(1.,0.));
#1428 = ( GEOMETRIC_REPRESENTATION_CONTEXT(2) 
PARAMETRIC_REPRESENTATION_CONTEXT() REPRESENTATION_CONTEXT('2D SPACE',''
  ) );
#1429 = PCURVE('',#559,#1430);
#1430 = DEFINITIONAL_REPRESENTATION('',(#1431),#1435);
#1431 = LINE('',#1432,#1433);
#1432 = CARTESIAN_POINT('',(0.,0.));
#1433 = VECTOR('',#1434,1.);
#1434 = DIRECTION('',(0.,1.));
#1435 = ( GEOMETRIC_REPRESENTATION_CONTEXT(2) 
PARAMETRIC_REPRESENTATION_CONTEXT() REPRESENTATION_CONTEXT('2D SPACE',''
  ) );
#1436 = ADVANCED_FACE('',(#1437),#559,.F.);
#1437 = FACE_BOUND('',#1438,.F.);
#1438 = EDGE_LOOP('',(#1439,#1440,#1464,#1485));
#1439 = ORIENTED_EDGE('',*,*,#1416,.F.);
#1440 = ORIENTED_EDGE('',*,*,#1441,.T.);
#1441 = EDGE_CURVE('',#1396,#1442,#1444,.T.);
#1442 = VERTEX_POINT('',#1443);
#1443 = CARTESIAN_POINT('',(27.55,60.85,11.47));
#1444 = SURFACE_CURVE('',#1445,(#1450,#1457),.PCURVE_S1.);
#1445 = CIRCLE('',#1446,8.);
#1446 = AXIS2_PLACEMENT_3D('',#1447,#1448,#1449);
#1447 = CARTESIAN_POINT('',(27.55,52.85,11.47));
#1448 = DIRECTION('',(0.,0.,1.));
#1449 = DIRECTION('',(1.,0.,-0.));
#1450 = PCURVE('',#559,#1451);
#1451 = DEFINITIONAL_REPRESENTATION('',(#1452),#1456);
#1452 = LINE('',#1453,#1454);
#1453 = CARTESIAN_POINT('',(0.,1.5));
#1454 = VECTOR('',#1455,1.);
#1455 = DIRECTION('',(1.,0.));
#1456 = ( GEOMETRIC_REPRESENTATION_CONTEXT(2) 
PARAMETRIC_REPRESENTATION_CONTEXT() REPRESENTATION_CONTEXT('2D SPACE',''
  ) );
#1457 = PCURVE('',#1259,#1458);
#1458 = DEFINITIONAL_REPRESENTATION('',(#1459),#1463);
#1459 = CIRCLE('',#1460,8.);
#1460 = AXIS2_PLACEMENT_2D('',#1461,#1462);
#1461 = CARTESIAN_POINT('',(73.31,132.9));
#1462 = DIRECTION('',(1.,0.));
#1463 = ( GEOMETRIC_REPRESENTATION_CONTEXT(2) 
PARAMETRIC_REPRESENTATION_CONTEXT() REPRESENTATION_CONTEXT('2D SPACE',''
  ) );
#1464 = ORIENTED_EDGE('',*,*,#1465,.T.);
#1465 = EDGE_CURVE('',#1442,#517,#1466,.T.);
#1466 = SURFACE_CURVE('',#1467,(#1471,#1478),.PCURVE_S1.);
#1467 = LINE('',#1468,#1469);
#1468 = CARTESIAN_POINT('',(27.55,60.85,9.97));
#1469 = VECTOR('',#1470,1.);
#1470 = DIRECTION('',(0.,0.,1.));
#1471 = PCURVE('',#559,#1472);
#1472 = DEFINITIONAL_REPRESENTATION('',(#1473),#1477);
#1473 = LINE('',#1474,#1475);
#1474 = CARTESIAN_POINT('',(1.570796326795,0.));
#1475 = VECTOR('',#1476,1.);
#1476 = DIRECTION('',(0.,1.));
#1477 = ( GEOMETRIC_REPRESENTATION_CONTEXT(2) 
PARAMETRIC_REPRESENTATION_CONTEXT() REPRESENTATION_CONTEXT('2D SPACE',''
  ) );
#1478 = PCURVE('',#531,#1479);
#1479 = DEFINITIONAL_REPRESENTATION('',(#1480),#1484);
#1480 = LINE('',#1481,#1482);
#1481 = CARTESIAN_POINT('',(0.,63.1));
#1482 = VECTOR('',#1483,1.);
#1483 = DIRECTION('',(1.,0.));
#1484 = ( GEOMETRIC_REPRESENTATION_CONTEXT(2) 
PARAMETRIC_REPRESENTATION_CONTEXT() REPRESENTATION_CONTEXT('2D SPACE',''
  ) );
#1485 = ORIENTED_EDGE('',*,*,#542,.F.);
#1486 = ADVANCED_FACE('',(#1487),#531,.F.);
#1487 = FACE_BOUND('',#1488,.F.);
#1488 = EDGE_LOOP('',(#1489,#1510,#1531,#1532));
#1489 = ORIENTED_EDGE('',*,*,#1490,.T.);
#1490 = EDGE_CURVE('',#1442,#1491,#1493,.T.);
#1491 = VERTEX_POINT('',#1492);
#1492 = CARTESIAN_POINT('',(-27.55,60.85,11.47));
#1493 = SURFACE_CURVE('',#1494,(#1498,#1504),.PCURVE_S1.);
#1494 = LINE('',#1495,#1496);
#1495 = CARTESIAN_POINT('',(-40.655,60.85,11.47));
#1496 = VECTOR('',#1497,1.);
#1497 = DIRECTION('',(-1.,-0.,0.));
#1498 = PCURVE('',#531,#1499);
#1499 = DEFINITIONAL_REPRESENTATION('',(#1500),#1503);
#1500 = B_SPLINE_CURVE_WITH_KNOTS('',1,(#1501,#1502),.UNSPECIFIED.,.F.,
  .F.,(2,2),(-68.205,-13.105),.PIECEWISE_BEZIER_KNOTS.);
#1501 = CARTESIAN_POINT('',(1.5,63.1));
#1502 = CARTESIAN_POINT('',(1.5,8.));
#1503 = ( GEOMETRIC_REPRESENTATION_CONTEXT(2) 
PARAMETRIC_REPRESENTATION_CONTEXT() REPRESENTATION_CONTEXT('2D SPACE',''
  ) );
#1504 = PCURVE('',#1259,#1505);
#1505 = DEFINITIONAL_REPRESENTATION('',(#1506),#1509);
#1506 = B_SPLINE_CURVE_WITH_KNOTS('',1,(#1507,#1508),.UNSPECIFIED.,.F.,
  .F.,(2,2),(-68.205,-13.105),.PIECEWISE_BEZIER_KNOTS.);
#1507 = CARTESIAN_POINT('',(73.31,140.9));
#1508 = CARTESIAN_POINT('',(18.21,140.9));
#1509 = ( GEOMETRIC_REPRESENTATION_CONTEXT(2) 
PARAMETRIC_REPRESENTATION_CONTEXT() REPRESENTATION_CONTEXT('2D SPACE',''
  ) );
#1510 = ORIENTED_EDGE('',*,*,#1511,.T.);
#1511 = EDGE_CURVE('',#1491,#488,#1512,.T.);
#1512 = SURFACE_CURVE('',#1513,(#1517,#1524),.PCURVE_S1.);
#1513 = LINE('',#1514,#1515);
#1514 = CARTESIAN_POINT('',(-27.55,60.85,9.97));
#1515 = VECTOR('',#1516,1.);
#1516 = DIRECTION('',(0.,0.,1.));
#1517 = PCURVE('',#531,#1518);
#1518 = DEFINITIONAL_REPRESENTATION('',(#1519),#1523);
#1519 = LINE('',#1520,#1521);
#1520 = CARTESIAN_POINT('',(0.,8.));
#1521 = VECTOR('',#1522,1.);
#1522 = DIRECTION('',(1.,0.));
#1523 = ( GEOMETRIC_REPRESENTATION_CONTEXT(2) 
PARAMETRIC_REPRESENTATION_CONTEXT() REPRESENTATION_CONTEXT('2D SPACE',''
  ) );
#1524 = PCURVE('',#504,#1525);
#1525 = DEFINITIONAL_REPRESENTATION('',(#1526),#1530);
#1526 = LINE('',#1527,#1528);
#1527 = CARTESIAN_POINT('',(-1.570796326795,0.));
#1528 = VECTOR('',#1529,1.);
#1529 = DIRECTION('',(-0.,1.));
#1530 = ( GEOMETRIC_REPRESENTATION_CONTEXT(2) 
PARAMETRIC_REPRESENTATION_CONTEXT() REPRESENTATION_CONTEXT('2D SPACE',''
  ) );
#1531 = ORIENTED_EDGE('',*,*,#516,.F.);
#1532 = ORIENTED_EDGE('',*,*,#1465,.F.);
#1533 = ADVANCED_FACE('',(#1534),#504,.F.);
#1534 = FACE_BOUND('',#1535,.T.);
#1535 = EDGE_LOOP('',(#1536,#1559,#1581,#1582));
#1536 = ORIENTED_EDGE('',*,*,#1537,.F.);
#1537 = EDGE_CURVE('',#1538,#462,#1540,.T.);
#1538 = VERTEX_POINT('',#1539);
#1539 = CARTESIAN_POINT('',(-35.55,52.85,11.47));
#1540 = SURFACE_CURVE('',#1541,(#1545,#1552),.PCURVE_S1.);
#1541 = LINE('',#1542,#1543);
#1542 = CARTESIAN_POINT('',(-35.55,52.85,9.97));
#1543 = VECTOR('',#1544,1.);
#1544 = DIRECTION('',(0.,0.,1.));
#1545 = PCURVE('',#504,#1546);
#1546 = DEFINITIONAL_REPRESENTATION('',(#1547),#1551);
#1547 = LINE('',#1548,#1549);
#1548 = CARTESIAN_POINT('',(-0.,0.));
#1549 = VECTOR('',#1550,1.);
#1550 = DIRECTION('',(-0.,1.));
#1551 = ( GEOMETRIC_REPRESENTATION_CONTEXT(2) 
PARAMETRIC_REPRESENTATION_CONTEXT() REPRESENTATION_CONTEXT('2D SPACE',''
  ) );
#1552 = PCURVE('',#476,#1553);
#1553 = DEFINITIONAL_REPRESENTATION('',(#1554),#1558);
#1554 = LINE('',#1555,#1556);
#1555 = CARTESIAN_POINT('',(0.,-131.7));
#1556 = VECTOR('',#1557,1.);
#1557 = DIRECTION('',(1.,0.));
#1558 = ( GEOMETRIC_REPRESENTATION_CONTEXT(2) 
PARAMETRIC_REPRESENTATION_CONTEXT() REPRESENTATION_CONTEXT('2D SPACE',''
  ) );
#1559 = ORIENTED_EDGE('',*,*,#1560,.F.);
#1560 = EDGE_CURVE('',#1491,#1538,#1561,.T.);
#1561 = SURFACE_CURVE('',#1562,(#1567,#1574),.PCURVE_S1.);
#1562 = CIRCLE('',#1563,8.);
#1563 = AXIS2_PLACEMENT_3D('',#1564,#1565,#1566);
#1564 = CARTESIAN_POINT('',(-27.55,52.85,11.47));
#1565 = DIRECTION('',(0.,0.,1.));
#1566 = DIRECTION('',(-1.,-0.,0.));
#1567 = PCURVE('',#504,#1568);
#1568 = DEFINITIONAL_REPRESENTATION('',(#1569),#1573);
#1569 = LINE('',#1570,#1571);
#1570 = CARTESIAN_POINT('',(-6.28318530718,1.5));
#1571 = VECTOR('',#1572,1.);
#1572 = DIRECTION('',(1.,-0.));
#1573 = ( GEOMETRIC_REPRESENTATION_CONTEXT(2) 
PARAMETRIC_REPRESENTATION_CONTEXT() REPRESENTATION_CONTEXT('2D SPACE',''
  ) );
#1574 = PCURVE('',#1259,#1575);
#1575 = DEFINITIONAL_REPRESENTATION('',(#1576),#1580);
#1576 = CIRCLE('',#1577,8.);
#1577 = AXIS2_PLACEMENT_2D('',#1578,#1579);
#1578 = CARTESIAN_POINT('',(18.21,132.9));
#1579 = DIRECTION('',(-1.,0.));
#1580 = ( GEOMETRIC_REPRESENTATION_CONTEXT(2) 
PARAMETRIC_REPRESENTATION_CONTEXT() REPRESENTATION_CONTEXT('2D SPACE',''
  ) );
#1581 = ORIENTED_EDGE('',*,*,#1511,.T.);
#1582 = ORIENTED_EDGE('',*,*,#487,.T.);
#1583 = ADVANCED_FACE('',(#1584),#476,.T.);
#1584 = FACE_BOUND('',#1585,.T.);
#1585 = EDGE_LOOP('',(#1586,#1587,#1588,#1607));
#1586 = ORIENTED_EDGE('',*,*,#461,.F.);
#1587 = ORIENTED_EDGE('',*,*,#1219,.F.);
#1588 = ORIENTED_EDGE('',*,*,#1589,.T.);
#1589 = EDGE_CURVE('',#1220,#1538,#1590,.T.);
#1590 = SURFACE_CURVE('',#1591,(#1595,#1601),.PCURVE_S1.);
#1591 = LINE('',#1592,#1593);
#1592 = CARTESIAN_POINT('',(-35.55,-79.45,11.47));
#1593 = VECTOR('',#1594,1.);
#1594 = DIRECTION('',(-0.,1.,0.));
#1595 = PCURVE('',#476,#1596);
#1596 = DEFINITIONAL_REPRESENTATION('',(#1597),#1600);
#1597 = B_SPLINE_CURVE_WITH_KNOTS('',1,(#1598,#1599),.UNSPECIFIED.,.F.,
  .F.,(2,2),(8.6,132.3),.PIECEWISE_BEZIER_KNOTS.);
#1598 = CARTESIAN_POINT('',(1.5,-8.));
#1599 = CARTESIAN_POINT('',(1.5,-131.7));
#1600 = ( GEOMETRIC_REPRESENTATION_CONTEXT(2) 
PARAMETRIC_REPRESENTATION_CONTEXT() REPRESENTATION_CONTEXT('2D SPACE',''
  ) );
#1601 = PCURVE('',#1259,#1602);
#1602 = DEFINITIONAL_REPRESENTATION('',(#1603),#1606);
#1603 = B_SPLINE_CURVE_WITH_KNOTS('',1,(#1604,#1605),.UNSPECIFIED.,.F.,
  .F.,(2,2),(8.6,132.3),.PIECEWISE_BEZIER_KNOTS.);
#1604 = CARTESIAN_POINT('',(10.21,9.2));
#1605 = CARTESIAN_POINT('',(10.21,132.9));
#1606 = ( GEOMETRIC_REPRESENTATION_CONTEXT(2) 
PARAMETRIC_REPRESENTATION_CONTEXT() REPRESENTATION_CONTEXT('2D SPACE',''
  ) );
#1607 = ORIENTED_EDGE('',*,*,#1537,.T.);
#1608 = ADVANCED_FACE('',(#1609),#900,.F.);
#1609 = FACE_BOUND('',#1610,.F.);
#1610 = EDGE_LOOP('',(#1611,#1634,#1635,#1658));
#1611 = ORIENTED_EDGE('',*,*,#1612,.F.);
#1612 = EDGE_CURVE('',#882,#1613,#1615,.T.);
#1613 = VERTEX_POINT('',#1614);
#1614 = CARTESIAN_POINT('',(-45.76,-69.55,11.47));
#1615 = SURFACE_CURVE('',#1616,(#1620,#1627),.PCURVE_S1.);
#1616 = LINE('',#1617,#1618);
#1617 = CARTESIAN_POINT('',(-45.76,-69.55,-14.97));
#1618 = VECTOR('',#1619,1.);
#1619 = DIRECTION('',(0.,0.,1.));
#1620 = PCURVE('',#900,#1621);
#1621 = DEFINITIONAL_REPRESENTATION('',(#1622),#1626);
#1622 = LINE('',#1623,#1624);
#1623 = CARTESIAN_POINT('',(0.,0.));
#1624 = VECTOR('',#1625,1.);
#1625 = DIRECTION('',(0.,1.));
#1626 = ( GEOMETRIC_REPRESENTATION_CONTEXT(2) 
PARAMETRIC_REPRESENTATION_CONTEXT() REPRESENTATION_CONTEXT('2D SPACE',''
  ) );
#1627 = PCURVE('',#927,#1628);
#1628 = DEFINITIONAL_REPRESENTATION('',(#1629),#1633);
#1629 = LINE('',#1630,#1631);
#1630 = CARTESIAN_POINT('',(0.,-10.5));
#1631 = VECTOR('',#1632,1.);
#1632 = DIRECTION('',(1.,0.));
#1633 = ( GEOMETRIC_REPRESENTATION_CONTEXT(2) 
PARAMETRIC_REPRESENTATION_CONTEXT() REPRESENTATION_CONTEXT('2D SPACE',''
  ) );
#1634 = ORIENTED_EDGE('',*,*,#881,.T.);
#1635 = ORIENTED_EDGE('',*,*,#1636,.T.);
#1636 = EDGE_CURVE('',#884,#1637,#1639,.T.);
#1637 = VERTEX_POINT('',#1638);
#1638 = CARTESIAN_POINT('',(-35.26,-80.05,11.47));
#1639 = SURFACE_CURVE('',#1640,(#1644,#1651),.PCURVE_S1.);
#1640 = LINE('',#1641,#1642);
#1641 = CARTESIAN_POINT('',(-35.26,-80.05,-14.97));
#1642 = VECTOR('',#1643,1.);
#1643 = DIRECTION('',(0.,0.,1.));
#1644 = PCURVE('',#900,#1645);
#1645 = DEFINITIONAL_REPRESENTATION('',(#1646),#1650);
#1646 = LINE('',#1647,#1648);
#1647 = CARTESIAN_POINT('',(1.570796326795,0.));
#1648 = VECTOR('',#1649,1.);
#1649 = DIRECTION('',(0.,1.));
#1650 = ( GEOMETRIC_REPRESENTATION_CONTEXT(2) 
PARAMETRIC_REPRESENTATION_CONTEXT() REPRESENTATION_CONTEXT('2D SPACE',''
  ) );
#1651 = PCURVE('',#1090,#1652);
#1652 = DEFINITIONAL_REPRESENTATION('',(#1653),#1657);
#1653 = LINE('',#1654,#1655);
#1654 = CARTESIAN_POINT('',(0.,10.5));
#1655 = VECTOR('',#1656,1.);
#1656 = DIRECTION('',(1.,0.));
#1657 = ( GEOMETRIC_REPRESENTATION_CONTEXT(2) 
PARAMETRIC_REPRESENTATION_CONTEXT() REPRESENTATION_CONTEXT('2D SPACE',''
  ) );
#1658 = ORIENTED_EDGE('',*,*,#1659,.F.);
#1659 = EDGE_CURVE('',#1613,#1637,#1660,.T.);
#1660 = SURFACE_CURVE('',#1661,(#1666,#1673),.PCURVE_S1.);
#1661 = CIRCLE('',#1662,10.5);
#1662 = AXIS2_PLACEMENT_3D('',#1663,#1664,#1665);
#1663 = CARTESIAN_POINT('',(-35.26,-69.55,11.47));
#1664 = DIRECTION('',(0.,0.,1.));
#1665 = DIRECTION('',(0.,-1.,0.));
#1666 = PCURVE('',#900,#1667);
#1667 = DEFINITIONAL_REPRESENTATION('',(#1668),#1672);
#1668 = LINE('',#1669,#1670);
#1669 = CARTESIAN_POINT('',(-4.712388980385,26.44));
#1670 = VECTOR('',#1671,1.);
#1671 = DIRECTION('',(1.,0.));
#1672 = ( GEOMETRIC_REPRESENTATION_CONTEXT(2) 
PARAMETRIC_REPRESENTATION_CONTEXT() REPRESENTATION_CONTEXT('2D SPACE',''
  ) );
#1673 = PCURVE('',#1259,#1674);
#1674 = DEFINITIONAL_REPRESENTATION('',(#1675),#1679);
#1675 = CIRCLE('',#1676,10.5);
#1676 = AXIS2_PLACEMENT_2D('',#1677,#1678);
#1677 = CARTESIAN_POINT('',(10.5,10.5));
#1678 = DIRECTION('',(0.,-1.));
#1679 = ( GEOMETRIC_REPRESENTATION_CONTEXT(2) 
PARAMETRIC_REPRESENTATION_CONTEXT() REPRESENTATION_CONTEXT('2D SPACE',''
  ) );
#1680 = ADVANCED_FACE('',(#1681),#1090,.T.);
#1681 = FACE_BOUND('',#1682,.T.);
#1682 = EDGE_LOOP('',(#1683,#1684,#1685,#1708));
#1683 = ORIENTED_EDGE('',*,*,#1077,.T.);
#1684 = ORIENTED_EDGE('',*,*,#1636,.T.);
#1685 = ORIENTED_EDGE('',*,*,#1686,.T.);
#1686 = EDGE_CURVE('',#1637,#1687,#1689,.T.);
#1687 = VERTEX_POINT('',#1688);
#1688 = CARTESIAN_POINT('',(35.26,-80.05,11.47));
#1689 = SURFACE_CURVE('',#1690,(#1694,#1701),.PCURVE_S1.);
#1690 = LINE('',#1691,#1692);
#1691 = CARTESIAN_POINT('',(-45.76,-80.05,11.47));
#1692 = VECTOR('',#1693,1.);
#1693 = DIRECTION('',(1.,0.,-0.));
#1694 = PCURVE('',#1090,#1695);
#1695 = DEFINITIONAL_REPRESENTATION('',(#1696),#1700);
#1696 = LINE('',#1697,#1698);
#1697 = CARTESIAN_POINT('',(26.44,0.));
#1698 = VECTOR('',#1699,1.);
#1699 = DIRECTION('',(0.,1.));
#1700 = ( GEOMETRIC_REPRESENTATION_CONTEXT(2) 
PARAMETRIC_REPRESENTATION_CONTEXT() REPRESENTATION_CONTEXT('2D SPACE',''
  ) );
#1701 = PCURVE('',#1259,#1702);
#1702 = DEFINITIONAL_REPRESENTATION('',(#1703),#1707);
#1703 = LINE('',#1704,#1705);
#1704 = CARTESIAN_POINT('',(0.,0.));
#1705 = VECTOR('',#1706,1.);
#1706 = DIRECTION('',(1.,0.));
#1707 = ( GEOMETRIC_REPRESENTATION_CONTEXT(2) 
PARAMETRIC_REPRESENTATION_CONTEXT() REPRESENTATION_CONTEXT('2D SPACE',''
  ) );
#1708 = ORIENTED_EDGE('',*,*,#1709,.F.);
#1709 = EDGE_CURVE('',#1049,#1687,#1710,.T.);
#1710 = SURFACE_CURVE('',#1711,(#1715,#1722),.PCURVE_S1.);
#1711 = LINE('',#1712,#1713);
#1712 = CARTESIAN_POINT('',(35.26,-80.05,-14.97));
#1713 = VECTOR('',#1714,1.);
#1714 = DIRECTION('',(0.,0.,1.));
#1715 = PCURVE('',#1090,#1716);
#1716 = DEFINITIONAL_REPRESENTATION('',(#1717),#1721);
#1717 = LINE('',#1718,#1719);
#1718 = CARTESIAN_POINT('',(0.,81.02));
#1719 = VECTOR('',#1720,1.);
#1720 = DIRECTION('',(1.,0.));
#1721 = ( GEOMETRIC_REPRESENTATION_CONTEXT(2) 
PARAMETRIC_REPRESENTATION_CONTEXT() REPRESENTATION_CONTEXT('2D SPACE',''
  ) );
#1722 = PCURVE('',#1065,#1723);
#1723 = DEFINITIONAL_REPRESENTATION('',(#1724),#1728);
#1724 = LINE('',#1725,#1726);
#1725 = CARTESIAN_POINT('',(-1.570796326795,0.));
#1726 = VECTOR('',#1727,1.);
#1727 = DIRECTION('',(-0.,1.));
#1728 = ( GEOMETRIC_REPRESENTATION_CONTEXT(2) 
PARAMETRIC_REPRESENTATION_CONTEXT() REPRESENTATION_CONTEXT('2D SPACE',''
  ) );
#1729 = ADVANCED_FACE('',(#1730),#1065,.F.);
#1730 = FACE_BOUND('',#1731,.T.);
#1731 = EDGE_LOOP('',(#1732,#1755,#1756,#1757));
#1732 = ORIENTED_EDGE('',*,*,#1733,.F.);
#1733 = EDGE_CURVE('',#1023,#1734,#1736,.T.);
#1734 = VERTEX_POINT('',#1735);
#1735 = CARTESIAN_POINT('',(45.76,-69.55,11.47));
#1736 = SURFACE_CURVE('',#1737,(#1741,#1748),.PCURVE_S1.);
#1737 = LINE('',#1738,#1739);
#1738 = CARTESIAN_POINT('',(45.76,-69.55,-14.97));
#1739 = VECTOR('',#1740,1.);
#1740 = DIRECTION('',(0.,0.,1.));
#1741 = PCURVE('',#1065,#1742);
#1742 = DEFINITIONAL_REPRESENTATION('',(#1743),#1747);
#1743 = LINE('',#1744,#1745);
#1744 = CARTESIAN_POINT('',(-0.,0.));
#1745 = VECTOR('',#1746,1.);
#1746 = DIRECTION('',(-0.,1.));
#1747 = ( GEOMETRIC_REPRESENTATION_CONTEXT(2) 
PARAMETRIC_REPRESENTATION_CONTEXT() REPRESENTATION_CONTEXT('2D SPACE',''
  ) );
#1748 = PCURVE('',#1037,#1749);
#1749 = DEFINITIONAL_REPRESENTATION('',(#1750),#1754);
#1750 = LINE('',#1751,#1752);
#1751 = CARTESIAN_POINT('',(0.,-10.5));
#1752 = VECTOR('',#1753,1.);
#1753 = DIRECTION('',(1.,0.));
#1754 = ( GEOMETRIC_REPRESENTATION_CONTEXT(2) 
PARAMETRIC_REPRESENTATION_CONTEXT() REPRESENTATION_CONTEXT('2D SPACE',''
  ) );
#1755 = ORIENTED_EDGE('',*,*,#1048,.F.);
#1756 = ORIENTED_EDGE('',*,*,#1709,.T.);
#1757 = ORIENTED_EDGE('',*,*,#1758,.F.);
#1758 = EDGE_CURVE('',#1734,#1687,#1759,.T.);
#1759 = SURFACE_CURVE('',#1760,(#1765,#1772),.PCURVE_S1.);
#1760 = CIRCLE('',#1761,10.5);
#1761 = AXIS2_PLACEMENT_3D('',#1762,#1763,#1764);
#1762 = CARTESIAN_POINT('',(35.26,-69.55,11.47));
#1763 = DIRECTION('',(-0.,-0.,-1.));
#1764 = DIRECTION('',(0.,-1.,0.));
#1765 = PCURVE('',#1065,#1766);
#1766 = DEFINITIONAL_REPRESENTATION('',(#1767),#1771);
#1767 = LINE('',#1768,#1769);
#1768 = CARTESIAN_POINT('',(4.712388980385,26.44));
#1769 = VECTOR('',#1770,1.);
#1770 = DIRECTION('',(-1.,0.));
#1771 = ( GEOMETRIC_REPRESENTATION_CONTEXT(2) 
PARAMETRIC_REPRESENTATION_CONTEXT() REPRESENTATION_CONTEXT('2D SPACE',''
  ) );
#1772 = PCURVE('',#1259,#1773);
#1773 = DEFINITIONAL_REPRESENTATION('',(#1774),#1782);
#1774 = ( BOUNDED_CURVE() B_SPLINE_CURVE(2,(#1775,#1776,#1777,#1778,
#1779,#1780,#1781),.UNSPECIFIED.,.T.,.F.) B_SPLINE_CURVE_WITH_KNOTS((1,2
    ,2,2,2,1),(-2.094395102393,0.,2.094395102393,4.188790204786,
6.28318530718,8.377580409573),.UNSPECIFIED.) CURVE() 
GEOMETRIC_REPRESENTATION_ITEM() RATIONAL_B_SPLINE_CURVE((1.,0.5,1.,0.5,
1.,0.5,1.)) REPRESENTATION_ITEM('') );
#1775 = CARTESIAN_POINT('',(81.02,0.));
#1776 = CARTESIAN_POINT('',(62.833466520527,0.));
#1777 = CARTESIAN_POINT('',(71.926733260263,15.75));
#1778 = CARTESIAN_POINT('',(81.02,31.5));
#1779 = CARTESIAN_POINT('',(90.113266739737,15.75));
#1780 = CARTESIAN_POINT('',(99.206533479473,1.59872115546E-14));
#1781 = CARTESIAN_POINT('',(81.02,0.));
#1782 = ( GEOMETRIC_REPRESENTATION_CONTEXT(2) 
PARAMETRIC_REPRESENTATION_CONTEXT() REPRESENTATION_CONTEXT('2D SPACE',''
  ) );
#1783 = ADVANCED_FACE('',(#1784),#1037,.F.);
#1784 = FACE_BOUND('',#1785,.F.);
#1785 = EDGE_LOOP('',(#1786,#1809,#1810,#1811));
#1786 = ORIENTED_EDGE('',*,*,#1787,.F.);
#1787 = EDGE_CURVE('',#1734,#1788,#1790,.T.);
#1788 = VERTEX_POINT('',#1789);
#1789 = CARTESIAN_POINT('',(45.76,69.55,11.47));
#1790 = SURFACE_CURVE('',#1791,(#1795,#1802),.PCURVE_S1.);
#1791 = LINE('',#1792,#1793);
#1792 = CARTESIAN_POINT('',(45.76,-80.05,11.47));
#1793 = VECTOR('',#1794,1.);
#1794 = DIRECTION('',(-0.,1.,0.));
#1795 = PCURVE('',#1037,#1796);
#1796 = DEFINITIONAL_REPRESENTATION('',(#1797),#1801);
#1797 = LINE('',#1798,#1799);
#1798 = CARTESIAN_POINT('',(26.44,0.));
#1799 = VECTOR('',#1800,1.);
#1800 = DIRECTION('',(0.,-1.));
#1801 = ( GEOMETRIC_REPRESENTATION_CONTEXT(2) 
PARAMETRIC_REPRESENTATION_CONTEXT() REPRESENTATION_CONTEXT('2D SPACE',''
  ) );
#1802 = PCURVE('',#1259,#1803);
#1803 = DEFINITIONAL_REPRESENTATION('',(#1804),#1808);
#1804 = LINE('',#1805,#1806);
#1805 = CARTESIAN_POINT('',(91.52,0.));
#1806 = VECTOR('',#1807,1.);
#1807 = DIRECTION('',(0.,1.));
#1808 = ( GEOMETRIC_REPRESENTATION_CONTEXT(2) 
PARAMETRIC_REPRESENTATION_CONTEXT() REPRESENTATION_CONTEXT('2D SPACE',''
  ) );
#1809 = ORIENTED_EDGE('',*,*,#1733,.F.);
#1810 = ORIENTED_EDGE('',*,*,#1022,.T.);
#1811 = ORIENTED_EDGE('',*,*,#1812,.T.);
#1812 = EDGE_CURVE('',#994,#1788,#1813,.T.);
#1813 = SURFACE_CURVE('',#1814,(#1818,#1825),.PCURVE_S1.);
#1814 = LINE('',#1815,#1816);
#1815 = CARTESIAN_POINT('',(45.76,69.55,-14.97));
#1816 = VECTOR('',#1817,1.);
#1817 = DIRECTION('',(0.,0.,1.));
#1818 = PCURVE('',#1037,#1819);
#1819 = DEFINITIONAL_REPRESENTATION('',(#1820),#1824);
#1820 = LINE('',#1821,#1822);
#1821 = CARTESIAN_POINT('',(0.,-149.6));
#1822 = VECTOR('',#1823,1.);
#1823 = DIRECTION('',(1.,0.));
#1824 = ( GEOMETRIC_REPRESENTATION_CONTEXT(2) 
PARAMETRIC_REPRESENTATION_CONTEXT() REPRESENTATION_CONTEXT('2D SPACE',''
  ) );
#1825 = PCURVE('',#1010,#1826);
#1826 = DEFINITIONAL_REPRESENTATION('',(#1827),#1831);
#1827 = LINE('',#1828,#1829);
#1828 = CARTESIAN_POINT('',(0.,0.));
#1829 = VECTOR('',#1830,1.);
#1830 = DIRECTION('',(0.,1.));
#1831 = ( GEOMETRIC_REPRESENTATION_CONTEXT(2) 
PARAMETRIC_REPRESENTATION_CONTEXT() REPRESENTATION_CONTEXT('2D SPACE',''
  ) );
#1832 = ADVANCED_FACE('',(#1833),#1010,.F.);
#1833 = FACE_BOUND('',#1834,.F.);
#1834 = EDGE_LOOP('',(#1835,#1836,#1837,#1860));
#1835 = ORIENTED_EDGE('',*,*,#1812,.F.);
#1836 = ORIENTED_EDGE('',*,*,#993,.T.);
#1837 = ORIENTED_EDGE('',*,*,#1838,.T.);
#1838 = EDGE_CURVE('',#968,#1839,#1841,.T.);
#1839 = VERTEX_POINT('',#1840);
#1840 = CARTESIAN_POINT('',(35.26,80.05,11.47));
#1841 = SURFACE_CURVE('',#1842,(#1846,#1853),.PCURVE_S1.);
#1842 = LINE('',#1843,#1844);
#1843 = CARTESIAN_POINT('',(35.26,80.05,-14.97));
#1844 = VECTOR('',#1845,1.);
#1845 = DIRECTION('',(0.,0.,1.));
#1846 = PCURVE('',#1010,#1847);
#1847 = DEFINITIONAL_REPRESENTATION('',(#1848),#1852);
#1848 = LINE('',#1849,#1850);
#1849 = CARTESIAN_POINT('',(1.570796326795,0.));
#1850 = VECTOR('',#1851,1.);
#1851 = DIRECTION('',(0.,1.));
#1852 = ( GEOMETRIC_REPRESENTATION_CONTEXT(2) 
PARAMETRIC_REPRESENTATION_CONTEXT() REPRESENTATION_CONTEXT('2D SPACE',''
  ) );
#1853 = PCURVE('',#982,#1854);
#1854 = DEFINITIONAL_REPRESENTATION('',(#1855),#1859);
#1855 = LINE('',#1856,#1857);
#1856 = CARTESIAN_POINT('',(0.,81.02));
#1857 = VECTOR('',#1858,1.);
#1858 = DIRECTION('',(1.,0.));
#1859 = ( GEOMETRIC_REPRESENTATION_CONTEXT(2) 
PARAMETRIC_REPRESENTATION_CONTEXT() REPRESENTATION_CONTEXT('2D SPACE',''
  ) );
#1860 = ORIENTED_EDGE('',*,*,#1861,.F.);
#1861 = EDGE_CURVE('',#1788,#1839,#1862,.T.);
#1862 = SURFACE_CURVE('',#1863,(#1868,#1875),.PCURVE_S1.);
#1863 = CIRCLE('',#1864,10.5);
#1864 = AXIS2_PLACEMENT_3D('',#1865,#1866,#1867);
#1865 = CARTESIAN_POINT('',(35.26,69.55,11.47));
#1866 = DIRECTION('',(0.,0.,1.));
#1867 = DIRECTION('',(0.,-1.,0.));
#1868 = PCURVE('',#1010,#1869);
#1869 = DEFINITIONAL_REPRESENTATION('',(#1870),#1874);
#1870 = LINE('',#1871,#1872);
#1871 = CARTESIAN_POINT('',(-1.570796326795,26.44));
#1872 = VECTOR('',#1873,1.);
#1873 = DIRECTION('',(1.,0.));
#1874 = ( GEOMETRIC_REPRESENTATION_CONTEXT(2) 
PARAMETRIC_REPRESENTATION_CONTEXT() REPRESENTATION_CONTEXT('2D SPACE',''
  ) );
#1875 = PCURVE('',#1259,#1876);
#1876 = DEFINITIONAL_REPRESENTATION('',(#1877),#1881);
#1877 = CIRCLE('',#1878,10.5);
#1878 = AXIS2_PLACEMENT_2D('',#1879,#1880);
#1879 = CARTESIAN_POINT('',(81.02,149.6));
#1880 = DIRECTION('',(0.,-1.));
#1881 = ( GEOMETRIC_REPRESENTATION_CONTEXT(2) 
PARAMETRIC_REPRESENTATION_CONTEXT() REPRESENTATION_CONTEXT('2D SPACE',''
  ) );
#1882 = ADVANCED_FACE('',(#1883),#982,.F.);
#1883 = FACE_BOUND('',#1884,.F.);
#1884 = EDGE_LOOP('',(#1885,#1886,#1909,#1930));
#1885 = ORIENTED_EDGE('',*,*,#967,.T.);
#1886 = ORIENTED_EDGE('',*,*,#1887,.T.);
#1887 = EDGE_CURVE('',#939,#1888,#1890,.T.);
#1888 = VERTEX_POINT('',#1889);
#1889 = CARTESIAN_POINT('',(-35.26,80.05,11.47));
#1890 = SURFACE_CURVE('',#1891,(#1895,#1902),.PCURVE_S1.);
#1891 = LINE('',#1892,#1893);
#1892 = CARTESIAN_POINT('',(-35.26,80.05,-14.97));
#1893 = VECTOR('',#1894,1.);
#1894 = DIRECTION('',(0.,0.,1.));
#1895 = PCURVE('',#982,#1896);
#1896 = DEFINITIONAL_REPRESENTATION('',(#1897),#1901);
#1897 = LINE('',#1898,#1899);
#1898 = CARTESIAN_POINT('',(0.,10.5));
#1899 = VECTOR('',#1900,1.);
#1900 = DIRECTION('',(1.,0.));
#1901 = ( GEOMETRIC_REPRESENTATION_CONTEXT(2) 
PARAMETRIC_REPRESENTATION_CONTEXT() REPRESENTATION_CONTEXT('2D SPACE',''
  ) );
#1902 = PCURVE('',#955,#1903);
#1903 = DEFINITIONAL_REPRESENTATION('',(#1904),#1908);
#1904 = LINE('',#1905,#1906);
#1905 = CARTESIAN_POINT('',(-1.570796326795,0.));
#1906 = VECTOR('',#1907,1.);
#1907 = DIRECTION('',(-0.,1.));
#1908 = ( GEOMETRIC_REPRESENTATION_CONTEXT(2) 
PARAMETRIC_REPRESENTATION_CONTEXT() REPRESENTATION_CONTEXT('2D SPACE',''
  ) );
#1909 = ORIENTED_EDGE('',*,*,#1910,.T.);
#1910 = EDGE_CURVE('',#1888,#1839,#1911,.T.);
#1911 = SURFACE_CURVE('',#1912,(#1916,#1923),.PCURVE_S1.);
#1912 = LINE('',#1913,#1914);
#1913 = CARTESIAN_POINT('',(-45.76,80.05,11.47));
#1914 = VECTOR('',#1915,1.);
#1915 = DIRECTION('',(1.,0.,-0.));
#1916 = PCURVE('',#982,#1917);
#1917 = DEFINITIONAL_REPRESENTATION('',(#1918),#1922);
#1918 = LINE('',#1919,#1920);
#1919 = CARTESIAN_POINT('',(26.44,0.));
#1920 = VECTOR('',#1921,1.);
#1921 = DIRECTION('',(0.,1.));
#1922 = ( GEOMETRIC_REPRESENTATION_CONTEXT(2) 
PARAMETRIC_REPRESENTATION_CONTEXT() REPRESENTATION_CONTEXT('2D SPACE',''
  ) );
#1923 = PCURVE('',#1259,#1924);
#1924 = DEFINITIONAL_REPRESENTATION('',(#1925),#1929);
#1925 = LINE('',#1926,#1927);
#1926 = CARTESIAN_POINT('',(0.,160.1));
#1927 = VECTOR('',#1928,1.);
#1928 = DIRECTION('',(1.,0.));
#1929 = ( GEOMETRIC_REPRESENTATION_CONTEXT(2) 
PARAMETRIC_REPRESENTATION_CONTEXT() REPRESENTATION_CONTEXT('2D SPACE',''
  ) );
#1930 = ORIENTED_EDGE('',*,*,#1838,.F.);
#1931 = ADVANCED_FACE('',(#1932),#955,.F.);
#1932 = FACE_BOUND('',#1933,.T.);
#1933 = EDGE_LOOP('',(#1934,#1957,#1958,#1959));
#1934 = ORIENTED_EDGE('',*,*,#1935,.F.);
#1935 = EDGE_CURVE('',#913,#1936,#1938,.T.);
#1936 = VERTEX_POINT('',#1937);
#1937 = CARTESIAN_POINT('',(-45.76,69.55,11.47));
#1938 = SURFACE_CURVE('',#1939,(#1943,#1950),.PCURVE_S1.);
#1939 = LINE('',#1940,#1941);
#1940 = CARTESIAN_POINT('',(-45.76,69.55,-14.97));
#1941 = VECTOR('',#1942,1.);
#1942 = DIRECTION('',(0.,0.,1.));
#1943 = PCURVE('',#955,#1944);
#1944 = DEFINITIONAL_REPRESENTATION('',(#1945),#1949);
#1945 = LINE('',#1946,#1947);
#1946 = CARTESIAN_POINT('',(-0.,0.));
#1947 = VECTOR('',#1948,1.);
#1948 = DIRECTION('',(-0.,1.));
#1949 = ( GEOMETRIC_REPRESENTATION_CONTEXT(2) 
PARAMETRIC_REPRESENTATION_CONTEXT() REPRESENTATION_CONTEXT('2D SPACE',''
  ) );
#1950 = PCURVE('',#927,#1951);
#1951 = DEFINITIONAL_REPRESENTATION('',(#1952),#1956);
#1952 = LINE('',#1953,#1954);
#1953 = CARTESIAN_POINT('',(0.,-149.6));
#1954 = VECTOR('',#1955,1.);
#1955 = DIRECTION('',(1.,0.));
#1956 = ( GEOMETRIC_REPRESENTATION_CONTEXT(2) 
PARAMETRIC_REPRESENTATION_CONTEXT() REPRESENTATION_CONTEXT('2D SPACE',''
  ) );
#1957 = ORIENTED_EDGE('',*,*,#938,.F.);
#1958 = ORIENTED_EDGE('',*,*,#1887,.T.);
#1959 = ORIENTED_EDGE('',*,*,#1960,.F.);
#1960 = EDGE_CURVE('',#1936,#1888,#1961,.T.);
#1961 = SURFACE_CURVE('',#1962,(#1967,#1974),.PCURVE_S1.);
#1962 = CIRCLE('',#1963,10.5);
#1963 = AXIS2_PLACEMENT_3D('',#1964,#1965,#1966);
#1964 = CARTESIAN_POINT('',(-35.26,69.55,11.47));
#1965 = DIRECTION('',(-0.,-0.,-1.));
#1966 = DIRECTION('',(0.,-1.,0.));
#1967 = PCURVE('',#955,#1968);
#1968 = DEFINITIONAL_REPRESENTATION('',(#1969),#1973);
#1969 = LINE('',#1970,#1971);
#1970 = CARTESIAN_POINT('',(1.570796326795,26.44));
#1971 = VECTOR('',#1972,1.);
#1972 = DIRECTION('',(-1.,0.));
#1973 = ( GEOMETRIC_REPRESENTATION_CONTEXT(2) 
PARAMETRIC_REPRESENTATION_CONTEXT() REPRESENTATION_CONTEXT('2D SPACE',''
  ) );
#1974 = PCURVE('',#1259,#1975);
#1975 = DEFINITIONAL_REPRESENTATION('',(#1976),#1984);
#1976 = ( BOUNDED_CURVE() B_SPLINE_CURVE(2,(#1977,#1978,#1979,#1980,
#1981,#1982,#1983),.UNSPECIFIED.,.T.,.F.) B_SPLINE_CURVE_WITH_KNOTS((1,2
    ,2,2,2,1),(-2.094395102393,0.,2.094395102393,4.188790204786,
6.28318530718,8.377580409573),.UNSPECIFIED.) CURVE() 
GEOMETRIC_REPRESENTATION_ITEM() RATIONAL_B_SPLINE_CURVE((1.,0.5,1.,0.5,
1.,0.5,1.)) REPRESENTATION_ITEM('') );
#1977 = CARTESIAN_POINT('',(10.5,139.1));
#1978 = CARTESIAN_POINT('',(-7.686533479473,139.1));
#1979 = CARTESIAN_POINT('',(1.406733260263,154.85));
#1980 = CARTESIAN_POINT('',(10.5,170.6));
#1981 = CARTESIAN_POINT('',(19.593266739737,154.85));
#1982 = CARTESIAN_POINT('',(28.686533479473,139.1));
#1983 = CARTESIAN_POINT('',(10.5,139.1));
#1984 = ( GEOMETRIC_REPRESENTATION_CONTEXT(2) 
PARAMETRIC_REPRESENTATION_CONTEXT() REPRESENTATION_CONTEXT('2D SPACE',''
  ) );
#1985 = ADVANCED_FACE('',(#1986),#927,.T.);
#1986 = FACE_BOUND('',#1987,.T.);
#1987 = EDGE_LOOP('',(#1988,#2009,#2010,#2011));
#1988 = ORIENTED_EDGE('',*,*,#1989,.F.);
#1989 = EDGE_CURVE('',#1613,#1936,#1990,.T.);
#1990 = SURFACE_CURVE('',#1991,(#1995,#2002),.PCURVE_S1.);
#1991 = LINE('',#1992,#1993);
#1992 = CARTESIAN_POINT('',(-45.76,-80.05,11.47));
#1993 = VECTOR('',#1994,1.);
#1994 = DIRECTION('',(-0.,1.,0.));
#1995 = PCURVE('',#927,#1996);
#1996 = DEFINITIONAL_REPRESENTATION('',(#1997),#2001);
#1997 = LINE('',#1998,#1999);
#1998 = CARTESIAN_POINT('',(26.44,0.));
#1999 = VECTOR('',#2000,1.);
#2000 = DIRECTION('',(0.,-1.));
#2001 = ( GEOMETRIC_REPRESENTATION_CONTEXT(2) 
PARAMETRIC_REPRESENTATION_CONTEXT() REPRESENTATION_CONTEXT('2D SPACE',''
  ) );
#2002 = PCURVE('',#1259,#2003);
#2003 = DEFINITIONAL_REPRESENTATION('',(#2004),#2008);
#2004 = LINE('',#2005,#2006);
#2005 = CARTESIAN_POINT('',(0.,0.));
#2006 = VECTOR('',#2007,1.);
#2007 = DIRECTION('',(0.,1.));
#2008 = ( GEOMETRIC_REPRESENTATION_CONTEXT(2) 
PARAMETRIC_REPRESENTATION_CONTEXT() REPRESENTATION_CONTEXT('2D SPACE',''
  ) );
#2009 = ORIENTED_EDGE('',*,*,#1612,.F.);
#2010 = ORIENTED_EDGE('',*,*,#912,.T.);
#2011 = ORIENTED_EDGE('',*,*,#1935,.T.);
#2012 = ADVANCED_FACE('',(#2013,#2023),#1259,.F.);
#2013 = FACE_BOUND('',#2014,.F.);
#2014 = EDGE_LOOP('',(#2015,#2016,#2017,#2018,#2019,#2020,#2021,#2022));
#2015 = ORIENTED_EDGE('',*,*,#1989,.F.);
#2016 = ORIENTED_EDGE('',*,*,#1659,.T.);
#2017 = ORIENTED_EDGE('',*,*,#1686,.T.);
#2018 = ORIENTED_EDGE('',*,*,#1758,.F.);
#2019 = ORIENTED_EDGE('',*,*,#1787,.T.);
#2020 = ORIENTED_EDGE('',*,*,#1861,.T.);
#2021 = ORIENTED_EDGE('',*,*,#1910,.F.);
#2022 = ORIENTED_EDGE('',*,*,#1960,.F.);
#2023 = FACE_BOUND('',#2024,.F.);
#2024 = EDGE_LOOP('',(#2025,#2026,#2027,#2028,#2029,#2030,#2031,#2032));
#2025 = ORIENTED_EDGE('',*,*,#1242,.F.);
#2026 = ORIENTED_EDGE('',*,*,#1589,.T.);
#2027 = ORIENTED_EDGE('',*,*,#1560,.F.);
#2028 = ORIENTED_EDGE('',*,*,#1490,.F.);
#2029 = ORIENTED_EDGE('',*,*,#1441,.F.);
#2030 = ORIENTED_EDGE('',*,*,#1395,.F.);
#2031 = ORIENTED_EDGE('',*,*,#1366,.F.);
#2032 = ORIENTED_EDGE('',*,*,#1296,.T.);
#2033 = ( GEOMETRIC_REPRESENTATION_CONTEXT(3) 
GLOBAL_UNCERTAINTY_ASSIGNED_CONTEXT((#2037)) 
GLOBAL_UNIT_ASSIGNED_CONTEXT((#2034,#2035,#2036)) REPRESENTATION_CONTEXT
('Context #1','3D Context with UNIT and UNCERTAINTY') );
#2034 = ( LENGTH_UNIT() NAMED_UNIT(*) SI_UNIT(.MILLI.,.METRE.) );
#2035 = ( NAMED_UNIT(*) PLANE_ANGLE_UNIT() SI_UNIT($,.RADIAN.) );
#2036 = ( NAMED_UNIT(*) SI_UNIT($,.STERADIAN.) SOLID_ANGLE_UNIT() );
#2037 = UNCERTAINTY_MEASURE_WITH_UNIT(LENGTH_MEASURE(1.E-07),#2034,
  'distance_accuracy_value','confusion accuracy');
#2038 = CONTEXT_DEPENDENT_SHAPE_REPRESENTATION(#2039,#2041);
#2039 = ( REPRESENTATION_RELATIONSHIP('','',#104,#10) 
REPRESENTATION_RELATIONSHIP_WITH_TRANSFORMATION(#2040) 
SHAPE_REPRESENTATION_RELATIONSHIP() );
#2040 = ITEM_DEFINED_TRANSFORMATION('','',#11,#15);
#2041 = PRODUCT_DEFINITION_SHAPE('Placement','Placement of an item',
  #2042);
#2042 = NEXT_ASSEMBLY_USAGE_OCCURRENCE('1','ENCLOSURE_REF','',#5,#99,$);
#2043 = PRODUCT_RELATED_PRODUCT_CATEGORY('part',$,(#101));
#2044 = SHAPE_DEFINITION_REPRESENTATION(#2045,#2051);
#2045 = PRODUCT_DEFINITION_SHAPE('','',#2046);
#2046 = PRODUCT_DEFINITION('design','',#2047,#2050);
#2047 = PRODUCT_DEFINITION_FORMATION('','',#2048);
#2048 = PRODUCT('DISPLAY_GLASS','DISPLAY_GLASS','',(#2049));
#2049 = PRODUCT_CONTEXT('',#2,'mechanical');
#2050 = PRODUCT_DEFINITION_CONTEXT('part definition',#2,'design');
#2051 = ADVANCED_BREP_SHAPE_REPRESENTATION('',(#11,#2052),#2718);
#2052 = MANIFOLD_SOLID_BREP('',#2053);
#2053 = CLOSED_SHELL('',(#2054,#2174,#2374,#2424,#2478,#2603,#2630,#2657
    ,#2684,#2711));
#2054 = ADVANCED_FACE('',(#2055),#2069,.F.);
#2055 = FACE_BOUND('',#2056,.F.);
#2056 = EDGE_LOOP('',(#2057,#2092,#2120,#2148));
#2057 = ORIENTED_EDGE('',*,*,#2058,.F.);
#2058 = EDGE_CURVE('',#2059,#2061,#2063,.T.);
#2059 = VERTEX_POINT('',#2060);
#2060 = CARTESIAN_POINT('',(-35.15,-61.85,0.8));
#2061 = VERTEX_POINT('',#2062);
#2062 = CARTESIAN_POINT('',(-35.15,61.85,0.8));
#2063 = SURFACE_CURVE('',#2064,(#2068,#2080),.PCURVE_S1.);
#2064 = LINE('',#2065,#2066);
#2065 = CARTESIAN_POINT('',(-35.15,-69.45,0.8));
#2066 = VECTOR('',#2067,1.);
#2067 = DIRECTION('',(-0.,1.,0.));
#2068 = PCURVE('',#2069,#2074);
#2069 = PLANE('',#2070);
#2070 = AXIS2_PLACEMENT_3D('',#2071,#2072,#2073);
#2071 = CARTESIAN_POINT('',(-35.15,-69.45,-0.8));
#2072 = DIRECTION('',(1.,0.,-0.));
#2073 = DIRECTION('',(0.,0.,1.));
#2074 = DEFINITIONAL_REPRESENTATION('',(#2075),#2079);
#2075 = LINE('',#2076,#2077);
#2076 = CARTESIAN_POINT('',(1.6,0.));
#2077 = VECTOR('',#2078,1.);
#2078 = DIRECTION('',(0.,-1.));
#2079 = ( GEOMETRIC_REPRESENTATION_CONTEXT(2) 
PARAMETRIC_REPRESENTATION_CONTEXT() REPRESENTATION_CONTEXT('2D SPACE',''
  ) );
#2080 = PCURVE('',#2081,#2086);
#2081 = PLANE('',#2082);
#2082 = AXIS2_PLACEMENT_3D('',#2083,#2084,#2085);
#2083 = CARTESIAN_POINT('',(-35.15,-69.45,0.8));
#2084 = DIRECTION('',(0.,0.,1.));
#2085 = DIRECTION('',(1.,0.,-0.));
#2086 = DEFINITIONAL_REPRESENTATION('',(#2087),#2091);
#2087 = LINE('',#2088,#2089);
#2088 = CARTESIAN_POINT('',(0.,0.));
#2089 = VECTOR('',#2090,1.);
#2090 = DIRECTION('',(0.,1.));
#2091 = ( GEOMETRIC_REPRESENTATION_CONTEXT(2) 
PARAMETRIC_REPRESENTATION_CONTEXT() REPRESENTATION_CONTEXT('2D SPACE',''
  ) );
#2092 = ORIENTED_EDGE('',*,*,#2093,.F.);
#2093 = EDGE_CURVE('',#2094,#2059,#2096,.T.);
#2094 = VERTEX_POINT('',#2095);
#2095 = CARTESIAN_POINT('',(-35.15,-61.85,-0.8));
#2096 = SURFACE_CURVE('',#2097,(#2101,#2108),.PCURVE_S1.);
#2097 = LINE('',#2098,#2099);
#2098 = CARTESIAN_POINT('',(-35.15,-61.85,-0.8));
#2099 = VECTOR('',#2100,1.);
#2100 = DIRECTION('',(0.,0.,1.));
#2101 = PCURVE('',#2069,#2102);
#2102 = DEFINITIONAL_REPRESENTATION('',(#2103),#2107);
#2103 = LINE('',#2104,#2105);
#2104 = CARTESIAN_POINT('',(0.,-7.6));
#2105 = VECTOR('',#2106,1.);
#2106 = DIRECTION('',(1.,0.));
#2107 = ( GEOMETRIC_REPRESENTATION_CONTEXT(2) 
PARAMETRIC_REPRESENTATION_CONTEXT() REPRESENTATION_CONTEXT('2D SPACE',''
  ) );
#2108 = PCURVE('',#2109,#2114);
#2109 = CYLINDRICAL_SURFACE('',#2110,7.6);
#2110 = AXIS2_PLACEMENT_3D('',#2111,#2112,#2113);
#2111 = CARTESIAN_POINT('',(-27.55,-61.85,-0.8));
#2112 = DIRECTION('',(0.,0.,1.));
#2113 = DIRECTION('',(-1.,-0.,0.));
#2114 = DEFINITIONAL_REPRESENTATION('',(#2115),#2119);
#2115 = LINE('',#2116,#2117);
#2116 = CARTESIAN_POINT('',(0.,0.));
#2117 = VECTOR('',#2118,1.);
#2118 = DIRECTION('',(0.,1.));
#2119 = ( GEOMETRIC_REPRESENTATION_CONTEXT(2) 
PARAMETRIC_REPRESENTATION_CONTEXT() REPRESENTATION_CONTEXT('2D SPACE',''
  ) );
#2120 = ORIENTED_EDGE('',*,*,#2121,.T.);
#2121 = EDGE_CURVE('',#2094,#2122,#2124,.T.);
#2122 = VERTEX_POINT('',#2123);
#2123 = CARTESIAN_POINT('',(-35.15,61.85,-0.8));
#2124 = SURFACE_CURVE('',#2125,(#2129,#2136),.PCURVE_S1.);
#2125 = LINE('',#2126,#2127);
#2126 = CARTESIAN_POINT('',(-35.15,-69.45,-0.8));
#2127 = VECTOR('',#2128,1.);
#2128 = DIRECTION('',(-0.,1.,0.));
#2129 = PCURVE('',#2069,#2130);
#2130 = DEFINITIONAL_REPRESENTATION('',(#2131),#2135);
#2131 = LINE('',#2132,#2133);
#2132 = CARTESIAN_POINT('',(0.,0.));
#2133 = VECTOR('',#2134,1.);
#2134 = DIRECTION('',(0.,-1.));
#2135 = ( GEOMETRIC_REPRESENTATION_CONTEXT(2) 
PARAMETRIC_REPRESENTATION_CONTEXT() REPRESENTATION_CONTEXT('2D SPACE',''
  ) );
#2136 = PCURVE('',#2137,#2142);
#2137 = PLANE('',#2138);
#2138 = AXIS2_PLACEMENT_3D('',#2139,#2140,#2141);
#2139 = CARTESIAN_POINT('',(-35.15,-69.45,-0.8));
#2140 = DIRECTION('',(0.,0.,1.));
#2141 = DIRECTION('',(1.,0.,-0.));
#2142 = DEFINITIONAL_REPRESENTATION('',(#2143),#2147);
#2143 = LINE('',#2144,#2145);
#2144 = CARTESIAN_POINT('',(0.,0.));
#2145 = VECTOR('',#2146,1.);
#2146 = DIRECTION('',(0.,1.));
#2147 = ( GEOMETRIC_REPRESENTATION_CONTEXT(2) 
PARAMETRIC_REPRESENTATION_CONTEXT() REPRESENTATION_CONTEXT('2D SPACE',''
  ) );
#2148 = ORIENTED_EDGE('',*,*,#2149,.T.);
#2149 = EDGE_CURVE('',#2122,#2061,#2150,.T.);
#2150 = SURFACE_CURVE('',#2151,(#2155,#2162),.PCURVE_S1.);
#2151 = LINE('',#2152,#2153);
#2152 = CARTESIAN_POINT('',(-35.15,61.85,-0.8));
#2153 = VECTOR('',#2154,1.);
#2154 = DIRECTION('',(0.,0.,1.));
#2155 = PCURVE('',#2069,#2156);
#2156 = DEFINITIONAL_REPRESENTATION('',(#2157),#2161);
#2157 = LINE('',#2158,#2159);
#2158 = CARTESIAN_POINT('',(0.,-131.3));
#2159 = VECTOR('',#2160,1.);
#2160 = DIRECTION('',(1.,0.));
#2161 = ( GEOMETRIC_REPRESENTATION_CONTEXT(2) 
PARAMETRIC_REPRESENTATION_CONTEXT() REPRESENTATION_CONTEXT('2D SPACE',''
  ) );
#2162 = PCURVE('',#2163,#2168);
#2163 = CYLINDRICAL_SURFACE('',#2164,7.6);
#2164 = AXIS2_PLACEMENT_3D('',#2165,#2166,#2167);
#2165 = CARTESIAN_POINT('',(-27.55,61.85,-0.8));
#2166 = DIRECTION('',(0.,0.,1.));
#2167 = DIRECTION('',(-1.,-0.,0.));
#2168 = DEFINITIONAL_REPRESENTATION('',(#2169),#2173);
#2169 = LINE('',#2170,#2171);
#2170 = CARTESIAN_POINT('',(-0.,0.));
#2171 = VECTOR('',#2172,1.);
#2172 = DIRECTION('',(-0.,1.));
#2173 = ( GEOMETRIC_REPRESENTATION_CONTEXT(2) 
PARAMETRIC_REPRESENTATION_CONTEXT() REPRESENTATION_CONTEXT('2D SPACE',''
  ) );
#2174 = ADVANCED_FACE('',(#2175),#2081,.T.);
#2175 = FACE_BOUND('',#2176,.T.);
#2176 = EDGE_LOOP('',(#2177,#2178,#2202,#2230,#2263,#2291,#2320,#2348));
#2177 = ORIENTED_EDGE('',*,*,#2058,.F.);
#2178 = ORIENTED_EDGE('',*,*,#2179,.T.);
#2179 = EDGE_CURVE('',#2059,#2180,#2182,.T.);
#2180 = VERTEX_POINT('',#2181);
#2181 = CARTESIAN_POINT('',(-27.55,-69.45,0.8));
#2182 = SURFACE_CURVE('',#2183,(#2188,#2195),.PCURVE_S1.);
#2183 = CIRCLE('',#2184,7.6);
#2184 = AXIS2_PLACEMENT_3D('',#2185,#2186,#2187);
#2185 = CARTESIAN_POINT('',(-27.55,-61.85,0.8));
#2186 = DIRECTION('',(0.,0.,1.));
#2187 = DIRECTION('',(0.,-1.,0.));
#2188 = PCURVE('',#2081,#2189);
#2189 = DEFINITIONAL_REPRESENTATION('',(#2190),#2194);
#2190 = CIRCLE('',#2191,7.6);
#2191 = AXIS2_PLACEMENT_2D('',#2192,#2193);
#2192 = CARTESIAN_POINT('',(7.6,7.6));
#2193 = DIRECTION('',(0.,-1.));
#2194 = ( GEOMETRIC_REPRESENTATION_CONTEXT(2) 
PARAMETRIC_REPRESENTATION_CONTEXT() REPRESENTATION_CONTEXT('2D SPACE',''
  ) );
#2195 = PCURVE('',#2109,#2196);
#2196 = DEFINITIONAL_REPRESENTATION('',(#2197),#2201);
#2197 = LINE('',#2198,#2199);
#2198 = CARTESIAN_POINT('',(-4.712388980385,1.6));
#2199 = VECTOR('',#2200,1.);
#2200 = DIRECTION('',(1.,0.));
#2201 = ( GEOMETRIC_REPRESENTATION_CONTEXT(2) 
PARAMETRIC_REPRESENTATION_CONTEXT() REPRESENTATION_CONTEXT('2D SPACE',''
  ) );
#2202 = ORIENTED_EDGE('',*,*,#2203,.T.);
#2203 = EDGE_CURVE('',#2180,#2204,#2206,.T.);
#2204 = VERTEX_POINT('',#2205);
#2205 = CARTESIAN_POINT('',(27.55,-69.45,0.8));
#2206 = SURFACE_CURVE('',#2207,(#2211,#2218),.PCURVE_S1.);
#2207 = LINE('',#2208,#2209);
#2208 = CARTESIAN_POINT('',(-35.15,-69.45,0.8));
#2209 = VECTOR('',#2210,1.);
#2210 = DIRECTION('',(1.,0.,-0.));
#2211 = PCURVE('',#2081,#2212);
#2212 = DEFINITIONAL_REPRESENTATION('',(#2213),#2217);
#2213 = LINE('',#2214,#2215);
#2214 = CARTESIAN_POINT('',(0.,0.));
#2215 = VECTOR('',#2216,1.);
#2216 = DIRECTION('',(1.,0.));
#2217 = ( GEOMETRIC_REPRESENTATION_CONTEXT(2) 
PARAMETRIC_REPRESENTATION_CONTEXT() REPRESENTATION_CONTEXT('2D SPACE',''
  ) );
#2218 = PCURVE('',#2219,#2224);
#2219 = PLANE('',#2220);
#2220 = AXIS2_PLACEMENT_3D('',#2221,#2222,#2223);
#2221 = CARTESIAN_POINT('',(-35.15,-69.45,-0.8));
#2222 = DIRECTION('',(-0.,1.,0.));
#2223 = DIRECTION('',(0.,0.,1.));
#2224 = DEFINITIONAL_REPRESENTATION('',(#2225),#2229);
#2225 = LINE('',#2226,#2227);
#2226 = CARTESIAN_POINT('',(1.6,0.));
#2227 = VECTOR('',#2228,1.);
#2228 = DIRECTION('',(0.,1.));
#2229 = ( GEOMETRIC_REPRESENTATION_CONTEXT(2) 
PARAMETRIC_REPRESENTATION_CONTEXT() REPRESENTATION_CONTEXT('2D SPACE',''
  ) );
#2230 = ORIENTED_EDGE('',*,*,#2231,.F.);
#2231 = EDGE_CURVE('',#2232,#2204,#2234,.T.);
#2232 = VERTEX_POINT('',#2233);
#2233 = CARTESIAN_POINT('',(35.15,-61.85,0.8));
#2234 = SURFACE_CURVE('',#2235,(#2240,#2251),.PCURVE_S1.);
#2235 = CIRCLE('',#2236,7.6);
#2236 = AXIS2_PLACEMENT_3D('',#2237,#2238,#2239);
#2237 = CARTESIAN_POINT('',(27.55,-61.85,0.8));
#2238 = DIRECTION('',(-0.,-0.,-1.));
#2239 = DIRECTION('',(0.,-1.,0.));
#2240 = PCURVE('',#2081,#2241);
#2241 = DEFINITIONAL_REPRESENTATION('',(#2242),#2250);
#2242 = ( BOUNDED_CURVE() B_SPLINE_CURVE(2,(#2243,#2244,#2245,#2246,
#2247,#2248,#2249),.UNSPECIFIED.,.T.,.F.) B_SPLINE_CURVE_WITH_KNOTS((1,2
    ,2,2,2,1),(-2.094395102393,0.,2.094395102393,4.188790204786,
6.28318530718,8.377580409573),.UNSPECIFIED.) CURVE() 
GEOMETRIC_REPRESENTATION_ITEM() RATIONAL_B_SPLINE_CURVE((1.,0.5,1.,0.5,
1.,0.5,1.)) REPRESENTATION_ITEM('') );
#2243 = CARTESIAN_POINT('',(62.7,-5.329070518201E-15));
#2244 = CARTESIAN_POINT('',(49.536413862477,-5.329070518201E-15));
#2245 = CARTESIAN_POINT('',(56.118206931238,11.4));
#2246 = CARTESIAN_POINT('',(62.7,22.8));
#2247 = CARTESIAN_POINT('',(69.281793068762,11.4));
#2248 = CARTESIAN_POINT('',(75.863586137523,6.217248937901E-15));
#2249 = CARTESIAN_POINT('',(62.7,-5.329070518201E-15));
#2250 = ( GEOMETRIC_REPRESENTATION_CONTEXT(2) 
PARAMETRIC_REPRESENTATION_CONTEXT() REPRESENTATION_CONTEXT('2D SPACE',''
  ) );
#2251 = PCURVE('',#2252,#2257);
#2252 = CYLINDRICAL_SURFACE('',#2253,7.6);
#2253 = AXIS2_PLACEMENT_3D('',#2254,#2255,#2256);
#2254 = CARTESIAN_POINT('',(27.55,-61.85,-0.8));
#2255 = DIRECTION('',(0.,0.,1.));
#2256 = DIRECTION('',(1.,0.,-0.));
#2257 = DEFINITIONAL_REPRESENTATION('',(#2258),#2262);
#2258 = LINE('',#2259,#2260);
#2259 = CARTESIAN_POINT('',(4.712388980385,1.6));
#2260 = VECTOR('',#2261,1.);
#2261 = DIRECTION('',(-1.,0.));
#2262 = ( GEOMETRIC_REPRESENTATION_CONTEXT(2) 
PARAMETRIC_REPRESENTATION_CONTEXT() REPRESENTATION_CONTEXT('2D SPACE',''
  ) );
#2263 = ORIENTED_EDGE('',*,*,#2264,.T.);
#2264 = EDGE_CURVE('',#2232,#2265,#2267,.T.);
#2265 = VERTEX_POINT('',#2266);
#2266 = CARTESIAN_POINT('',(35.15,61.85,0.8));
#2267 = SURFACE_CURVE('',#2268,(#2272,#2279),.PCURVE_S1.);
#2268 = LINE('',#2269,#2270);
#2269 = CARTESIAN_POINT('',(35.15,-69.45,0.8));
#2270 = VECTOR('',#2271,1.);
#2271 = DIRECTION('',(-0.,1.,0.));
#2272 = PCURVE('',#2081,#2273);
#2273 = DEFINITIONAL_REPRESENTATION('',(#2274),#2278);
#2274 = LINE('',#2275,#2276);
#2275 = CARTESIAN_POINT('',(70.3,0.));
#2276 = VECTOR('',#2277,1.);
#2277 = DIRECTION('',(0.,1.));
#2278 = ( GEOMETRIC_REPRESENTATION_CONTEXT(2) 
PARAMETRIC_REPRESENTATION_CONTEXT() REPRESENTATION_CONTEXT('2D SPACE',''
  ) );
#2279 = PCURVE('',#2280,#2285);
#2280 = PLANE('',#2281);
#2281 = AXIS2_PLACEMENT_3D('',#2282,#2283,#2284);
#2282 = CARTESIAN_POINT('',(35.15,-69.45,-0.8));
#2283 = DIRECTION('',(1.,0.,-0.));
#2284 = DIRECTION('',(0.,0.,1.));
#2285 = DEFINITIONAL_REPRESENTATION('',(#2286),#2290);
#2286 = LINE('',#2287,#2288);
#2287 = CARTESIAN_POINT('',(1.6,0.));
#2288 = VECTOR('',#2289,1.);
#2289 = DIRECTION('',(0.,-1.));
#2290 = ( GEOMETRIC_REPRESENTATION_CONTEXT(2) 
PARAMETRIC_REPRESENTATION_CONTEXT() REPRESENTATION_CONTEXT('2D SPACE',''
  ) );
#2291 = ORIENTED_EDGE('',*,*,#2292,.T.);
#2292 = EDGE_CURVE('',#2265,#2293,#2295,.T.);
#2293 = VERTEX_POINT('',#2294);
#2294 = CARTESIAN_POINT('',(27.55,69.45,0.8));
#2295 = SURFACE_CURVE('',#2296,(#2301,#2308),.PCURVE_S1.);
#2296 = CIRCLE('',#2297,7.6);
#2297 = AXIS2_PLACEMENT_3D('',#2298,#2299,#2300);
#2298 = CARTESIAN_POINT('',(27.55,61.85,0.8));
#2299 = DIRECTION('',(0.,0.,1.));
#2300 = DIRECTION('',(0.,-1.,0.));
#2301 = PCURVE('',#2081,#2302);
#2302 = DEFINITIONAL_REPRESENTATION('',(#2303),#2307);
#2303 = CIRCLE('',#2304,7.6);
#2304 = AXIS2_PLACEMENT_2D('',#2305,#2306);
#2305 = CARTESIAN_POINT('',(62.7,131.3));
#2306 = DIRECTION('',(0.,-1.));
#2307 = ( GEOMETRIC_REPRESENTATION_CONTEXT(2) 
PARAMETRIC_REPRESENTATION_CONTEXT() REPRESENTATION_CONTEXT('2D SPACE',''
  ) );
#2308 = PCURVE('',#2309,#2314);
#2309 = CYLINDRICAL_SURFACE('',#2310,7.6);
#2310 = AXIS2_PLACEMENT_3D('',#2311,#2312,#2313);
#2311 = CARTESIAN_POINT('',(27.55,61.85,-0.8));
#2312 = DIRECTION('',(0.,0.,1.));
#2313 = DIRECTION('',(1.,0.,-0.));
#2314 = DEFINITIONAL_REPRESENTATION('',(#2315),#2319);
#2315 = LINE('',#2316,#2317);
#2316 = CARTESIAN_POINT('',(-1.570796326795,1.6));
#2317 = VECTOR('',#2318,1.);
#2318 = DIRECTION('',(1.,0.));
#2319 = ( GEOMETRIC_REPRESENTATION_CONTEXT(2) 
PARAMETRIC_REPRESENTATION_CONTEXT() REPRESENTATION_CONTEXT('2D SPACE',''
  ) );
#2320 = ORIENTED_EDGE('',*,*,#2321,.F.);
#2321 = EDGE_CURVE('',#2322,#2293,#2324,.T.);
#2322 = VERTEX_POINT('',#2323);
#2323 = CARTESIAN_POINT('',(-27.55,69.45,0.8));
#2324 = SURFACE_CURVE('',#2325,(#2329,#2336),.PCURVE_S1.);
#2325 = LINE('',#2326,#2327);
#2326 = CARTESIAN_POINT('',(-35.15,69.45,0.8));
#2327 = VECTOR('',#2328,1.);
#2328 = DIRECTION('',(1.,0.,-0.));
#2329 = PCURVE('',#2081,#2330);
#2330 = DEFINITIONAL_REPRESENTATION('',(#2331),#2335);
#2331 = LINE('',#2332,#2333);
#2332 = CARTESIAN_POINT('',(0.,138.9));
#2333 = VECTOR('',#2334,1.);
#2334 = DIRECTION('',(1.,0.));
#2335 = ( GEOMETRIC_REPRESENTATION_CONTEXT(2) 
PARAMETRIC_REPRESENTATION_CONTEXT() REPRESENTATION_CONTEXT('2D SPACE',''
  ) );
#2336 = PCURVE('',#2337,#2342);
#2337 = PLANE('',#2338);
#2338 = AXIS2_PLACEMENT_3D('',#2339,#2340,#2341);
#2339 = CARTESIAN_POINT('',(-35.15,69.45,-0.8));
#2340 = DIRECTION('',(-0.,1.,0.));
#2341 = DIRECTION('',(0.,0.,1.));
#2342 = DEFINITIONAL_REPRESENTATION('',(#2343),#2347);
#2343 = LINE('',#2344,#2345);
#2344 = CARTESIAN_POINT('',(1.6,0.));
#2345 = VECTOR('',#2346,1.);
#2346 = DIRECTION('',(0.,1.));
#2347 = ( GEOMETRIC_REPRESENTATION_CONTEXT(2) 
PARAMETRIC_REPRESENTATION_CONTEXT() REPRESENTATION_CONTEXT('2D SPACE',''
  ) );
#2348 = ORIENTED_EDGE('',*,*,#2349,.F.);
#2349 = EDGE_CURVE('',#2061,#2322,#2350,.T.);
#2350 = SURFACE_CURVE('',#2351,(#2356,#2367),.PCURVE_S1.);
#2351 = CIRCLE('',#2352,7.6);
#2352 = AXIS2_PLACEMENT_3D('',#2353,#2354,#2355);
#2353 = CARTESIAN_POINT('',(-27.55,61.85,0.8));
#2354 = DIRECTION('',(-0.,-0.,-1.));
#2355 = DIRECTION('',(0.,-1.,0.));
#2356 = PCURVE('',#2081,#2357);
#2357 = DEFINITIONAL_REPRESENTATION('',(#2358),#2366);
#2358 = ( BOUNDED_CURVE() B_SPLINE_CURVE(2,(#2359,#2360,#2361,#2362,
#2363,#2364,#2365),.UNSPECIFIED.,.T.,.F.) B_SPLINE_CURVE_WITH_KNOTS((1,2
    ,2,2,2,1),(-2.094395102393,0.,2.094395102393,4.188790204786,
6.28318530718,8.377580409573),.UNSPECIFIED.) CURVE() 
GEOMETRIC_REPRESENTATION_ITEM() RATIONAL_B_SPLINE_CURVE((1.,0.5,1.,0.5,
1.,0.5,1.)) REPRESENTATION_ITEM('') );
#2359 = CARTESIAN_POINT('',(7.6,123.7));
#2360 = CARTESIAN_POINT('',(-5.563586137523,123.7));
#2361 = CARTESIAN_POINT('',(1.018206931238,135.1));
#2362 = CARTESIAN_POINT('',(7.6,146.5));
#2363 = CARTESIAN_POINT('',(14.181793068762,135.1));
#2364 = CARTESIAN_POINT('',(20.763586137523,123.7));
#2365 = CARTESIAN_POINT('',(7.6,123.7));
#2366 = ( GEOMETRIC_REPRESENTATION_CONTEXT(2) 
PARAMETRIC_REPRESENTATION_CONTEXT() REPRESENTATION_CONTEXT('2D SPACE',''
  ) );
#2367 = PCURVE('',#2163,#2368);
#2368 = DEFINITIONAL_REPRESENTATION('',(#2369),#2373);
#2369 = LINE('',#2370,#2371);
#2370 = CARTESIAN_POINT('',(1.570796326795,1.6));
#2371 = VECTOR('',#2372,1.);
#2372 = DIRECTION('',(-1.,0.));
#2373 = ( GEOMETRIC_REPRESENTATION_CONTEXT(2) 
PARAMETRIC_REPRESENTATION_CONTEXT() REPRESENTATION_CONTEXT('2D SPACE',''
  ) );
#2374 = ADVANCED_FACE('',(#2375),#2109,.T.);
#2375 = FACE_BOUND('',#2376,.T.);
#2376 = EDGE_LOOP('',(#2377,#2401,#2422,#2423));
#2377 = ORIENTED_EDGE('',*,*,#2378,.T.);
#2378 = EDGE_CURVE('',#2094,#2379,#2381,.T.);
#2379 = VERTEX_POINT('',#2380);
#2380 = CARTESIAN_POINT('',(-27.55,-69.45,-0.8));
#2381 = SURFACE_CURVE('',#2382,(#2387,#2394),.PCURVE_S1.);
#2382 = CIRCLE('',#2383,7.6);
#2383 = AXIS2_PLACEMENT_3D('',#2384,#2385,#2386);
#2384 = CARTESIAN_POINT('',(-27.55,-61.85,-0.8));
#2385 = DIRECTION('',(0.,0.,1.));
#2386 = DIRECTION('',(0.,-1.,0.));
#2387 = PCURVE('',#2109,#2388);
#2388 = DEFINITIONAL_REPRESENTATION('',(#2389),#2393);
#2389 = LINE('',#2390,#2391);
#2390 = CARTESIAN_POINT('',(-4.712388980385,0.));
#2391 = VECTOR('',#2392,1.);
#2392 = DIRECTION('',(1.,0.));
#2393 = ( GEOMETRIC_REPRESENTATION_CONTEXT(2) 
PARAMETRIC_REPRESENTATION_CONTEXT() REPRESENTATION_CONTEXT('2D SPACE',''
  ) );
#2394 = PCURVE('',#2137,#2395);
#2395 = DEFINITIONAL_REPRESENTATION('',(#2396),#2400);
#2396 = CIRCLE('',#2397,7.6);
#2397 = AXIS2_PLACEMENT_2D('',#2398,#2399);
#2398 = CARTESIAN_POINT('',(7.6,7.6));
#2399 = DIRECTION('',(0.,-1.));
#2400 = ( GEOMETRIC_REPRESENTATION_CONTEXT(2) 
PARAMETRIC_REPRESENTATION_CONTEXT() REPRESENTATION_CONTEXT('2D SPACE',''
  ) );
#2401 = ORIENTED_EDGE('',*,*,#2402,.T.);
#2402 = EDGE_CURVE('',#2379,#2180,#2403,.T.);
#2403 = SURFACE_CURVE('',#2404,(#2408,#2415),.PCURVE_S1.);
#2404 = LINE('',#2405,#2406);
#2405 = CARTESIAN_POINT('',(-27.55,-69.45,-0.8));
#2406 = VECTOR('',#2407,1.);
#2407 = DIRECTION('',(0.,0.,1.));
#2408 = PCURVE('',#2109,#2409);
#2409 = DEFINITIONAL_REPRESENTATION('',(#2410),#2414);
#2410 = LINE('',#2411,#2412);
#2411 = CARTESIAN_POINT('',(1.570796326795,0.));
#2412 = VECTOR('',#2413,1.);
#2413 = DIRECTION('',(0.,1.));
#2414 = ( GEOMETRIC_REPRESENTATION_CONTEXT(2) 
PARAMETRIC_REPRESENTATION_CONTEXT() REPRESENTATION_CONTEXT('2D SPACE',''
  ) );
#2415 = PCURVE('',#2219,#2416);
#2416 = DEFINITIONAL_REPRESENTATION('',(#2417),#2421);
#2417 = LINE('',#2418,#2419);
#2418 = CARTESIAN_POINT('',(0.,7.6));
#2419 = VECTOR('',#2420,1.);
#2420 = DIRECTION('',(1.,0.));
#2421 = ( GEOMETRIC_REPRESENTATION_CONTEXT(2) 
PARAMETRIC_REPRESENTATION_CONTEXT() REPRESENTATION_CONTEXT('2D SPACE',''
  ) );
#2422 = ORIENTED_EDGE('',*,*,#2179,.F.);
#2423 = ORIENTED_EDGE('',*,*,#2093,.F.);
#2424 = ADVANCED_FACE('',(#2425),#2163,.T.);
#2425 = FACE_BOUND('',#2426,.F.);
#2426 = EDGE_LOOP('',(#2427,#2455,#2476,#2477));
#2427 = ORIENTED_EDGE('',*,*,#2428,.T.);
#2428 = EDGE_CURVE('',#2122,#2429,#2431,.T.);
#2429 = VERTEX_POINT('',#2430);
#2430 = CARTESIAN_POINT('',(-27.55,69.45,-0.8));
#2431 = SURFACE_CURVE('',#2432,(#2437,#2444),.PCURVE_S1.);
#2432 = CIRCLE('',#2433,7.6);
#2433 = AXIS2_PLACEMENT_3D('',#2434,#2435,#2436);
#2434 = CARTESIAN_POINT('',(-27.55,61.85,-0.8));
#2435 = DIRECTION('',(-0.,-0.,-1.));
#2436 = DIRECTION('',(0.,-1.,0.));
#2437 = PCURVE('',#2163,#2438);
#2438 = DEFINITIONAL_REPRESENTATION('',(#2439),#2443);
#2439 = LINE('',#2440,#2441);
#2440 = CARTESIAN_POINT('',(1.570796326795,-0.));
#2441 = VECTOR('',#2442,1.);
#2442 = DIRECTION('',(-1.,0.));
#2443 = ( GEOMETRIC_REPRESENTATION_CONTEXT(2) 
PARAMETRIC_REPRESENTATION_CONTEXT() REPRESENTATION_CONTEXT('2D SPACE',''
  ) );
#2444 = PCURVE('',#2137,#2445);
#2445 = DEFINITIONAL_REPRESENTATION('',(#2446),#2454);
#2446 = ( BOUNDED_CURVE() B_SPLINE_CURVE(2,(#2447,#2448,#2449,#2450,
#2451,#2452,#2453),.UNSPECIFIED.,.T.,.F.) B_SPLINE_CURVE_WITH_KNOTS((1,2
    ,2,2,2,1),(-2.094395102393,0.,2.094395102393,4.188790204786,
6.28318530718,8.377580409573),.UNSPECIFIED.) CURVE() 
GEOMETRIC_REPRESENTATION_ITEM() RATIONAL_B_SPLINE_CURVE((1.,0.5,1.,0.5,
1.,0.5,1.)) REPRESENTATION_ITEM('') );
#2447 = CARTESIAN_POINT('',(7.6,123.7));
#2448 = CARTESIAN_POINT('',(-5.563586137523,123.7));
#2449 = CARTESIAN_POINT('',(1.018206931238,135.1));
#2450 = CARTESIAN_POINT('',(7.6,146.5));
#2451 = CARTESIAN_POINT('',(14.181793068762,135.1));
#2452 = CARTESIAN_POINT('',(20.763586137523,123.7));
#2453 = CARTESIAN_POINT('',(7.6,123.7));
#2454 = ( GEOMETRIC_REPRESENTATION_CONTEXT(2) 
PARAMETRIC_REPRESENTATION_CONTEXT() REPRESENTATION_CONTEXT('2D SPACE',''
  ) );
#2455 = ORIENTED_EDGE('',*,*,#2456,.T.);
#2456 = EDGE_CURVE('',#2429,#2322,#2457,.T.);
#2457 = SURFACE_CURVE('',#2458,(#2462,#2469),.PCURVE_S1.);
#2458 = LINE('',#2459,#2460);
#2459 = CARTESIAN_POINT('',(-27.55,69.45,-0.8));
#2460 = VECTOR('',#2461,1.);
#2461 = DIRECTION('',(0.,0.,1.));
#2462 = PCURVE('',#2163,#2463);
#2463 = DEFINITIONAL_REPRESENTATION('',(#2464),#2468);
#2464 = LINE('',#2465,#2466);
#2465 = CARTESIAN_POINT('',(-1.570796326795,0.));
#2466 = VECTOR('',#2467,1.);
#2467 = DIRECTION('',(-0.,1.));
#2468 = ( GEOMETRIC_REPRESENTATION_CONTEXT(2) 
PARAMETRIC_REPRESENTATION_CONTEXT() REPRESENTATION_CONTEXT('2D SPACE',''
  ) );
#2469 = PCURVE('',#2337,#2470);
#2470 = DEFINITIONAL_REPRESENTATION('',(#2471),#2475);
#2471 = LINE('',#2472,#2473);
#2472 = CARTESIAN_POINT('',(0.,7.6));
#2473 = VECTOR('',#2474,1.);
#2474 = DIRECTION('',(1.,0.));
#2475 = ( GEOMETRIC_REPRESENTATION_CONTEXT(2) 
PARAMETRIC_REPRESENTATION_CONTEXT() REPRESENTATION_CONTEXT('2D SPACE',''
  ) );
#2476 = ORIENTED_EDGE('',*,*,#2349,.F.);
#2477 = ORIENTED_EDGE('',*,*,#2149,.F.);
#2478 = ADVANCED_FACE('',(#2479),#2137,.F.);
#2479 = FACE_BOUND('',#2480,.F.);
#2480 = EDGE_LOOP('',(#2481,#2482,#2483,#2506,#2534,#2557,#2581,#2602));
#2481 = ORIENTED_EDGE('',*,*,#2121,.F.);
#2482 = ORIENTED_EDGE('',*,*,#2378,.T.);
#2483 = ORIENTED_EDGE('',*,*,#2484,.T.);
#2484 = EDGE_CURVE('',#2379,#2485,#2487,.T.);
#2485 = VERTEX_POINT('',#2486);
#2486 = CARTESIAN_POINT('',(27.55,-69.45,-0.8));
#2487 = SURFACE_CURVE('',#2488,(#2492,#2499),.PCURVE_S1.);
#2488 = LINE('',#2489,#2490);
#2489 = CARTESIAN_POINT('',(-35.15,-69.45,-0.8));
#2490 = VECTOR('',#2491,1.);
#2491 = DIRECTION('',(1.,0.,-0.));
#2492 = PCURVE('',#2137,#2493);
#2493 = DEFINITIONAL_REPRESENTATION('',(#2494),#2498);
#2494 = LINE('',#2495,#2496);
#2495 = CARTESIAN_POINT('',(0.,0.));
#2496 = VECTOR('',#2497,1.);
#2497 = DIRECTION('',(1.,0.));
#2498 = ( GEOMETRIC_REPRESENTATION_CONTEXT(2) 
PARAMETRIC_REPRESENTATION_CONTEXT() REPRESENTATION_CONTEXT('2D SPACE',''
  ) );
#2499 = PCURVE('',#2219,#2500);
#2500 = DEFINITIONAL_REPRESENTATION('',(#2501),#2505);
#2501 = LINE('',#2502,#2503);
#2502 = CARTESIAN_POINT('',(0.,0.));
#2503 = VECTOR('',#2504,1.);
#2504 = DIRECTION('',(0.,1.));
#2505 = ( GEOMETRIC_REPRESENTATION_CONTEXT(2) 
PARAMETRIC_REPRESENTATION_CONTEXT() REPRESENTATION_CONTEXT('2D SPACE',''
  ) );
#2506 = ORIENTED_EDGE('',*,*,#2507,.F.);
#2507 = EDGE_CURVE('',#2508,#2485,#2510,.T.);
#2508 = VERTEX_POINT('',#2509);
#2509 = CARTESIAN_POINT('',(35.15,-61.85,-0.8));
#2510 = SURFACE_CURVE('',#2511,(#2516,#2527),.PCURVE_S1.);
#2511 = CIRCLE('',#2512,7.6);
#2512 = AXIS2_PLACEMENT_3D('',#2513,#2514,#2515);
#2513 = CARTESIAN_POINT('',(27.55,-61.85,-0.8));
#2514 = DIRECTION('',(-0.,-0.,-1.));
#2515 = DIRECTION('',(0.,-1.,0.));
#2516 = PCURVE('',#2137,#2517);
#2517 = DEFINITIONAL_REPRESENTATION('',(#2518),#2526);
#2518 = ( BOUNDED_CURVE() B_SPLINE_CURVE(2,(#2519,#2520,#2521,#2522,
#2523,#2524,#2525),.UNSPECIFIED.,.T.,.F.) B_SPLINE_CURVE_WITH_KNOTS((1,2
    ,2,2,2,1),(-2.094395102393,0.,2.094395102393,4.188790204786,
6.28318530718,8.377580409573),.UNSPECIFIED.) CURVE() 
GEOMETRIC_REPRESENTATION_ITEM() RATIONAL_B_SPLINE_CURVE((1.,0.5,1.,0.5,
1.,0.5,1.)) REPRESENTATION_ITEM('') );
#2519 = CARTESIAN_POINT('',(62.7,-5.329070518201E-15));
#2520 = CARTESIAN_POINT('',(49.536413862477,-5.329070518201E-15));
#2521 = CARTESIAN_POINT('',(56.118206931238,11.4));
#2522 = CARTESIAN_POINT('',(62.7,22.8));
#2523 = CARTESIAN_POINT('',(69.281793068762,11.4));
#2524 = CARTESIAN_POINT('',(75.863586137523,6.217248937901E-15));
#2525 = CARTESIAN_POINT('',(62.7,-5.329070518201E-15));
#2526 = ( GEOMETRIC_REPRESENTATION_CONTEXT(2) 
PARAMETRIC_REPRESENTATION_CONTEXT() REPRESENTATION_CONTEXT('2D SPACE',''
  ) );
#2527 = PCURVE('',#2252,#2528);
#2528 = DEFINITIONAL_REPRESENTATION('',(#2529),#2533);
#2529 = LINE('',#2530,#2531);
#2530 = CARTESIAN_POINT('',(4.712388980385,-0.));
#2531 = VECTOR('',#2532,1.);
#2532 = DIRECTION('',(-1.,0.));
#2533 = ( GEOMETRIC_REPRESENTATION_CONTEXT(2) 
PARAMETRIC_REPRESENTATION_CONTEXT() REPRESENTATION_CONTEXT('2D SPACE',''
  ) );
#2534 = ORIENTED_EDGE('',*,*,#2535,.T.);
#2535 = EDGE_CURVE('',#2508,#2536,#2538,.T.);
#2536 = VERTEX_POINT('',#2537);
#2537 = CARTESIAN_POINT('',(35.15,61.85,-0.8));
#2538 = SURFACE_CURVE('',#2539,(#2543,#2550),.PCURVE_S1.);
#2539 = LINE('',#2540,#2541);
#2540 = CARTESIAN_POINT('',(35.15,-69.45,-0.8));
#2541 = VECTOR('',#2542,1.);
#2542 = DIRECTION('',(-0.,1.,0.));
#2543 = PCURVE('',#2137,#2544);
#2544 = DEFINITIONAL_REPRESENTATION('',(#2545),#2549);
#2545 = LINE('',#2546,#2547);
#2546 = CARTESIAN_POINT('',(70.3,0.));
#2547 = VECTOR('',#2548,1.);
#2548 = DIRECTION('',(0.,1.));
#2549 = ( GEOMETRIC_REPRESENTATION_CONTEXT(2) 
PARAMETRIC_REPRESENTATION_CONTEXT() REPRESENTATION_CONTEXT('2D SPACE',''
  ) );
#2550 = PCURVE('',#2280,#2551);
#2551 = DEFINITIONAL_REPRESENTATION('',(#2552),#2556);
#2552 = LINE('',#2553,#2554);
#2553 = CARTESIAN_POINT('',(0.,0.));
#2554 = VECTOR('',#2555,1.);
#2555 = DIRECTION('',(0.,-1.));
#2556 = ( GEOMETRIC_REPRESENTATION_CONTEXT(2) 
PARAMETRIC_REPRESENTATION_CONTEXT() REPRESENTATION_CONTEXT('2D SPACE',''
  ) );
#2557 = ORIENTED_EDGE('',*,*,#2558,.T.);
#2558 = EDGE_CURVE('',#2536,#2559,#2561,.T.);
#2559 = VERTEX_POINT('',#2560);
#2560 = CARTESIAN_POINT('',(27.55,69.45,-0.8));
#2561 = SURFACE_CURVE('',#2562,(#2567,#2574),.PCURVE_S1.);
#2562 = CIRCLE('',#2563,7.6);
#2563 = AXIS2_PLACEMENT_3D('',#2564,#2565,#2566);
#2564 = CARTESIAN_POINT('',(27.55,61.85,-0.8));
#2565 = DIRECTION('',(0.,0.,1.));
#2566 = DIRECTION('',(0.,-1.,0.));
#2567 = PCURVE('',#2137,#2568);
#2568 = DEFINITIONAL_REPRESENTATION('',(#2569),#2573);
#2569 = CIRCLE('',#2570,7.6);
#2570 = AXIS2_PLACEMENT_2D('',#2571,#2572);
#2571 = CARTESIAN_POINT('',(62.7,131.3));
#2572 = DIRECTION('',(0.,-1.));
#2573 = ( GEOMETRIC_REPRESENTATION_CONTEXT(2) 
PARAMETRIC_REPRESENTATION_CONTEXT() REPRESENTATION_CONTEXT('2D SPACE',''
  ) );
#2574 = PCURVE('',#2309,#2575);
#2575 = DEFINITIONAL_REPRESENTATION('',(#2576),#2580);
#2576 = LINE('',#2577,#2578);
#2577 = CARTESIAN_POINT('',(-1.570796326795,0.));
#2578 = VECTOR('',#2579,1.);
#2579 = DIRECTION('',(1.,0.));
#2580 = ( GEOMETRIC_REPRESENTATION_CONTEXT(2) 
PARAMETRIC_REPRESENTATION_CONTEXT() REPRESENTATION_CONTEXT('2D SPACE',''
  ) );
#2581 = ORIENTED_EDGE('',*,*,#2582,.F.);
#2582 = EDGE_CURVE('',#2429,#2559,#2583,.T.);
#2583 = SURFACE_CURVE('',#2584,(#2588,#2595),.PCURVE_S1.);
#2584 = LINE('',#2585,#2586);
#2585 = CARTESIAN_POINT('',(-35.15,69.45,-0.8));
#2586 = VECTOR('',#2587,1.);
#2587 = DIRECTION('',(1.,0.,-0.));
#2588 = PCURVE('',#2137,#2589);
#2589 = DEFINITIONAL_REPRESENTATION('',(#2590),#2594);
#2590 = LINE('',#2591,#2592);
#2591 = CARTESIAN_POINT('',(0.,138.9));
#2592 = VECTOR('',#2593,1.);
#2593 = DIRECTION('',(1.,0.));
#2594 = ( GEOMETRIC_REPRESENTATION_CONTEXT(2) 
PARAMETRIC_REPRESENTATION_CONTEXT() REPRESENTATION_CONTEXT('2D SPACE',''
  ) );
#2595 = PCURVE('',#2337,#2596);
#2596 = DEFINITIONAL_REPRESENTATION('',(#2597),#2601);
#2597 = LINE('',#2598,#2599);
#2598 = CARTESIAN_POINT('',(0.,0.));
#2599 = VECTOR('',#2600,1.);
#2600 = DIRECTION('',(0.,1.));
#2601 = ( GEOMETRIC_REPRESENTATION_CONTEXT(2) 
PARAMETRIC_REPRESENTATION_CONTEXT() REPRESENTATION_CONTEXT('2D SPACE',''
  ) );
#2602 = ORIENTED_EDGE('',*,*,#2428,.F.);
#2603 = ADVANCED_FACE('',(#2604),#2219,.F.);
#2604 = FACE_BOUND('',#2605,.F.);
#2605 = EDGE_LOOP('',(#2606,#2607,#2608,#2609));
#2606 = ORIENTED_EDGE('',*,*,#2484,.F.);
#2607 = ORIENTED_EDGE('',*,*,#2402,.T.);
#2608 = ORIENTED_EDGE('',*,*,#2203,.T.);
#2609 = ORIENTED_EDGE('',*,*,#2610,.F.);
#2610 = EDGE_CURVE('',#2485,#2204,#2611,.T.);
#2611 = SURFACE_CURVE('',#2612,(#2616,#2623),.PCURVE_S1.);
#2612 = LINE('',#2613,#2614);
#2613 = CARTESIAN_POINT('',(27.55,-69.45,-0.8));
#2614 = VECTOR('',#2615,1.);
#2615 = DIRECTION('',(0.,0.,1.));
#2616 = PCURVE('',#2219,#2617);
#2617 = DEFINITIONAL_REPRESENTATION('',(#2618),#2622);
#2618 = LINE('',#2619,#2620);
#2619 = CARTESIAN_POINT('',(0.,62.7));
#2620 = VECTOR('',#2621,1.);
#2621 = DIRECTION('',(1.,0.));
#2622 = ( GEOMETRIC_REPRESENTATION_CONTEXT(2) 
PARAMETRIC_REPRESENTATION_CONTEXT() REPRESENTATION_CONTEXT('2D SPACE',''
  ) );
#2623 = PCURVE('',#2252,#2624);
#2624 = DEFINITIONAL_REPRESENTATION('',(#2625),#2629);
#2625 = LINE('',#2626,#2627);
#2626 = CARTESIAN_POINT('',(-1.570796326795,0.));
#2627 = VECTOR('',#2628,1.);
#2628 = DIRECTION('',(-0.,1.));
#2629 = ( GEOMETRIC_REPRESENTATION_CONTEXT(2) 
PARAMETRIC_REPRESENTATION_CONTEXT() REPRESENTATION_CONTEXT('2D SPACE',''
  ) );
#2630 = ADVANCED_FACE('',(#2631),#2337,.T.);
#2631 = FACE_BOUND('',#2632,.T.);
#2632 = EDGE_LOOP('',(#2633,#2634,#2635,#2636));
#2633 = ORIENTED_EDGE('',*,*,#2582,.F.);
#2634 = ORIENTED_EDGE('',*,*,#2456,.T.);
#2635 = ORIENTED_EDGE('',*,*,#2321,.T.);
#2636 = ORIENTED_EDGE('',*,*,#2637,.F.);
#2637 = EDGE_CURVE('',#2559,#2293,#2638,.T.);
#2638 = SURFACE_CURVE('',#2639,(#2643,#2650),.PCURVE_S1.);
#2639 = LINE('',#2640,#2641);
#2640 = CARTESIAN_POINT('',(27.55,69.45,-0.8));
#2641 = VECTOR('',#2642,1.);
#2642 = DIRECTION('',(0.,0.,1.));
#2643 = PCURVE('',#2337,#2644);
#2644 = DEFINITIONAL_REPRESENTATION('',(#2645),#2649);
#2645 = LINE('',#2646,#2647);
#2646 = CARTESIAN_POINT('',(0.,62.7));
#2647 = VECTOR('',#2648,1.);
#2648 = DIRECTION('',(1.,0.));
#2649 = ( GEOMETRIC_REPRESENTATION_CONTEXT(2) 
PARAMETRIC_REPRESENTATION_CONTEXT() REPRESENTATION_CONTEXT('2D SPACE',''
  ) );
#2650 = PCURVE('',#2309,#2651);
#2651 = DEFINITIONAL_REPRESENTATION('',(#2652),#2656);
#2652 = LINE('',#2653,#2654);
#2653 = CARTESIAN_POINT('',(1.570796326795,0.));
#2654 = VECTOR('',#2655,1.);
#2655 = DIRECTION('',(0.,1.));
#2656 = ( GEOMETRIC_REPRESENTATION_CONTEXT(2) 
PARAMETRIC_REPRESENTATION_CONTEXT() REPRESENTATION_CONTEXT('2D SPACE',''
  ) );
#2657 = ADVANCED_FACE('',(#2658),#2252,.T.);
#2658 = FACE_BOUND('',#2659,.F.);
#2659 = EDGE_LOOP('',(#2660,#2661,#2662,#2663));
#2660 = ORIENTED_EDGE('',*,*,#2507,.T.);
#2661 = ORIENTED_EDGE('',*,*,#2610,.T.);
#2662 = ORIENTED_EDGE('',*,*,#2231,.F.);
#2663 = ORIENTED_EDGE('',*,*,#2664,.F.);
#2664 = EDGE_CURVE('',#2508,#2232,#2665,.T.);
#2665 = SURFACE_CURVE('',#2666,(#2670,#2677),.PCURVE_S1.);
#2666 = LINE('',#2667,#2668);
#2667 = CARTESIAN_POINT('',(35.15,-61.85,-0.8));
#2668 = VECTOR('',#2669,1.);
#2669 = DIRECTION('',(0.,0.,1.));
#2670 = PCURVE('',#2252,#2671);
#2671 = DEFINITIONAL_REPRESENTATION('',(#2672),#2676);
#2672 = LINE('',#2673,#2674);
#2673 = CARTESIAN_POINT('',(-0.,0.));
#2674 = VECTOR('',#2675,1.);
#2675 = DIRECTION('',(-0.,1.));
#2676 = ( GEOMETRIC_REPRESENTATION_CONTEXT(2) 
PARAMETRIC_REPRESENTATION_CONTEXT() REPRESENTATION_CONTEXT('2D SPACE',''
  ) );
#2677 = PCURVE('',#2280,#2678);
#2678 = DEFINITIONAL_REPRESENTATION('',(#2679),#2683);
#2679 = LINE('',#2680,#2681);
#2680 = CARTESIAN_POINT('',(0.,-7.6));
#2681 = VECTOR('',#2682,1.);
#2682 = DIRECTION('',(1.,0.));
#2683 = ( GEOMETRIC_REPRESENTATION_CONTEXT(2) 
PARAMETRIC_REPRESENTATION_CONTEXT() REPRESENTATION_CONTEXT('2D SPACE',''
  ) );
#2684 = ADVANCED_FACE('',(#2685),#2309,.T.);
#2685 = FACE_BOUND('',#2686,.T.);
#2686 = EDGE_LOOP('',(#2687,#2688,#2689,#2690));
#2687 = ORIENTED_EDGE('',*,*,#2558,.T.);
#2688 = ORIENTED_EDGE('',*,*,#2637,.T.);
#2689 = ORIENTED_EDGE('',*,*,#2292,.F.);
#2690 = ORIENTED_EDGE('',*,*,#2691,.F.);
#2691 = EDGE_CURVE('',#2536,#2265,#2692,.T.);
#2692 = SURFACE_CURVE('',#2693,(#2697,#2704),.PCURVE_S1.);
#2693 = LINE('',#2694,#2695);
#2694 = CARTESIAN_POINT('',(35.15,61.85,-0.8));
#2695 = VECTOR('',#2696,1.);
#2696 = DIRECTION('',(0.,0.,1.));
#2697 = PCURVE('',#2309,#2698);
#2698 = DEFINITIONAL_REPRESENTATION('',(#2699),#2703);
#2699 = LINE('',#2700,#2701);
#2700 = CARTESIAN_POINT('',(0.,0.));
#2701 = VECTOR('',#2702,1.);
#2702 = DIRECTION('',(0.,1.));
#2703 = ( GEOMETRIC_REPRESENTATION_CONTEXT(2) 
PARAMETRIC_REPRESENTATION_CONTEXT() REPRESENTATION_CONTEXT('2D SPACE',''
  ) );
#2704 = PCURVE('',#2280,#2705);
#2705 = DEFINITIONAL_REPRESENTATION('',(#2706),#2710);
#2706 = LINE('',#2707,#2708);
#2707 = CARTESIAN_POINT('',(0.,-131.3));
#2708 = VECTOR('',#2709,1.);
#2709 = DIRECTION('',(1.,0.));
#2710 = ( GEOMETRIC_REPRESENTATION_CONTEXT(2) 
PARAMETRIC_REPRESENTATION_CONTEXT() REPRESENTATION_CONTEXT('2D SPACE',''
  ) );
#2711 = ADVANCED_FACE('',(#2712),#2280,.T.);
#2712 = FACE_BOUND('',#2713,.T.);
#2713 = EDGE_LOOP('',(#2714,#2715,#2716,#2717));
#2714 = ORIENTED_EDGE('',*,*,#2264,.F.);
#2715 = ORIENTED_EDGE('',*,*,#2664,.F.);
#2716 = ORIENTED_EDGE('',*,*,#2535,.T.);
#2717 = ORIENTED_EDGE('',*,*,#2691,.T.);
#2718 = ( GEOMETRIC_REPRESENTATION_CONTEXT(3) 
GLOBAL_UNCERTAINTY_ASSIGNED_CONTEXT((#2722)) 
GLOBAL_UNIT_ASSIGNED_CONTEXT((#2719,#2720,#2721)) REPRESENTATION_CONTEXT
('Context #1','3D Context with UNIT and UNCERTAINTY') );
#2719 = ( LENGTH_UNIT() NAMED_UNIT(*) SI_UNIT(.MILLI.,.METRE.) );
#2720 = ( NAMED_UNIT(*) PLANE_ANGLE_UNIT() SI_UNIT($,.RADIAN.) );
#2721 = ( NAMED_UNIT(*) SI_UNIT($,.STERADIAN.) SOLID_ANGLE_UNIT() );
#2722 = UNCERTAINTY_MEASURE_WITH_UNIT(LENGTH_MEASURE(1.E-07),#2719,
  'distance_accuracy_value','confusion accuracy');
#2723 = CONTEXT_DEPENDENT_SHAPE_REPRESENTATION(#2724,#2726);
#2724 = ( REPRESENTATION_RELATIONSHIP('','',#2051,#10) 
REPRESENTATION_RELATIONSHIP_WITH_TRANSFORMATION(#2725) 
SHAPE_REPRESENTATION_RELATIONSHIP() );
#2725 = ITEM_DEFINED_TRANSFORMATION('','',#11,#19);
#2726 = PRODUCT_DEFINITION_SHAPE('Placement','Placement of an item',
  #2727);
#2727 = NEXT_ASSEMBLY_USAGE_OCCURRENCE('2','DISPLAY_GLASS','',#5,#2046,$
  );
#2728 = PRODUCT_RELATED_PRODUCT_CATEGORY('part',$,(#2048));
#2729 = SHAPE_DEFINITION_REPRESENTATION(#2730,#2736);
#2730 = PRODUCT_DEFINITION_SHAPE('','',#2731);
#2731 = PRODUCT_DEFINITION('design','',#2732,#2735);
#2732 = PRODUCT_DEFINITION_FORMATION('','',#2733);
#2733 = PRODUCT('ENCLOSURE_MID_FRAME','ENCLOSURE_MID_FRAME','',(#2734));
#2734 = PRODUCT_CONTEXT('',#2,'mechanical');
#2735 = PRODUCT_DEFINITION_CONTEXT('part definition',#2,'design');
#2736 = ADVANCED_BREP_SHAPE_REPRESENTATION('',(#11,#2737),#4045);
#2737 = MANIFOLD_SOLID_BREP('',#2738);
#2738 = CLOSED_SHELL('',(#2739,#2859,#3281,#3331,#3385,#3510,#3537,#3564
    ,#3591,#3618,#3625,#3702,#3751,#3805,#3854,#3904,#3953,#4007,#4034)
  );
#2739 = ADVANCED_FACE('',(#2740),#2754,.F.);
#2740 = FACE_BOUND('',#2741,.F.);
#2741 = EDGE_LOOP('',(#2742,#2777,#2805,#2833));
#2742 = ORIENTED_EDGE('',*,*,#2743,.F.);
#2743 = EDGE_CURVE('',#2744,#2746,#2748,.T.);
#2744 = VERTEX_POINT('',#2745);
#2745 = CARTESIAN_POINT('',(-48.26,-69.55,4.));
#2746 = VERTEX_POINT('',#2747);
#2747 = CARTESIAN_POINT('',(-48.26,69.55,4.));
#2748 = SURFACE_CURVE('',#2749,(#2753,#2765),.PCURVE_S1.);
#2749 = LINE('',#2750,#2751);
#2750 = CARTESIAN_POINT('',(-48.26,-82.55,4.));
#2751 = VECTOR('',#2752,1.);
#2752 = DIRECTION('',(-0.,1.,0.));
#2753 = PCURVE('',#2754,#2759);
#2754 = PLANE('',#2755);
#2755 = AXIS2_PLACEMENT_3D('',#2756,#2757,#2758);
#2756 = CARTESIAN_POINT('',(-48.26,-82.55,-4.));
#2757 = DIRECTION('',(1.,0.,-0.));
#2758 = DIRECTION('',(0.,0.,1.));
#2759 = DEFINITIONAL_REPRESENTATION('',(#2760),#2764);
#2760 = LINE('',#2761,#2762);
#2761 = CARTESIAN_POINT('',(8.,0.));
#2762 = VECTOR('',#2763,1.);
#2763 = DIRECTION('',(0.,-1.));
#2764 = ( GEOMETRIC_REPRESENTATION_CONTEXT(2) 
PARAMETRIC_REPRESENTATION_CONTEXT() REPRESENTATION_CONTEXT('2D SPACE',''
  ) );
#2765 = PCURVE('',#2766,#2771);
#2766 = PLANE('',#2767);
#2767 = AXIS2_PLACEMENT_3D('',#2768,#2769,#2770);
#2768 = CARTESIAN_POINT('',(-48.26,-82.55,4.));
#2769 = DIRECTION('',(0.,0.,1.));
#2770 = DIRECTION('',(1.,0.,-0.));
#2771 = DEFINITIONAL_REPRESENTATION('',(#2772),#2776);
#2772 = LINE('',#2773,#2774);
#2773 = CARTESIAN_POINT('',(0.,0.));
#2774 = VECTOR('',#2775,1.);
#2775 = DIRECTION('',(0.,1.));
#2776 = ( GEOMETRIC_REPRESENTATION_CONTEXT(2) 
PARAMETRIC_REPRESENTATION_CONTEXT() REPRESENTATION_CONTEXT('2D SPACE',''
  ) );
#2777 = ORIENTED_EDGE('',*,*,#2778,.F.);
#2778 = EDGE_CURVE('',#2779,#2744,#2781,.T.);
#2779 = VERTEX_POINT('',#2780);
#2780 = CARTESIAN_POINT('',(-48.26,-69.55,-4.));
#2781 = SURFACE_CURVE('',#2782,(#2786,#2793),.PCURVE_S1.);
#2782 = LINE('',#2783,#2784);
#2783 = CARTESIAN_POINT('',(-48.26,-69.55,-4.));
#2784 = VECTOR('',#2785,1.);
#2785 = DIRECTION('',(0.,0.,1.));
#2786 = PCURVE('',#2754,#2787);
#2787 = DEFINITIONAL_REPRESENTATION('',(#2788),#2792);
#2788 = LINE('',#2789,#2790);
#2789 = CARTESIAN_POINT('',(0.,-13.));
#2790 = VECTOR('',#2791,1.);
#2791 = DIRECTION('',(1.,0.));
#2792 = ( GEOMETRIC_REPRESENTATION_CONTEXT(2) 
PARAMETRIC_REPRESENTATION_CONTEXT() REPRESENTATION_CONTEXT('2D SPACE',''
  ) );
#2793 = PCURVE('',#2794,#2799);
#2794 = CYLINDRICAL_SURFACE('',#2795,13.);
#2795 = AXIS2_PLACEMENT_3D('',#2796,#2797,#2798);
#2796 = CARTESIAN_POINT('',(-35.26,-69.55,-4.));
#2797 = DIRECTION('',(0.,0.,1.));
#2798 = DIRECTION('',(-1.,-0.,0.));
#2799 = DEFINITIONAL_REPRESENTATION('',(#2800),#2804);
#2800 = LINE('',#2801,#2802);
#2801 = CARTESIAN_POINT('',(0.,0.));
#2802 = VECTOR('',#2803,1.);
#2803 = DIRECTION('',(0.,1.));
#2804 = ( GEOMETRIC_REPRESENTATION_CONTEXT(2) 
PARAMETRIC_REPRESENTATION_CONTEXT() REPRESENTATION_CONTEXT('2D SPACE',''
  ) );
#2805 = ORIENTED_EDGE('',*,*,#2806,.T.);
#2806 = EDGE_CURVE('',#2779,#2807,#2809,.T.);
#2807 = VERTEX_POINT('',#2808);
#2808 = CARTESIAN_POINT('',(-48.26,69.55,-4.));
#2809 = SURFACE_CURVE('',#2810,(#2814,#2821),.PCURVE_S1.);
#2810 = LINE('',#2811,#2812);
#2811 = CARTESIAN_POINT('',(-48.26,-82.55,-4.));
#2812 = VECTOR('',#2813,1.);
#2813 = DIRECTION('',(-0.,1.,0.));
#2814 = PCURVE('',#2754,#2815);
#2815 = DEFINITIONAL_REPRESENTATION('',(#2816),#2820);
#2816 = LINE('',#2817,#2818);
#2817 = CARTESIAN_POINT('',(0.,0.));
#2818 = VECTOR('',#2819,1.);
#2819 = DIRECTION('',(0.,-1.));
#2820 = ( GEOMETRIC_REPRESENTATION_CONTEXT(2) 
PARAMETRIC_REPRESENTATION_CONTEXT() REPRESENTATION_CONTEXT('2D SPACE',''
  ) );
#2821 = PCURVE('',#2822,#2827);
#2822 = PLANE('',#2823);
#2823 = AXIS2_PLACEMENT_3D('',#2824,#2825,#2826);
#2824 = CARTESIAN_POINT('',(-48.26,-82.55,-4.));
#2825 = DIRECTION('',(0.,0.,1.));
#2826 = DIRECTION('',(1.,0.,-0.));
#2827 = DEFINITIONAL_REPRESENTATION('',(#2828),#2832);
#2828 = LINE('',#2829,#2830);
#2829 = CARTESIAN_POINT('',(0.,0.));
#2830 = VECTOR('',#2831,1.);
#2831 = DIRECTION('',(0.,1.));
#2832 = ( GEOMETRIC_REPRESENTATION_CONTEXT(2) 
PARAMETRIC_REPRESENTATION_CONTEXT() REPRESENTATION_CONTEXT('2D SPACE',''
  ) );
#2833 = ORIENTED_EDGE('',*,*,#2834,.T.);
#2834 = EDGE_CURVE('',#2807,#2746,#2835,.T.);
#2835 = SURFACE_CURVE('',#2836,(#2840,#2847),.PCURVE_S1.);
#2836 = LINE('',#2837,#2838);
#2837 = CARTESIAN_POINT('',(-48.26,69.55,-4.));
#2838 = VECTOR('',#2839,1.);
#2839 = DIRECTION('',(0.,0.,1.));
#2840 = PCURVE('',#2754,#2841);
#2841 = DEFINITIONAL_REPRESENTATION('',(#2842),#2846);
#2842 = LINE('',#2843,#2844);
#2843 = CARTESIAN_POINT('',(0.,-152.1));
#2844 = VECTOR('',#2845,1.);
#2845 = DIRECTION('',(1.,0.));
#2846 = ( GEOMETRIC_REPRESENTATION_CONTEXT(2) 
PARAMETRIC_REPRESENTATION_CONTEXT() REPRESENTATION_CONTEXT('2D SPACE',''
  ) );
#2847 = PCURVE('',#2848,#2853);
#2848 = CYLINDRICAL_SURFACE('',#2849,13.);
#2849 = AXIS2_PLACEMENT_3D('',#2850,#2851,#2852);
#2850 = CARTESIAN_POINT('',(-35.26,69.55,-4.));
#2851 = DIRECTION('',(0.,0.,1.));
#2852 = DIRECTION('',(-1.,-0.,0.));
#2853 = DEFINITIONAL_REPRESENTATION('',(#2854),#2858);
#2854 = LINE('',#2855,#2856);
#2855 = CARTESIAN_POINT('',(-0.,0.));
#2856 = VECTOR('',#2857,1.);
#2857 = DIRECTION('',(-0.,1.));
#2858 = ( GEOMETRIC_REPRESENTATION_CONTEXT(2) 
PARAMETRIC_REPRESENTATION_CONTEXT() REPRESENTATION_CONTEXT('2D SPACE',''
  ) );
#2859 = ADVANCED_FACE('',(#2860,#3059),#2766,.T.);
#2860 = FACE_BOUND('',#2861,.T.);
#2861 = EDGE_LOOP('',(#2862,#2863,#2887,#2915,#2948,#2976,#3005,#3033));
#2862 = ORIENTED_EDGE('',*,*,#2743,.F.);
#2863 = ORIENTED_EDGE('',*,*,#2864,.T.);
#2864 = EDGE_CURVE('',#2744,#2865,#2867,.T.);
#2865 = VERTEX_POINT('',#2866);
#2866 = CARTESIAN_POINT('',(-35.26,-82.55,4.));
#2867 = SURFACE_CURVE('',#2868,(#2873,#2880),.PCURVE_S1.);
#2868 = CIRCLE('',#2869,13.);
#2869 = AXIS2_PLACEMENT_3D('',#2870,#2871,#2872);
#2870 = CARTESIAN_POINT('',(-35.26,-69.55,4.));
#2871 = DIRECTION('',(0.,0.,1.));
#2872 = DIRECTION('',(0.,-1.,0.));
#2873 = PCURVE('',#2766,#2874);
#2874 = DEFINITIONAL_REPRESENTATION('',(#2875),#2879);
#2875 = CIRCLE('',#2876,13.);
#2876 = AXIS2_PLACEMENT_2D('',#2877,#2878);
#2877 = CARTESIAN_POINT('',(13.,13.));
#2878 = DIRECTION('',(0.,-1.));
#2879 = ( GEOMETRIC_REPRESENTATION_CONTEXT(2) 
PARAMETRIC_REPRESENTATION_CONTEXT() REPRESENTATION_CONTEXT('2D SPACE',''
  ) );
#2880 = PCURVE('',#2794,#2881);
#2881 = DEFINITIONAL_REPRESENTATION('',(#2882),#2886);
#2882 = LINE('',#2883,#2884);
#2883 = CARTESIAN_POINT('',(-4.712388980385,8.));
#2884 = VECTOR('',#2885,1.);
#2885 = DIRECTION('',(1.,0.));
#2886 = ( GEOMETRIC_REPRESENTATION_CONTEXT(2) 
PARAMETRIC_REPRESENTATION_CONTEXT() REPRESENTATION_CONTEXT('2D SPACE',''
  ) );
#2887 = ORIENTED_EDGE('',*,*,#2888,.T.);
#2888 = EDGE_CURVE('',#2865,#2889,#2891,.T.);
#2889 = VERTEX_POINT('',#2890);
#2890 = CARTESIAN_POINT('',(35.26,-82.55,4.));
#2891 = SURFACE_CURVE('',#2892,(#2896,#2903),.PCURVE_S1.);
#2892 = LINE('',#2893,#2894);
#2893 = CARTESIAN_POINT('',(-48.26,-82.55,4.));
#2894 = VECTOR('',#2895,1.);
#2895 = DIRECTION('',(1.,0.,-0.));
#2896 = PCURVE('',#2766,#2897);
#2897 = DEFINITIONAL_REPRESENTATION('',(#2898),#2902);
#2898 = LINE('',#2899,#2900);
#2899 = CARTESIAN_POINT('',(0.,0.));
#2900 = VECTOR('',#2901,1.);
#2901 = DIRECTION('',(1.,0.));
#2902 = ( GEOMETRIC_REPRESENTATION_CONTEXT(2) 
PARAMETRIC_REPRESENTATION_CONTEXT() REPRESENTATION_CONTEXT('2D SPACE',''
  ) );
#2903 = PCURVE('',#2904,#2909);
#2904 = PLANE('',#2905);
#2905 = AXIS2_PLACEMENT_3D('',#2906,#2907,#2908);
#2906 = CARTESIAN_POINT('',(-48.26,-82.55,-4.));
#2907 = DIRECTION('',(-0.,1.,0.));
#2908 = DIRECTION('',(0.,0.,1.));
#2909 = DEFINITIONAL_REPRESENTATION('',(#2910),#2914);
#2910 = LINE('',#2911,#2912);
#2911 = CARTESIAN_POINT('',(8.,0.));
#2912 = VECTOR('',#2913,1.);
#2913 = DIRECTION('',(0.,1.));
#2914 = ( GEOMETRIC_REPRESENTATION_CONTEXT(2) 
PARAMETRIC_REPRESENTATION_CONTEXT() REPRESENTATION_CONTEXT('2D SPACE',''
  ) );
#2915 = ORIENTED_EDGE('',*,*,#2916,.F.);
#2916 = EDGE_CURVE('',#2917,#2889,#2919,.T.);
#2917 = VERTEX_POINT('',#2918);
#2918 = CARTESIAN_POINT('',(48.26,-69.55,4.));
#2919 = SURFACE_CURVE('',#2920,(#2925,#2936),.PCURVE_S1.);
#2920 = CIRCLE('',#2921,13.);
#2921 = AXIS2_PLACEMENT_3D('',#2922,#2923,#2924);
#2922 = CARTESIAN_POINT('',(35.26,-69.55,4.));
#2923 = DIRECTION('',(-0.,-0.,-1.));
#2924 = DIRECTION('',(0.,-1.,0.));
#2925 = PCURVE('',#2766,#2926);
#2926 = DEFINITIONAL_REPRESENTATION('',(#2927),#2935);
#2927 = ( BOUNDED_CURVE() B_SPLINE_CURVE(2,(#2928,#2929,#2930,#2931,
#2932,#2933,#2934),.UNSPECIFIED.,.T.,.F.) B_SPLINE_CURVE_WITH_KNOTS((1,2
    ,2,2,2,1),(-2.094395102393,0.,2.094395102393,4.188790204786,
6.28318530718,8.377580409573),.UNSPECIFIED.) CURVE() 
GEOMETRIC_REPRESENTATION_ITEM() RATIONAL_B_SPLINE_CURVE((1.,0.5,1.,0.5,
1.,0.5,1.)) REPRESENTATION_ITEM('') );
#2928 = CARTESIAN_POINT('',(83.52,0.));
#2929 = CARTESIAN_POINT('',(61.003339501605,0.));
#2930 = CARTESIAN_POINT('',(72.261669750802,19.5));
#2931 = CARTESIAN_POINT('',(83.52,39.));
#2932 = CARTESIAN_POINT('',(94.778330249198,19.5));
#2933 = CARTESIAN_POINT('',(106.03666049839,1.95399252334E-14));
#2934 = CARTESIAN_POINT('',(83.52,0.));
#2935 = ( GEOMETRIC_REPRESENTATION_CONTEXT(2) 
PARAMETRIC_REPRESENTATION_CONTEXT() REPRESENTATION_CONTEXT('2D SPACE',''
  ) );
#2936 = PCURVE('',#2937,#2942);
#2937 = CYLINDRICAL_SURFACE('',#2938,13.);
#2938 = AXIS2_PLACEMENT_3D('',#2939,#2940,#2941);
#2939 = CARTESIAN_POINT('',(35.26,-69.55,-4.));
#2940 = DIRECTION('',(0.,0.,1.));
#2941 = DIRECTION('',(1.,0.,-0.));
#2942 = DEFINITIONAL_REPRESENTATION('',(#2943),#2947);
#2943 = LINE('',#2944,#2945);
#2944 = CARTESIAN_POINT('',(4.712388980385,8.));
#2945 = VECTOR('',#2946,1.);
#2946 = DIRECTION('',(-1.,0.));
#2947 = ( GEOMETRIC_REPRESENTATION_CONTEXT(2) 
PARAMETRIC_REPRESENTATION_CONTEXT() REPRESENTATION_CONTEXT('2D SPACE',''
  ) );
#2948 = ORIENTED_EDGE('',*,*,#2949,.T.);
#2949 = EDGE_CURVE('',#2917,#2950,#2952,.T.);
#2950 = VERTEX_POINT('',#2951);
#2951 = CARTESIAN_POINT('',(48.26,69.55,4.));
#2952 = SURFACE_CURVE('',#2953,(#2957,#2964),.PCURVE_S1.);
#2953 = LINE('',#2954,#2955);
#2954 = CARTESIAN_POINT('',(48.26,-82.55,4.));
#2955 = VECTOR('',#2956,1.);
#2956 = DIRECTION('',(-0.,1.,0.));
#2957 = PCURVE('',#2766,#2958);
#2958 = DEFINITIONAL_REPRESENTATION('',(#2959),#2963);
#2959 = LINE('',#2960,#2961);
#2960 = CARTESIAN_POINT('',(96.52,0.));
#2961 = VECTOR('',#2962,1.);
#2962 = DIRECTION('',(0.,1.));
#2963 = ( GEOMETRIC_REPRESENTATION_CONTEXT(2) 
PARAMETRIC_REPRESENTATION_CONTEXT() REPRESENTATION_CONTEXT('2D SPACE',''
  ) );
#2964 = PCURVE('',#2965,#2970);
#2965 = PLANE('',#2966);
#2966 = AXIS2_PLACEMENT_3D('',#2967,#2968,#2969);
#2967 = CARTESIAN_POINT('',(48.26,-82.55,-4.));
#2968 = DIRECTION('',(1.,0.,-0.));
#2969 = DIRECTION('',(0.,0.,1.));
#2970 = DEFINITIONAL_REPRESENTATION('',(#2971),#2975);
#2971 = LINE('',#2972,#2973);
#2972 = CARTESIAN_POINT('',(8.,0.));
#2973 = VECTOR('',#2974,1.);
#2974 = DIRECTION('',(0.,-1.));
#2975 = ( GEOMETRIC_REPRESENTATION_CONTEXT(2) 
PARAMETRIC_REPRESENTATION_CONTEXT() REPRESENTATION_CONTEXT('2D SPACE',''
  ) );
#2976 = ORIENTED_EDGE('',*,*,#2977,.T.);
#2977 = EDGE_CURVE('',#2950,#2978,#2980,.T.);
#2978 = VERTEX_POINT('',#2979);
#2979 = CARTESIAN_POINT('',(35.26,82.55,4.));
#2980 = SURFACE_CURVE('',#2981,(#2986,#2993),.PCURVE_S1.);
#2981 = CIRCLE('',#2982,13.);
#2982 = AXIS2_PLACEMENT_3D('',#2983,#2984,#2985);
#2983 = CARTESIAN_POINT('',(35.26,69.55,4.));
#2984 = DIRECTION('',(0.,0.,1.));
#2985 = DIRECTION('',(0.,-1.,0.));
#2986 = PCURVE('',#2766,#2987);
#2987 = DEFINITIONAL_REPRESENTATION('',(#2988),#2992);
#2988 = CIRCLE('',#2989,13.);
#2989 = AXIS2_PLACEMENT_2D('',#2990,#2991);
#2990 = CARTESIAN_POINT('',(83.52,152.1));
#2991 = DIRECTION('',(0.,-1.));
#2992 = ( GEOMETRIC_REPRESENTATION_CONTEXT(2) 
PARAMETRIC_REPRESENTATION_CONTEXT() REPRESENTATION_CONTEXT('2D SPACE',''
  ) );
#2993 = PCURVE('',#2994,#2999);
#2994 = CYLINDRICAL_SURFACE('',#2995,13.);
#2995 = AXIS2_PLACEMENT_3D('',#2996,#2997,#2998);
#2996 = CARTESIAN_POINT('',(35.26,69.55,-4.));
#2997 = DIRECTION('',(0.,0.,1.));
#2998 = DIRECTION('',(1.,0.,-0.));
#2999 = DEFINITIONAL_REPRESENTATION('',(#3000),#3004);
#3000 = LINE('',#3001,#3002);
#3001 = CARTESIAN_POINT('',(-1.570796326795,8.));
#3002 = VECTOR('',#3003,1.);
#3003 = DIRECTION('',(1.,0.));
#3004 = ( GEOMETRIC_REPRESENTATION_CONTEXT(2) 
PARAMETRIC_REPRESENTATION_CONTEXT() REPRESENTATION_CONTEXT('2D SPACE',''
  ) );
#3005 = ORIENTED_EDGE('',*,*,#3006,.F.);
#3006 = EDGE_CURVE('',#3007,#2978,#3009,.T.);
#3007 = VERTEX_POINT('',#3008);
#3008 = CARTESIAN_POINT('',(-35.26,82.55,4.));
#3009 = SURFACE_CURVE('',#3010,(#3014,#3021),.PCURVE_S1.);
#3010 = LINE('',#3011,#3012);
#3011 = CARTESIAN_POINT('',(-48.26,82.55,4.));
#3012 = VECTOR('',#3013,1.);
#3013 = DIRECTION('',(1.,0.,-0.));
#3014 = PCURVE('',#2766,#3015);
#3015 = DEFINITIONAL_REPRESENTATION('',(#3016),#3020);
#3016 = LINE('',#3017,#3018);
#3017 = CARTESIAN_POINT('',(0.,165.1));
#3018 = VECTOR('',#3019,1.);
#3019 = DIRECTION('',(1.,0.));
#3020 = ( GEOMETRIC_REPRESENTATION_CONTEXT(2) 
PARAMETRIC_REPRESENTATION_CONTEXT() REPRESENTATION_CONTEXT('2D SPACE',''
  ) );
#3021 = PCURVE('',#3022,#3027);
#3022 = PLANE('',#3023);
#3023 = AXIS2_PLACEMENT_3D('',#3024,#3025,#3026);
#3024 = CARTESIAN_POINT('',(-48.26,82.55,-4.));
#3025 = DIRECTION('',(-0.,1.,0.));
#3026 = DIRECTION('',(0.,0.,1.));
#3027 = DEFINITIONAL_REPRESENTATION('',(#3028),#3032);
#3028 = LINE('',#3029,#3030);
#3029 = CARTESIAN_POINT('',(8.,0.));
#3030 = VECTOR('',#3031,1.);
#3031 = DIRECTION('',(0.,1.));
#3032 = ( GEOMETRIC_REPRESENTATION_CONTEXT(2) 
PARAMETRIC_REPRESENTATION_CONTEXT() REPRESENTATION_CONTEXT('2D SPACE',''
  ) );
#3033 = ORIENTED_EDGE('',*,*,#3034,.F.);
#3034 = EDGE_CURVE('',#2746,#3007,#3035,.T.);
#3035 = SURFACE_CURVE('',#3036,(#3041,#3052),.PCURVE_S1.);
#3036 = CIRCLE('',#3037,13.);
#3037 = AXIS2_PLACEMENT_3D('',#3038,#3039,#3040);
#3038 = CARTESIAN_POINT('',(-35.26,69.55,4.));
#3039 = DIRECTION('',(-0.,-0.,-1.));
#3040 = DIRECTION('',(0.,-1.,0.));
#3041 = PCURVE('',#2766,#3042);
#3042 = DEFINITIONAL_REPRESENTATION('',(#3043),#3051);
#3043 = ( BOUNDED_CURVE() B_SPLINE_CURVE(2,(#3044,#3045,#3046,#3047,
#3048,#3049,#3050),.UNSPECIFIED.,.T.,.F.) B_SPLINE_CURVE_WITH_KNOTS((1,2
    ,2,2,2,1),(-2.094395102393,0.,2.094395102393,4.188790204786,
6.28318530718,8.377580409573),.UNSPECIFIED.) CURVE() 
GEOMETRIC_REPRESENTATION_ITEM() RATIONAL_B_SPLINE_CURVE((1.,0.5,1.,0.5,
1.,0.5,1.)) REPRESENTATION_ITEM('') );
#3044 = CARTESIAN_POINT('',(13.,139.1));
#3045 = CARTESIAN_POINT('',(-9.516660498395,139.1));
#3046 = CARTESIAN_POINT('',(1.741669750802,158.6));
#3047 = CARTESIAN_POINT('',(13.,178.1));
#3048 = CARTESIAN_POINT('',(24.258330249198,158.6));
#3049 = CARTESIAN_POINT('',(35.516660498395,139.1));
#3050 = CARTESIAN_POINT('',(13.,139.1));
#3051 = ( GEOMETRIC_REPRESENTATION_CONTEXT(2) 
PARAMETRIC_REPRESENTATION_CONTEXT() REPRESENTATION_CONTEXT('2D SPACE',''
  ) );
#3052 = PCURVE('',#2848,#3053);
#3053 = DEFINITIONAL_REPRESENTATION('',(#3054),#3058);
#3054 = LINE('',#3055,#3056);
#3055 = CARTESIAN_POINT('',(1.570796326795,8.));
#3056 = VECTOR('',#3057,1.);
#3057 = DIRECTION('',(-1.,0.));
#3058 = ( GEOMETRIC_REPRESENTATION_CONTEXT(2) 
PARAMETRIC_REPRESENTATION_CONTEXT() REPRESENTATION_CONTEXT('2D SPACE',''
  ) );
#3059 = FACE_BOUND('',#3060,.T.);
#3060 = EDGE_LOOP('',(#3061,#3092,#3118,#3147,#3173,#3202,#3228,#3257));
#3061 = ORIENTED_EDGE('',*,*,#3062,.F.);
#3062 = EDGE_CURVE('',#3063,#3065,#3067,.T.);
#3063 = VERTEX_POINT('',#3064);
#3064 = CARTESIAN_POINT('',(-45.76,-69.55,4.));
#3065 = VERTEX_POINT('',#3066);
#3066 = CARTESIAN_POINT('',(-35.26,-80.05,4.));
#3067 = SURFACE_CURVE('',#3068,(#3073,#3080),.PCURVE_S1.);
#3068 = CIRCLE('',#3069,10.5);
#3069 = AXIS2_PLACEMENT_3D('',#3070,#3071,#3072);
#3070 = CARTESIAN_POINT('',(-35.26,-69.55,4.));
#3071 = DIRECTION('',(0.,0.,1.));
#3072 = DIRECTION('',(-1.,-0.,0.));
#3073 = PCURVE('',#2766,#3074);
#3074 = DEFINITIONAL_REPRESENTATION('',(#3075),#3079);
#3075 = CIRCLE('',#3076,10.5);
#3076 = AXIS2_PLACEMENT_2D('',#3077,#3078);
#3077 = CARTESIAN_POINT('',(13.,13.));
#3078 = DIRECTION('',(-1.,0.));
#3079 = ( GEOMETRIC_REPRESENTATION_CONTEXT(2) 
PARAMETRIC_REPRESENTATION_CONTEXT() REPRESENTATION_CONTEXT('2D SPACE',''
  ) );
#3080 = PCURVE('',#3081,#3086);
#3081 = CYLINDRICAL_SURFACE('',#3082,10.5);
#3082 = AXIS2_PLACEMENT_3D('',#3083,#3084,#3085);
#3083 = CARTESIAN_POINT('',(-35.26,-69.55,-1.5));
#3084 = DIRECTION('',(0.,0.,1.));
#3085 = DIRECTION('',(-1.,-0.,0.));
#3086 = DEFINITIONAL_REPRESENTATION('',(#3087),#3091);
#3087 = LINE('',#3088,#3089);
#3088 = CARTESIAN_POINT('',(0.,5.5));
#3089 = VECTOR('',#3090,1.);
#3090 = DIRECTION('',(1.,0.));
#3091 = ( GEOMETRIC_REPRESENTATION_CONTEXT(2) 
PARAMETRIC_REPRESENTATION_CONTEXT() REPRESENTATION_CONTEXT('2D SPACE',''
  ) );
#3092 = ORIENTED_EDGE('',*,*,#3093,.T.);
#3093 = EDGE_CURVE('',#3063,#3094,#3096,.T.);
#3094 = VERTEX_POINT('',#3095);
#3095 = CARTESIAN_POINT('',(-45.76,69.55,4.));
#3096 = SURFACE_CURVE('',#3097,(#3101,#3107),.PCURVE_S1.);
#3097 = LINE('',#3098,#3099);
#3098 = CARTESIAN_POINT('',(-45.76,-81.3,4.));
#3099 = VECTOR('',#3100,1.);
#3100 = DIRECTION('',(-0.,1.,0.));
#3101 = PCURVE('',#2766,#3102);
#3102 = DEFINITIONAL_REPRESENTATION('',(#3103),#3106);
#3103 = B_SPLINE_CURVE_WITH_KNOTS('',1,(#3104,#3105),.UNSPECIFIED.,.F.,
  .F.,(2,2),(11.75,150.85),.PIECEWISE_BEZIER_KNOTS.);
#3104 = CARTESIAN_POINT('',(2.5,13.));
#3105 = CARTESIAN_POINT('',(2.5,152.1));
#3106 = ( GEOMETRIC_REPRESENTATION_CONTEXT(2) 
PARAMETRIC_REPRESENTATION_CONTEXT() REPRESENTATION_CONTEXT('2D SPACE',''
  ) );
#3107 = PCURVE('',#3108,#3113);
#3108 = PLANE('',#3109);
#3109 = AXIS2_PLACEMENT_3D('',#3110,#3111,#3112);
#3110 = CARTESIAN_POINT('',(-45.76,-80.05,-1.5));
#3111 = DIRECTION('',(1.,0.,-0.));
#3112 = DIRECTION('',(0.,0.,1.));
#3113 = DEFINITIONAL_REPRESENTATION('',(#3114),#3117);
#3114 = B_SPLINE_CURVE_WITH_KNOTS('',1,(#3115,#3116),.UNSPECIFIED.,.F.,
  .F.,(2,2),(11.75,150.85),.PIECEWISE_BEZIER_KNOTS.);
#3115 = CARTESIAN_POINT('',(5.5,-10.5));
#3116 = CARTESIAN_POINT('',(5.5,-149.6));
#3117 = ( GEOMETRIC_REPRESENTATION_CONTEXT(2) 
PARAMETRIC_REPRESENTATION_CONTEXT() REPRESENTATION_CONTEXT('2D SPACE',''
  ) );
#3118 = ORIENTED_EDGE('',*,*,#3119,.F.);
#3119 = EDGE_CURVE('',#3120,#3094,#3122,.T.);
#3120 = VERTEX_POINT('',#3121);
#3121 = CARTESIAN_POINT('',(-35.26,80.05,4.));
#3122 = SURFACE_CURVE('',#3123,(#3128,#3135),.PCURVE_S1.);
#3123 = CIRCLE('',#3124,10.5);
#3124 = AXIS2_PLACEMENT_3D('',#3125,#3126,#3127);
#3125 = CARTESIAN_POINT('',(-35.26,69.55,4.));
#3126 = DIRECTION('',(0.,0.,1.));
#3127 = DIRECTION('',(-1.,-0.,0.));
#3128 = PCURVE('',#2766,#3129);
#3129 = DEFINITIONAL_REPRESENTATION('',(#3130),#3134);
#3130 = CIRCLE('',#3131,10.5);
#3131 = AXIS2_PLACEMENT_2D('',#3132,#3133);
#3132 = CARTESIAN_POINT('',(13.,152.1));
#3133 = DIRECTION('',(-1.,0.));
#3134 = ( GEOMETRIC_REPRESENTATION_CONTEXT(2) 
PARAMETRIC_REPRESENTATION_CONTEXT() REPRESENTATION_CONTEXT('2D SPACE',''
  ) );
#3135 = PCURVE('',#3136,#3141);
#3136 = CYLINDRICAL_SURFACE('',#3137,10.5);
#3137 = AXIS2_PLACEMENT_3D('',#3138,#3139,#3140);
#3138 = CARTESIAN_POINT('',(-35.26,69.55,-1.5));
#3139 = DIRECTION('',(0.,0.,1.));
#3140 = DIRECTION('',(-1.,-0.,0.));
#3141 = DEFINITIONAL_REPRESENTATION('',(#3142),#3146);
#3142 = LINE('',#3143,#3144);
#3143 = CARTESIAN_POINT('',(-6.28318530718,5.5));
#3144 = VECTOR('',#3145,1.);
#3145 = DIRECTION('',(1.,-0.));
#3146 = ( GEOMETRIC_REPRESENTATION_CONTEXT(2) 
PARAMETRIC_REPRESENTATION_CONTEXT() REPRESENTATION_CONTEXT('2D SPACE',''
  ) );
#3147 = ORIENTED_EDGE('',*,*,#3148,.F.);
#3148 = EDGE_CURVE('',#3149,#3120,#3151,.T.);
#3149 = VERTEX_POINT('',#3150);
#3150 = CARTESIAN_POINT('',(35.26,80.05,4.));
#3151 = SURFACE_CURVE('',#3152,(#3156,#3162),.PCURVE_S1.);
#3152 = LINE('',#3153,#3154);
#3153 = CARTESIAN_POINT('',(-47.01,80.05,4.));
#3154 = VECTOR('',#3155,1.);
#3155 = DIRECTION('',(-1.,-0.,0.));
#3156 = PCURVE('',#2766,#3157);
#3157 = DEFINITIONAL_REPRESENTATION('',(#3158),#3161);
#3158 = B_SPLINE_CURVE_WITH_KNOTS('',1,(#3159,#3160),.UNSPECIFIED.,.F.,
  .F.,(2,2),(-82.27,-11.75),.PIECEWISE_BEZIER_KNOTS.);
#3159 = CARTESIAN_POINT('',(83.52,162.6));
#3160 = CARTESIAN_POINT('',(13.,162.6));
#3161 = ( GEOMETRIC_REPRESENTATION_CONTEXT(2) 
PARAMETRIC_REPRESENTATION_CONTEXT() REPRESENTATION_CONTEXT('2D SPACE',''
  ) );
#3162 = PCURVE('',#3163,#3168);
#3163 = PLANE('',#3164);
#3164 = AXIS2_PLACEMENT_3D('',#3165,#3166,#3167);
#3165 = CARTESIAN_POINT('',(-45.76,80.05,-1.5));
#3166 = DIRECTION('',(-0.,1.,0.));
#3167 = DIRECTION('',(0.,0.,1.));
#3168 = DEFINITIONAL_REPRESENTATION('',(#3169),#3172);
#3169 = B_SPLINE_CURVE_WITH_KNOTS('',1,(#3170,#3171),.UNSPECIFIED.,.F.,
  .F.,(2,2),(-82.27,-11.75),.PIECEWISE_BEZIER_KNOTS.);
#3170 = CARTESIAN_POINT('',(5.5,81.02));
#3171 = CARTESIAN_POINT('',(5.5,10.5));
#3172 = ( GEOMETRIC_REPRESENTATION_CONTEXT(2) 
PARAMETRIC_REPRESENTATION_CONTEXT() REPRESENTATION_CONTEXT('2D SPACE',''
  ) );
#3173 = ORIENTED_EDGE('',*,*,#3174,.F.);
#3174 = EDGE_CURVE('',#3175,#3149,#3177,.T.);
#3175 = VERTEX_POINT('',#3176);
#3176 = CARTESIAN_POINT('',(45.76,69.55,4.));
#3177 = SURFACE_CURVE('',#3178,(#3183,#3190),.PCURVE_S1.);
#3178 = CIRCLE('',#3179,10.5);
#3179 = AXIS2_PLACEMENT_3D('',#3180,#3181,#3182);
#3180 = CARTESIAN_POINT('',(35.26,69.55,4.));
#3181 = DIRECTION('',(0.,0.,1.));
#3182 = DIRECTION('',(1.,0.,-0.));
#3183 = PCURVE('',#2766,#3184);
#3184 = DEFINITIONAL_REPRESENTATION('',(#3185),#3189);
#3185 = CIRCLE('',#3186,10.5);
#3186 = AXIS2_PLACEMENT_2D('',#3187,#3188);
#3187 = CARTESIAN_POINT('',(83.52,152.1));
#3188 = DIRECTION('',(1.,0.));
#3189 = ( GEOMETRIC_REPRESENTATION_CONTEXT(2) 
PARAMETRIC_REPRESENTATION_CONTEXT() REPRESENTATION_CONTEXT('2D SPACE',''
  ) );
#3190 = PCURVE('',#3191,#3196);
#3191 = CYLINDRICAL_SURFACE('',#3192,10.5);
#3192 = AXIS2_PLACEMENT_3D('',#3193,#3194,#3195);
#3193 = CARTESIAN_POINT('',(35.26,69.55,-1.5));
#3194 = DIRECTION('',(0.,0.,1.));
#3195 = DIRECTION('',(1.,0.,-0.));
#3196 = DEFINITIONAL_REPRESENTATION('',(#3197),#3201);
#3197 = LINE('',#3198,#3199);
#3198 = CARTESIAN_POINT('',(0.,5.5));
#3199 = VECTOR('',#3200,1.);
#3200 = DIRECTION('',(1.,0.));
#3201 = ( GEOMETRIC_REPRESENTATION_CONTEXT(2) 
PARAMETRIC_REPRESENTATION_CONTEXT() REPRESENTATION_CONTEXT('2D SPACE',''
  ) );
#3202 = ORIENTED_EDGE('',*,*,#3203,.F.);
#3203 = EDGE_CURVE('',#3204,#3175,#3206,.T.);
#3204 = VERTEX_POINT('',#3205);
#3205 = CARTESIAN_POINT('',(45.76,-69.55,4.));
#3206 = SURFACE_CURVE('',#3207,(#3211,#3217),.PCURVE_S1.);
#3207 = LINE('',#3208,#3209);
#3208 = CARTESIAN_POINT('',(45.76,-81.3,4.));
#3209 = VECTOR('',#3210,1.);
#3210 = DIRECTION('',(-0.,1.,0.));
#3211 = PCURVE('',#2766,#3212);
#3212 = DEFINITIONAL_REPRESENTATION('',(#3213),#3216);
#3213 = B_SPLINE_CURVE_WITH_KNOTS('',1,(#3214,#3215),.UNSPECIFIED.,.F.,
  .F.,(2,2),(11.75,150.85),.PIECEWISE_BEZIER_KNOTS.);
#3214 = CARTESIAN_POINT('',(94.02,13.));
#3215 = CARTESIAN_POINT('',(94.02,152.1));
#3216 = ( GEOMETRIC_REPRESENTATION_CONTEXT(2) 
PARAMETRIC_REPRESENTATION_CONTEXT() REPRESENTATION_CONTEXT('2D SPACE',''
  ) );
#3217 = PCURVE('',#3218,#3223);
#3218 = PLANE('',#3219);
#3219 = AXIS2_PLACEMENT_3D('',#3220,#3221,#3222);
#3220 = CARTESIAN_POINT('',(45.76,-80.05,-1.5));
#3221 = DIRECTION('',(1.,0.,-0.));
#3222 = DIRECTION('',(0.,0.,1.));
#3223 = DEFINITIONAL_REPRESENTATION('',(#3224),#3227);
#3224 = B_SPLINE_CURVE_WITH_KNOTS('',1,(#3225,#3226),.UNSPECIFIED.,.F.,
  .F.,(2,2),(11.75,150.85),.PIECEWISE_BEZIER_KNOTS.);
#3225 = CARTESIAN_POINT('',(5.5,-10.5));
#3226 = CARTESIAN_POINT('',(5.5,-149.6));
#3227 = ( GEOMETRIC_REPRESENTATION_CONTEXT(2) 
PARAMETRIC_REPRESENTATION_CONTEXT() REPRESENTATION_CONTEXT('2D SPACE',''
  ) );
#3228 = ORIENTED_EDGE('',*,*,#3229,.F.);
#3229 = EDGE_CURVE('',#3230,#3204,#3232,.T.);
#3230 = VERTEX_POINT('',#3231);
#3231 = CARTESIAN_POINT('',(35.26,-80.05,4.));
#3232 = SURFACE_CURVE('',#3233,(#3238,#3245),.PCURVE_S1.);
#3233 = CIRCLE('',#3234,10.5);
#3234 = AXIS2_PLACEMENT_3D('',#3235,#3236,#3237);
#3235 = CARTESIAN_POINT('',(35.26,-69.55,4.));
#3236 = DIRECTION('',(0.,0.,1.));
#3237 = DIRECTION('',(1.,0.,-0.));
#3238 = PCURVE('',#2766,#3239);
#3239 = DEFINITIONAL_REPRESENTATION('',(#3240),#3244);
#3240 = CIRCLE('',#3241,10.5);
#3241 = AXIS2_PLACEMENT_2D('',#3242,#3243);
#3242 = CARTESIAN_POINT('',(83.52,13.));
#3243 = DIRECTION('',(1.,0.));
#3244 = ( GEOMETRIC_REPRESENTATION_CONTEXT(2) 
PARAMETRIC_REPRESENTATION_CONTEXT() REPRESENTATION_CONTEXT('2D SPACE',''
  ) );
#3245 = PCURVE('',#3246,#3251);
#3246 = CYLINDRICAL_SURFACE('',#3247,10.5);
#3247 = AXIS2_PLACEMENT_3D('',#3248,#3249,#3250);
#3248 = CARTESIAN_POINT('',(35.26,-69.55,-1.5));
#3249 = DIRECTION('',(0.,0.,1.));
#3250 = DIRECTION('',(1.,0.,-0.));
#3251 = DEFINITIONAL_REPRESENTATION('',(#3252),#3256);
#3252 = LINE('',#3253,#3254);
#3253 = CARTESIAN_POINT('',(-6.28318530718,5.5));
#3254 = VECTOR('',#3255,1.);
#3255 = DIRECTION('',(1.,-0.));
#3256 = ( GEOMETRIC_REPRESENTATION_CONTEXT(2) 
PARAMETRIC_REPRESENTATION_CONTEXT() REPRESENTATION_CONTEXT('2D SPACE',''
  ) );
#3257 = ORIENTED_EDGE('',*,*,#3258,.T.);
#3258 = EDGE_CURVE('',#3230,#3065,#3259,.T.);
#3259 = SURFACE_CURVE('',#3260,(#3264,#3270),.PCURVE_S1.);
#3260 = LINE('',#3261,#3262);
#3261 = CARTESIAN_POINT('',(-47.01,-80.05,4.));
#3262 = VECTOR('',#3263,1.);
#3263 = DIRECTION('',(-1.,-0.,0.));
#3264 = PCURVE('',#2766,#3265);
#3265 = DEFINITIONAL_REPRESENTATION('',(#3266),#3269);
#3266 = B_SPLINE_CURVE_WITH_KNOTS('',1,(#3267,#3268),.UNSPECIFIED.,.F.,
  .F.,(2,2),(-82.27,-11.75),.PIECEWISE_BEZIER_KNOTS.);
#3267 = CARTESIAN_POINT('',(83.52,2.5));
#3268 = CARTESIAN_POINT('',(13.,2.5));
#3269 = ( GEOMETRIC_REPRESENTATION_CONTEXT(2) 
PARAMETRIC_REPRESENTATION_CONTEXT() REPRESENTATION_CONTEXT('2D SPACE',''
  ) );
#3270 = PCURVE('',#3271,#3276);
#3271 = PLANE('',#3272);
#3272 = AXIS2_PLACEMENT_3D('',#3273,#3274,#3275);
#3273 = CARTESIAN_POINT('',(-45.76,-80.05,-1.5));
#3274 = DIRECTION('',(-0.,1.,0.));
#3275 = DIRECTION('',(0.,0.,1.));
#3276 = DEFINITIONAL_REPRESENTATION('',(#3277),#3280);
#3277 = B_SPLINE_CURVE_WITH_KNOTS('',1,(#3278,#3279),.UNSPECIFIED.,.F.,
  .F.,(2,2),(-82.27,-11.75),.PIECEWISE_BEZIER_KNOTS.);
#3278 = CARTESIAN_POINT('',(5.5,81.02));
#3279 = CARTESIAN_POINT('',(5.5,10.5));
#3280 = ( GEOMETRIC_REPRESENTATION_CONTEXT(2) 
PARAMETRIC_REPRESENTATION_CONTEXT() REPRESENTATION_CONTEXT('2D SPACE',''
  ) );
#3281 = ADVANCED_FACE('',(#3282),#2794,.T.);
#3282 = FACE_BOUND('',#3283,.T.);
#3283 = EDGE_LOOP('',(#3284,#3308,#3329,#3330));
#3284 = ORIENTED_EDGE('',*,*,#3285,.T.);
#3285 = EDGE_CURVE('',#2779,#3286,#3288,.T.);
#3286 = VERTEX_POINT('',#3287);
#3287 = CARTESIAN_POINT('',(-35.26,-82.55,-4.));
#3288 = SURFACE_CURVE('',#3289,(#3294,#3301),.PCURVE_S1.);
#3289 = CIRCLE('',#3290,13.);
#3290 = AXIS2_PLACEMENT_3D('',#3291,#3292,#3293);
#3291 = CARTESIAN_POINT('',(-35.26,-69.55,-4.));
#3292 = DIRECTION('',(0.,0.,1.));
#3293 = DIRECTION('',(0.,-1.,0.));
#3294 = PCURVE('',#2794,#3295);
#3295 = DEFINITIONAL_REPRESENTATION('',(#3296),#3300);
#3296 = LINE('',#3297,#3298);
#3297 = CARTESIAN_POINT('',(-4.712388980385,0.));
#3298 = VECTOR('',#3299,1.);
#3299 = DIRECTION('',(1.,0.));
#3300 = ( GEOMETRIC_REPRESENTATION_CONTEXT(2) 
PARAMETRIC_REPRESENTATION_CONTEXT() REPRESENTATION_CONTEXT('2D SPACE',''
  ) );
#3301 = PCURVE('',#2822,#3302);
#3302 = DEFINITIONAL_REPRESENTATION('',(#3303),#3307);
#3303 = CIRCLE('',#3304,13.);
#3304 = AXIS2_PLACEMENT_2D('',#3305,#3306);
#3305 = CARTESIAN_POINT('',(13.,13.));
#3306 = DIRECTION('',(0.,-1.));
#3307 = ( GEOMETRIC_REPRESENTATION_CONTEXT(2) 
PARAMETRIC_REPRESENTATION_CONTEXT() REPRESENTATION_CONTEXT('2D SPACE',''
  ) );
#3308 = ORIENTED_EDGE('',*,*,#3309,.T.);
#3309 = EDGE_CURVE('',#3286,#2865,#3310,.T.);
#3310 = SURFACE_CURVE('',#3311,(#3315,#3322),.PCURVE_S1.);
#3311 = LINE('',#3312,#3313);
#3312 = CARTESIAN_POINT('',(-35.26,-82.55,-4.));
#3313 = VECTOR('',#3314,1.);
#3314 = DIRECTION('',(0.,0.,1.));
#3315 = PCURVE('',#2794,#3316);
#3316 = DEFINITIONAL_REPRESENTATION('',(#3317),#3321);
#3317 = LINE('',#3318,#3319);
#3318 = CARTESIAN_POINT('',(1.570796326795,0.));
#3319 = VECTOR('',#3320,1.);
#3320 = DIRECTION('',(0.,1.));
#3321 = ( GEOMETRIC_REPRESENTATION_CONTEXT(2) 
PARAMETRIC_REPRESENTATION_CONTEXT() REPRESENTATION_CONTEXT('2D SPACE',''
  ) );
#3322 = PCURVE('',#2904,#3323);
#3323 = DEFINITIONAL_REPRESENTATION('',(#3324),#3328);
#3324 = LINE('',#3325,#3326);
#3325 = CARTESIAN_POINT('',(0.,13.));
#3326 = VECTOR('',#3327,1.);
#3327 = DIRECTION('',(1.,0.));
#3328 = ( GEOMETRIC_REPRESENTATION_CONTEXT(2) 
PARAMETRIC_REPRESENTATION_CONTEXT() REPRESENTATION_CONTEXT('2D SPACE',''
  ) );
#3329 = ORIENTED_EDGE('',*,*,#2864,.F.);
#3330 = ORIENTED_EDGE('',*,*,#2778,.F.);
#3331 = ADVANCED_FACE('',(#3332),#2848,.T.);
#3332 = FACE_BOUND('',#3333,.F.);
#3333 = EDGE_LOOP('',(#3334,#3362,#3383,#3384));
#3334 = ORIENTED_EDGE('',*,*,#3335,.T.);
#3335 = EDGE_CURVE('',#2807,#3336,#3338,.T.);
#3336 = VERTEX_POINT('',#3337);
#3337 = CARTESIAN_POINT('',(-35.26,82.55,-4.));
#3338 = SURFACE_CURVE('',#3339,(#3344,#3351),.PCURVE_S1.);
#3339 = CIRCLE('',#3340,13.);
#3340 = AXIS2_PLACEMENT_3D('',#3341,#3342,#3343);
#3341 = CARTESIAN_POINT('',(-35.26,69.55,-4.));
#3342 = DIRECTION('',(-0.,-0.,-1.));
#3343 = DIRECTION('',(0.,-1.,0.));
#3344 = PCURVE('',#2848,#3345);
#3345 = DEFINITIONAL_REPRESENTATION('',(#3346),#3350);
#3346 = LINE('',#3347,#3348);
#3347 = CARTESIAN_POINT('',(1.570796326795,-0.));
#3348 = VECTOR('',#3349,1.);
#3349 = DIRECTION('',(-1.,0.));
#3350 = ( GEOMETRIC_REPRESENTATION_CONTEXT(2) 
PARAMETRIC_REPRESENTATION_CONTEXT() REPRESENTATION_CONTEXT('2D SPACE',''
  ) );
#3351 = PCURVE('',#2822,#3352);
#3352 = DEFINITIONAL_REPRESENTATION('',(#3353),#3361);
#3353 = ( BOUNDED_CURVE() B_SPLINE_CURVE(2,(#3354,#3355,#3356,#3357,
#3358,#3359,#3360),.UNSPECIFIED.,.T.,.F.) B_SPLINE_CURVE_WITH_KNOTS((1,2
    ,2,2,2,1),(-2.094395102393,0.,2.094395102393,4.188790204786,
6.28318530718,8.377580409573),.UNSPECIFIED.) CURVE() 
GEOMETRIC_REPRESENTATION_ITEM() RATIONAL_B_SPLINE_CURVE((1.,0.5,1.,0.5,
1.,0.5,1.)) REPRESENTATION_ITEM('') );
#3354 = CARTESIAN_POINT('',(13.,139.1));
#3355 = CARTESIAN_POINT('',(-9.516660498395,139.1));
#3356 = CARTESIAN_POINT('',(1.741669750802,158.6));
#3357 = CARTESIAN_POINT('',(13.,178.1));
#3358 = CARTESIAN_POINT('',(24.258330249198,158.6));
#3359 = CARTESIAN_POINT('',(35.516660498395,139.1));
#3360 = CARTESIAN_POINT('',(13.,139.1));
#3361 = ( GEOMETRIC_REPRESENTATION_CONTEXT(2) 
PARAMETRIC_REPRESENTATION_CONTEXT() REPRESENTATION_CONTEXT('2D SPACE',''
  ) );
#3362 = ORIENTED_EDGE('',*,*,#3363,.T.);
#3363 = EDGE_CURVE('',#3336,#3007,#3364,.T.);
#3364 = SURFACE_CURVE('',#3365,(#3369,#3376),.PCURVE_S1.);
#3365 = LINE('',#3366,#3367);
#3366 = CARTESIAN_POINT('',(-35.26,82.55,-4.));
#3367 = VECTOR('',#3368,1.);
#3368 = DIRECTION('',(0.,0.,1.));
#3369 = PCURVE('',#2848,#3370);
#3370 = DEFINITIONAL_REPRESENTATION('',(#3371),#3375);
#3371 = LINE('',#3372,#3373);
#3372 = CARTESIAN_POINT('',(-1.570796326795,0.));
#3373 = VECTOR('',#3374,1.);
#3374 = DIRECTION('',(-0.,1.));
#3375 = ( GEOMETRIC_REPRESENTATION_CONTEXT(2) 
PARAMETRIC_REPRESENTATION_CONTEXT() REPRESENTATION_CONTEXT('2D SPACE',''
  ) );
#3376 = PCURVE('',#3022,#3377);
#3377 = DEFINITIONAL_REPRESENTATION('',(#3378),#3382);
#3378 = LINE('',#3379,#3380);
#3379 = CARTESIAN_POINT('',(0.,13.));
#3380 = VECTOR('',#3381,1.);
#3381 = DIRECTION('',(1.,0.));
#3382 = ( GEOMETRIC_REPRESENTATION_CONTEXT(2) 
PARAMETRIC_REPRESENTATION_CONTEXT() REPRESENTATION_CONTEXT('2D SPACE',''
  ) );
#3383 = ORIENTED_EDGE('',*,*,#3034,.F.);
#3384 = ORIENTED_EDGE('',*,*,#2834,.F.);
#3385 = ADVANCED_FACE('',(#3386),#2822,.F.);
#3386 = FACE_BOUND('',#3387,.F.);
#3387 = EDGE_LOOP('',(#3388,#3389,#3390,#3413,#3441,#3464,#3488,#3509));
#3388 = ORIENTED_EDGE('',*,*,#2806,.F.);
#3389 = ORIENTED_EDGE('',*,*,#3285,.T.);
#3390 = ORIENTED_EDGE('',*,*,#3391,.T.);
#3391 = EDGE_CURVE('',#3286,#3392,#3394,.T.);
#3392 = VERTEX_POINT('',#3393);
#3393 = CARTESIAN_POINT('',(35.26,-82.55,-4.));
#3394 = SURFACE_CURVE('',#3395,(#3399,#3406),.PCURVE_S1.);
#3395 = LINE('',#3396,#3397);
#3396 = CARTESIAN_POINT('',(-48.26,-82.55,-4.));
#3397 = VECTOR('',#3398,1.);
#3398 = DIRECTION('',(1.,0.,-0.));
#3399 = PCURVE('',#2822,#3400);
#3400 = DEFINITIONAL_REPRESENTATION('',(#3401),#3405);
#3401 = LINE('',#3402,#3403);
#3402 = CARTESIAN_POINT('',(0.,0.));
#3403 = VECTOR('',#3404,1.);
#3404 = DIRECTION('',(1.,0.));
#3405 = ( GEOMETRIC_REPRESENTATION_CONTEXT(2) 
PARAMETRIC_REPRESENTATION_CONTEXT() REPRESENTATION_CONTEXT('2D SPACE',''
  ) );
#3406 = PCURVE('',#2904,#3407);
#3407 = DEFINITIONAL_REPRESENTATION('',(#3408),#3412);
#3408 = LINE('',#3409,#3410);
#3409 = CARTESIAN_POINT('',(0.,0.));
#3410 = VECTOR('',#3411,1.);
#3411 = DIRECTION('',(0.,1.));
#3412 = ( GEOMETRIC_REPRESENTATION_CONTEXT(2) 
PARAMETRIC_REPRESENTATION_CONTEXT() REPRESENTATION_CONTEXT('2D SPACE',''
  ) );
#3413 = ORIENTED_EDGE('',*,*,#3414,.F.);
#3414 = EDGE_CURVE('',#3415,#3392,#3417,.T.);
#3415 = VERTEX_POINT('',#3416);
#3416 = CARTESIAN_POINT('',(48.26,-69.55,-4.));
#3417 = SURFACE_CURVE('',#3418,(#3423,#3434),.PCURVE_S1.);
#3418 = CIRCLE('',#3419,13.);
#3419 = AXIS2_PLACEMENT_3D('',#3420,#3421,#3422);
#3420 = CARTESIAN_POINT('',(35.26,-69.55,-4.));
#3421 = DIRECTION('',(-0.,-0.,-1.));
#3422 = DIRECTION('',(0.,-1.,0.));
#3423 = PCURVE('',#2822,#3424);
#3424 = DEFINITIONAL_REPRESENTATION('',(#3425),#3433);
#3425 = ( BOUNDED_CURVE() B_SPLINE_CURVE(2,(#3426,#3427,#3428,#3429,
#3430,#3431,#3432),.UNSPECIFIED.,.T.,.F.) B_SPLINE_CURVE_WITH_KNOTS((1,2
    ,2,2,2,1),(-2.094395102393,0.,2.094395102393,4.188790204786,
6.28318530718,8.377580409573),.UNSPECIFIED.) CURVE() 
GEOMETRIC_REPRESENTATION_ITEM() RATIONAL_B_SPLINE_CURVE((1.,0.5,1.,0.5,
1.,0.5,1.)) REPRESENTATION_ITEM('') );
#3426 = CARTESIAN_POINT('',(83.52,0.));
#3427 = CARTESIAN_POINT('',(61.003339501605,0.));
#3428 = CARTESIAN_POINT('',(72.261669750802,19.5));
#3429 = CARTESIAN_POINT('',(83.52,39.));
#3430 = CARTESIAN_POINT('',(94.778330249198,19.5));
#3431 = CARTESIAN_POINT('',(106.03666049839,1.95399252334E-14));
#3432 = CARTESIAN_POINT('',(83.52,0.));
#3433 = ( GEOMETRIC_REPRESENTATION_CONTEXT(2) 
PARAMETRIC_REPRESENTATION_CONTEXT() REPRESENTATION_CONTEXT('2D SPACE',''
  ) );
#3434 = PCURVE('',#2937,#3435);
#3435 = DEFINITIONAL_REPRESENTATION('',(#3436),#3440);
#3436 = LINE('',#3437,#3438);
#3437 = CARTESIAN_POINT('',(4.712388980385,-0.));
#3438 = VECTOR('',#3439,1.);
#3439 = DIRECTION('',(-1.,0.));
#3440 = ( GEOMETRIC_REPRESENTATION_CONTEXT(2) 
PARAMETRIC_REPRESENTATION_CONTEXT() REPRESENTATION_CONTEXT('2D SPACE',''
  ) );
#3441 = ORIENTED_EDGE('',*,*,#3442,.T.);
#3442 = EDGE_CURVE('',#3415,#3443,#3445,.T.);
#3443 = VERTEX_POINT('',#3444);
#3444 = CARTESIAN_POINT('',(48.26,69.55,-4.));
#3445 = SURFACE_CURVE('',#3446,(#3450,#3457),.PCURVE_S1.);
#3446 = LINE('',#3447,#3448);
#3447 = CARTESIAN_POINT('',(48.26,-82.55,-4.));
#3448 = VECTOR('',#3449,1.);
#3449 = DIRECTION('',(-0.,1.,0.));
#3450 = PCURVE('',#2822,#3451);
#3451 = DEFINITIONAL_REPRESENTATION('',(#3452),#3456);
#3452 = LINE('',#3453,#3454);
#3453 = CARTESIAN_POINT('',(96.52,0.));
#3454 = VECTOR('',#3455,1.);
#3455 = DIRECTION('',(0.,1.));
#3456 = ( GEOMETRIC_REPRESENTATION_CONTEXT(2) 
PARAMETRIC_REPRESENTATION_CONTEXT() REPRESENTATION_CONTEXT('2D SPACE',''
  ) );
#3457 = PCURVE('',#2965,#3458);
#3458 = DEFINITIONAL_REPRESENTATION('',(#3459),#3463);
#3459 = LINE('',#3460,#3461);
#3460 = CARTESIAN_POINT('',(0.,0.));
#3461 = VECTOR('',#3462,1.);
#3462 = DIRECTION('',(0.,-1.));
#3463 = ( GEOMETRIC_REPRESENTATION_CONTEXT(2) 
PARAMETRIC_REPRESENTATION_CONTEXT() REPRESENTATION_CONTEXT('2D SPACE',''
  ) );
#3464 = ORIENTED_EDGE('',*,*,#3465,.T.);
#3465 = EDGE_CURVE('',#3443,#3466,#3468,.T.);
#3466 = VERTEX_POINT('',#3467);
#3467 = CARTESIAN_POINT('',(35.26,82.55,-4.));
#3468 = SURFACE_CURVE('',#3469,(#3474,#3481),.PCURVE_S1.);
#3469 = CIRCLE('',#3470,13.);
#3470 = AXIS2_PLACEMENT_3D('',#3471,#3472,#3473);
#3471 = CARTESIAN_POINT('',(35.26,69.55,-4.));
#3472 = DIRECTION('',(0.,0.,1.));
#3473 = DIRECTION('',(0.,-1.,0.));
#3474 = PCURVE('',#2822,#3475);
#3475 = DEFINITIONAL_REPRESENTATION('',(#3476),#3480);
#3476 = CIRCLE('',#3477,13.);
#3477 = AXIS2_PLACEMENT_2D('',#3478,#3479);
#3478 = CARTESIAN_POINT('',(83.52,152.1));
#3479 = DIRECTION('',(0.,-1.));
#3480 = ( GEOMETRIC_REPRESENTATION_CONTEXT(2) 
PARAMETRIC_REPRESENTATION_CONTEXT() REPRESENTATION_CONTEXT('2D SPACE',''
  ) );
#3481 = PCURVE('',#2994,#3482);
#3482 = DEFINITIONAL_REPRESENTATION('',(#3483),#3487);
#3483 = LINE('',#3484,#3485);
#3484 = CARTESIAN_POINT('',(-1.570796326795,0.));
#3485 = VECTOR('',#3486,1.);
#3486 = DIRECTION('',(1.,0.));
#3487 = ( GEOMETRIC_REPRESENTATION_CONTEXT(2) 
PARAMETRIC_REPRESENTATION_CONTEXT() REPRESENTATION_CONTEXT('2D SPACE',''
  ) );
#3488 = ORIENTED_EDGE('',*,*,#3489,.F.);
#3489 = EDGE_CURVE('',#3336,#3466,#3490,.T.);
#3490 = SURFACE_CURVE('',#3491,(#3495,#3502),.PCURVE_S1.);
#3491 = LINE('',#3492,#3493);
#3492 = CARTESIAN_POINT('',(-48.26,82.55,-4.));
#3493 = VECTOR('',#3494,1.);
#3494 = DIRECTION('',(1.,0.,-0.));
#3495 = PCURVE('',#2822,#3496);
#3496 = DEFINITIONAL_REPRESENTATION('',(#3497),#3501);
#3497 = LINE('',#3498,#3499);
#3498 = CARTESIAN_POINT('',(0.,165.1));
#3499 = VECTOR('',#3500,1.);
#3500 = DIRECTION('',(1.,0.));
#3501 = ( GEOMETRIC_REPRESENTATION_CONTEXT(2) 
PARAMETRIC_REPRESENTATION_CONTEXT() REPRESENTATION_CONTEXT('2D SPACE',''
  ) );
#3502 = PCURVE('',#3022,#3503);
#3503 = DEFINITIONAL_REPRESENTATION('',(#3504),#3508);
#3504 = LINE('',#3505,#3506);
#3505 = CARTESIAN_POINT('',(0.,0.));
#3506 = VECTOR('',#3507,1.);
#3507 = DIRECTION('',(0.,1.));
#3508 = ( GEOMETRIC_REPRESENTATION_CONTEXT(2) 
PARAMETRIC_REPRESENTATION_CONTEXT() REPRESENTATION_CONTEXT('2D SPACE',''
  ) );
#3509 = ORIENTED_EDGE('',*,*,#3335,.F.);
#3510 = ADVANCED_FACE('',(#3511),#2904,.F.);
#3511 = FACE_BOUND('',#3512,.F.);
#3512 = EDGE_LOOP('',(#3513,#3514,#3515,#3516));
#3513 = ORIENTED_EDGE('',*,*,#3391,.F.);
#3514 = ORIENTED_EDGE('',*,*,#3309,.T.);
#3515 = ORIENTED_EDGE('',*,*,#2888,.T.);
#3516 = ORIENTED_EDGE('',*,*,#3517,.F.);
#3517 = EDGE_CURVE('',#3392,#2889,#3518,.T.);
#3518 = SURFACE_CURVE('',#3519,(#3523,#3530),.PCURVE_S1.);
#3519 = LINE('',#3520,#3521);
#3520 = CARTESIAN_POINT('',(35.26,-82.55,-4.));
#3521 = VECTOR('',#3522,1.);
#3522 = DIRECTION('',(0.,0.,1.));
#3523 = PCURVE('',#2904,#3524);
#3524 = DEFINITIONAL_REPRESENTATION('',(#3525),#3529);
#3525 = LINE('',#3526,#3527);
#3526 = CARTESIAN_POINT('',(0.,83.52));
#3527 = VECTOR('',#3528,1.);
#3528 = DIRECTION('',(1.,0.));
#3529 = ( GEOMETRIC_REPRESENTATION_CONTEXT(2) 
PARAMETRIC_REPRESENTATION_CONTEXT() REPRESENTATION_CONTEXT('2D SPACE',''
  ) );
#3530 = PCURVE('',#2937,#3531);
#3531 = DEFINITIONAL_REPRESENTATION('',(#3532),#3536);
#3532 = LINE('',#3533,#3534);
#3533 = CARTESIAN_POINT('',(-1.570796326795,0.));
#3534 = VECTOR('',#3535,1.);
#3535 = DIRECTION('',(-0.,1.));
#3536 = ( GEOMETRIC_REPRESENTATION_CONTEXT(2) 
PARAMETRIC_REPRESENTATION_CONTEXT() REPRESENTATION_CONTEXT('2D SPACE',''
  ) );
#3537 = ADVANCED_FACE('',(#3538),#3022,.T.);
#3538 = FACE_BOUND('',#3539,.T.);
#3539 = EDGE_LOOP('',(#3540,#3541,#3542,#3543));
#3540 = ORIENTED_EDGE('',*,*,#3489,.F.);
#3541 = ORIENTED_EDGE('',*,*,#3363,.T.);
#3542 = ORIENTED_EDGE('',*,*,#3006,.T.);
#3543 = ORIENTED_EDGE('',*,*,#3544,.F.);
#3544 = EDGE_CURVE('',#3466,#2978,#3545,.T.);
#3545 = SURFACE_CURVE('',#3546,(#3550,#3557),.PCURVE_S1.);
#3546 = LINE('',#3547,#3548);
#3547 = CARTESIAN_POINT('',(35.26,82.55,-4.));
#3548 = VECTOR('',#3549,1.);
#3549 = DIRECTION('',(0.,0.,1.));
#3550 = PCURVE('',#3022,#3551);
#3551 = DEFINITIONAL_REPRESENTATION('',(#3552),#3556);
#3552 = LINE('',#3553,#3554);
#3553 = CARTESIAN_POINT('',(0.,83.52));
#3554 = VECTOR('',#3555,1.);
#3555 = DIRECTION('',(1.,0.));
#3556 = ( GEOMETRIC_REPRESENTATION_CONTEXT(2) 
PARAMETRIC_REPRESENTATION_CONTEXT() REPRESENTATION_CONTEXT('2D SPACE',''
  ) );
#3557 = PCURVE('',#2994,#3558);
#3558 = DEFINITIONAL_REPRESENTATION('',(#3559),#3563);
#3559 = LINE('',#3560,#3561);
#3560 = CARTESIAN_POINT('',(1.570796326795,0.));
#3561 = VECTOR('',#3562,1.);
#3562 = DIRECTION('',(0.,1.));
#3563 = ( GEOMETRIC_REPRESENTATION_CONTEXT(2) 
PARAMETRIC_REPRESENTATION_CONTEXT() REPRESENTATION_CONTEXT('2D SPACE',''
  ) );
#3564 = ADVANCED_FACE('',(#3565),#2937,.T.);
#3565 = FACE_BOUND('',#3566,.F.);
#3566 = EDGE_LOOP('',(#3567,#3568,#3569,#3570));
#3567 = ORIENTED_EDGE('',*,*,#3414,.T.);
#3568 = ORIENTED_EDGE('',*,*,#3517,.T.);
#3569 = ORIENTED_EDGE('',*,*,#2916,.F.);
#3570 = ORIENTED_EDGE('',*,*,#3571,.F.);
#3571 = EDGE_CURVE('',#3415,#2917,#3572,.T.);
#3572 = SURFACE_CURVE('',#3573,(#3577,#3584),.PCURVE_S1.);
#3573 = LINE('',#3574,#3575);
#3574 = CARTESIAN_POINT('',(48.26,-69.55,-4.));
#3575 = VECTOR('',#3576,1.);
#3576 = DIRECTION('',(0.,0.,1.));
#3577 = PCURVE('',#2937,#3578);
#3578 = DEFINITIONAL_REPRESENTATION('',(#3579),#3583);
#3579 = LINE('',#3580,#3581);
#3580 = CARTESIAN_POINT('',(-0.,0.));
#3581 = VECTOR('',#3582,1.);
#3582 = DIRECTION('',(-0.,1.));
#3583 = ( GEOMETRIC_REPRESENTATION_CONTEXT(2) 
PARAMETRIC_REPRESENTATION_CONTEXT() REPRESENTATION_CONTEXT('2D SPACE',''
  ) );
#3584 = PCURVE('',#2965,#3585);
#3585 = DEFINITIONAL_REPRESENTATION('',(#3586),#3590);
#3586 = LINE('',#3587,#3588);
#3587 = CARTESIAN_POINT('',(0.,-13.));
#3588 = VECTOR('',#3589,1.);
#3589 = DIRECTION('',(1.,0.));
#3590 = ( GEOMETRIC_REPRESENTATION_CONTEXT(2) 
PARAMETRIC_REPRESENTATION_CONTEXT() REPRESENTATION_CONTEXT('2D SPACE',''
  ) );
#3591 = ADVANCED_FACE('',(#3592),#2994,.T.);
#3592 = FACE_BOUND('',#3593,.T.);
#3593 = EDGE_LOOP('',(#3594,#3595,#3596,#3597));
#3594 = ORIENTED_EDGE('',*,*,#3465,.T.);
#3595 = ORIENTED_EDGE('',*,*,#3544,.T.);
#3596 = ORIENTED_EDGE('',*,*,#2977,.F.);
#3597 = ORIENTED_EDGE('',*,*,#3598,.F.);
#3598 = EDGE_CURVE('',#3443,#2950,#3599,.T.);
#3599 = SURFACE_CURVE('',#3600,(#3604,#3611),.PCURVE_S1.);
#3600 = LINE('',#3601,#3602);
#3601 = CARTESIAN_POINT('',(48.26,69.55,-4.));
#3602 = VECTOR('',#3603,1.);
#3603 = DIRECTION('',(0.,0.,1.));
#3604 = PCURVE('',#2994,#3605);
#3605 = DEFINITIONAL_REPRESENTATION('',(#3606),#3610);
#3606 = LINE('',#3607,#3608);
#3607 = CARTESIAN_POINT('',(0.,0.));
#3608 = VECTOR('',#3609,1.);
#3609 = DIRECTION('',(0.,1.));
#3610 = ( GEOMETRIC_REPRESENTATION_CONTEXT(2) 
PARAMETRIC_REPRESENTATION_CONTEXT() REPRESENTATION_CONTEXT('2D SPACE',''
  ) );
#3611 = PCURVE('',#2965,#3612);
#3612 = DEFINITIONAL_REPRESENTATION('',(#3613),#3617);
#3613 = LINE('',#3614,#3615);
#3614 = CARTESIAN_POINT('',(0.,-152.1));
#3615 = VECTOR('',#3616,1.);
#3616 = DIRECTION('',(1.,0.));
#3617 = ( GEOMETRIC_REPRESENTATION_CONTEXT(2) 
PARAMETRIC_REPRESENTATION_CONTEXT() REPRESENTATION_CONTEXT('2D SPACE',''
  ) );
#3618 = ADVANCED_FACE('',(#3619),#2965,.T.);
#3619 = FACE_BOUND('',#3620,.T.);
#3620 = EDGE_LOOP('',(#3621,#3622,#3623,#3624));
#3621 = ORIENTED_EDGE('',*,*,#2949,.F.);
#3622 = ORIENTED_EDGE('',*,*,#3571,.F.);
#3623 = ORIENTED_EDGE('',*,*,#3442,.T.);
#3624 = ORIENTED_EDGE('',*,*,#3598,.T.);
#3625 = ADVANCED_FACE('',(#3626),#3081,.F.);
#3626 = FACE_BOUND('',#3627,.F.);
#3627 = EDGE_LOOP('',(#3628,#3651,#3680,#3701));
#3628 = ORIENTED_EDGE('',*,*,#3629,.F.);
#3629 = EDGE_CURVE('',#3630,#3063,#3632,.T.);
#3630 = VERTEX_POINT('',#3631);
#3631 = CARTESIAN_POINT('',(-45.76,-69.55,-1.5));
#3632 = SURFACE_CURVE('',#3633,(#3637,#3644),.PCURVE_S1.);
#3633 = LINE('',#3634,#3635);
#3634 = CARTESIAN_POINT('',(-45.76,-69.55,-1.5));
#3635 = VECTOR('',#3636,1.);
#3636 = DIRECTION('',(0.,0.,1.));
#3637 = PCURVE('',#3081,#3638);
#3638 = DEFINITIONAL_REPRESENTATION('',(#3639),#3643);
#3639 = LINE('',#3640,#3641);
#3640 = CARTESIAN_POINT('',(0.,0.));
#3641 = VECTOR('',#3642,1.);
#3642 = DIRECTION('',(0.,1.));
#3643 = ( GEOMETRIC_REPRESENTATION_CONTEXT(2) 
PARAMETRIC_REPRESENTATION_CONTEXT() REPRESENTATION_CONTEXT('2D SPACE',''
  ) );
#3644 = PCURVE('',#3108,#3645);
#3645 = DEFINITIONAL_REPRESENTATION('',(#3646),#3650);
#3646 = LINE('',#3647,#3648);
#3647 = CARTESIAN_POINT('',(0.,-10.5));
#3648 = VECTOR('',#3649,1.);
#3649 = DIRECTION('',(1.,0.));
#3650 = ( GEOMETRIC_REPRESENTATION_CONTEXT(2) 
PARAMETRIC_REPRESENTATION_CONTEXT() REPRESENTATION_CONTEXT('2D SPACE',''
  ) );
#3651 = ORIENTED_EDGE('',*,*,#3652,.T.);
#3652 = EDGE_CURVE('',#3630,#3653,#3655,.T.);
#3653 = VERTEX_POINT('',#3654);
#3654 = CARTESIAN_POINT('',(-35.26,-80.05,-1.5));
#3655 = SURFACE_CURVE('',#3656,(#3661,#3668),.PCURVE_S1.);
#3656 = CIRCLE('',#3657,10.5);
#3657 = AXIS2_PLACEMENT_3D('',#3658,#3659,#3660);
#3658 = CARTESIAN_POINT('',(-35.26,-69.55,-1.5));
#3659 = DIRECTION('',(0.,0.,1.));
#3660 = DIRECTION('',(0.,-1.,0.));
#3661 = PCURVE('',#3081,#3662);
#3662 = DEFINITIONAL_REPRESENTATION('',(#3663),#3667);
#3663 = LINE('',#3664,#3665);
#3664 = CARTESIAN_POINT('',(-4.712388980385,0.));
#3665 = VECTOR('',#3666,1.);
#3666 = DIRECTION('',(1.,0.));
#3667 = ( GEOMETRIC_REPRESENTATION_CONTEXT(2) 
PARAMETRIC_REPRESENTATION_CONTEXT() REPRESENTATION_CONTEXT('2D SPACE',''
  ) );
#3668 = PCURVE('',#3669,#3674);
#3669 = PLANE('',#3670);
#3670 = AXIS2_PLACEMENT_3D('',#3671,#3672,#3673);
#3671 = CARTESIAN_POINT('',(-45.76,-80.05,-1.5));
#3672 = DIRECTION('',(0.,0.,1.));
#3673 = DIRECTION('',(1.,0.,-0.));
#3674 = DEFINITIONAL_REPRESENTATION('',(#3675),#3679);
#3675 = CIRCLE('',#3676,10.5);
#3676 = AXIS2_PLACEMENT_2D('',#3677,#3678);
#3677 = CARTESIAN_POINT('',(10.5,10.5));
#3678 = DIRECTION('',(0.,-1.));
#3679 = ( GEOMETRIC_REPRESENTATION_CONTEXT(2) 
PARAMETRIC_REPRESENTATION_CONTEXT() REPRESENTATION_CONTEXT('2D SPACE',''
  ) );
#3680 = ORIENTED_EDGE('',*,*,#3681,.T.);
#3681 = EDGE_CURVE('',#3653,#3065,#3682,.T.);
#3682 = SURFACE_CURVE('',#3683,(#3687,#3694),.PCURVE_S1.);
#3683 = LINE('',#3684,#3685);
#3684 = CARTESIAN_POINT('',(-35.26,-80.05,-1.5));
#3685 = VECTOR('',#3686,1.);
#3686 = DIRECTION('',(0.,0.,1.));
#3687 = PCURVE('',#3081,#3688);
#3688 = DEFINITIONAL_REPRESENTATION('',(#3689),#3693);
#3689 = LINE('',#3690,#3691);
#3690 = CARTESIAN_POINT('',(1.570796326795,0.));
#3691 = VECTOR('',#3692,1.);
#3692 = DIRECTION('',(0.,1.));
#3693 = ( GEOMETRIC_REPRESENTATION_CONTEXT(2) 
PARAMETRIC_REPRESENTATION_CONTEXT() REPRESENTATION_CONTEXT('2D SPACE',''
  ) );
#3694 = PCURVE('',#3271,#3695);
#3695 = DEFINITIONAL_REPRESENTATION('',(#3696),#3700);
#3696 = LINE('',#3697,#3698);
#3697 = CARTESIAN_POINT('',(0.,10.5));
#3698 = VECTOR('',#3699,1.);
#3699 = DIRECTION('',(1.,0.));
#3700 = ( GEOMETRIC_REPRESENTATION_CONTEXT(2) 
PARAMETRIC_REPRESENTATION_CONTEXT() REPRESENTATION_CONTEXT('2D SPACE',''
  ) );
#3701 = ORIENTED_EDGE('',*,*,#3062,.F.);
#3702 = ADVANCED_FACE('',(#3703),#3271,.T.);
#3703 = FACE_BOUND('',#3704,.T.);
#3704 = EDGE_LOOP('',(#3705,#3728,#3729,#3730));
#3705 = ORIENTED_EDGE('',*,*,#3706,.F.);
#3706 = EDGE_CURVE('',#3653,#3707,#3709,.T.);
#3707 = VERTEX_POINT('',#3708);
#3708 = CARTESIAN_POINT('',(35.26,-80.05,-1.5));
#3709 = SURFACE_CURVE('',#3710,(#3714,#3721),.PCURVE_S1.);
#3710 = LINE('',#3711,#3712);
#3711 = CARTESIAN_POINT('',(-45.76,-80.05,-1.5));
#3712 = VECTOR('',#3713,1.);
#3713 = DIRECTION('',(1.,0.,-0.));
#3714 = PCURVE('',#3271,#3715);
#3715 = DEFINITIONAL_REPRESENTATION('',(#3716),#3720);
#3716 = LINE('',#3717,#3718);
#3717 = CARTESIAN_POINT('',(0.,0.));
#3718 = VECTOR('',#3719,1.);
#3719 = DIRECTION('',(0.,1.));
#3720 = ( GEOMETRIC_REPRESENTATION_CONTEXT(2) 
PARAMETRIC_REPRESENTATION_CONTEXT() REPRESENTATION_CONTEXT('2D SPACE',''
  ) );
#3721 = PCURVE('',#3669,#3722);
#3722 = DEFINITIONAL_REPRESENTATION('',(#3723),#3727);
#3723 = LINE('',#3724,#3725);
#3724 = CARTESIAN_POINT('',(0.,0.));
#3725 = VECTOR('',#3726,1.);
#3726 = DIRECTION('',(1.,0.));
#3727 = ( GEOMETRIC_REPRESENTATION_CONTEXT(2) 
PARAMETRIC_REPRESENTATION_CONTEXT() REPRESENTATION_CONTEXT('2D SPACE',''
  ) );
#3728 = ORIENTED_EDGE('',*,*,#3681,.T.);
#3729 = ORIENTED_EDGE('',*,*,#3258,.F.);
#3730 = ORIENTED_EDGE('',*,*,#3731,.F.);
#3731 = EDGE_CURVE('',#3707,#3230,#3732,.T.);
#3732 = SURFACE_CURVE('',#3733,(#3737,#3744),.PCURVE_S1.);
#3733 = LINE('',#3734,#3735);
#3734 = CARTESIAN_POINT('',(35.26,-80.05,-1.5));
#3735 = VECTOR('',#3736,1.);
#3736 = DIRECTION('',(0.,0.,1.));
#3737 = PCURVE('',#3271,#3738);
#3738 = DEFINITIONAL_REPRESENTATION('',(#3739),#3743);
#3739 = LINE('',#3740,#3741);
#3740 = CARTESIAN_POINT('',(0.,81.02));
#3741 = VECTOR('',#3742,1.);
#3742 = DIRECTION('',(1.,0.));
#3743 = ( GEOMETRIC_REPRESENTATION_CONTEXT(2) 
PARAMETRIC_REPRESENTATION_CONTEXT() REPRESENTATION_CONTEXT('2D SPACE',''
  ) );
#3744 = PCURVE('',#3246,#3745);
#3745 = DEFINITIONAL_REPRESENTATION('',(#3746),#3750);
#3746 = LINE('',#3747,#3748);
#3747 = CARTESIAN_POINT('',(-1.570796326795,0.));
#3748 = VECTOR('',#3749,1.);
#3749 = DIRECTION('',(-0.,1.));
#3750 = ( GEOMETRIC_REPRESENTATION_CONTEXT(2) 
PARAMETRIC_REPRESENTATION_CONTEXT() REPRESENTATION_CONTEXT('2D SPACE',''
  ) );
#3751 = ADVANCED_FACE('',(#3752),#3246,.F.);
#3752 = FACE_BOUND('',#3753,.T.);
#3753 = EDGE_LOOP('',(#3754,#3777,#3803,#3804));
#3754 = ORIENTED_EDGE('',*,*,#3755,.F.);
#3755 = EDGE_CURVE('',#3756,#3204,#3758,.T.);
#3756 = VERTEX_POINT('',#3757);
#3757 = CARTESIAN_POINT('',(45.76,-69.55,-1.5));
#3758 = SURFACE_CURVE('',#3759,(#3763,#3770),.PCURVE_S1.);
#3759 = LINE('',#3760,#3761);
#3760 = CARTESIAN_POINT('',(45.76,-69.55,-1.5));
#3761 = VECTOR('',#3762,1.);
#3762 = DIRECTION('',(0.,0.,1.));
#3763 = PCURVE('',#3246,#3764);
#3764 = DEFINITIONAL_REPRESENTATION('',(#3765),#3769);
#3765 = LINE('',#3766,#3767);
#3766 = CARTESIAN_POINT('',(-0.,0.));
#3767 = VECTOR('',#3768,1.);
#3768 = DIRECTION('',(-0.,1.));
#3769 = ( GEOMETRIC_REPRESENTATION_CONTEXT(2) 
PARAMETRIC_REPRESENTATION_CONTEXT() REPRESENTATION_CONTEXT('2D SPACE',''
  ) );
#3770 = PCURVE('',#3218,#3771);
#3771 = DEFINITIONAL_REPRESENTATION('',(#3772),#3776);
#3772 = LINE('',#3773,#3774);
#3773 = CARTESIAN_POINT('',(0.,-10.5));
#3774 = VECTOR('',#3775,1.);
#3775 = DIRECTION('',(1.,0.));
#3776 = ( GEOMETRIC_REPRESENTATION_CONTEXT(2) 
PARAMETRIC_REPRESENTATION_CONTEXT() REPRESENTATION_CONTEXT('2D SPACE',''
  ) );
#3777 = ORIENTED_EDGE('',*,*,#3778,.T.);
#3778 = EDGE_CURVE('',#3756,#3707,#3779,.T.);
#3779 = SURFACE_CURVE('',#3780,(#3785,#3792),.PCURVE_S1.);
#3780 = CIRCLE('',#3781,10.5);
#3781 = AXIS2_PLACEMENT_3D('',#3782,#3783,#3784);
#3782 = CARTESIAN_POINT('',(35.26,-69.55,-1.5));
#3783 = DIRECTION('',(-0.,-0.,-1.));
#3784 = DIRECTION('',(0.,-1.,0.));
#3785 = PCURVE('',#3246,#3786);
#3786 = DEFINITIONAL_REPRESENTATION('',(#3787),#3791);
#3787 = LINE('',#3788,#3789);
#3788 = CARTESIAN_POINT('',(4.712388980385,-0.));
#3789 = VECTOR('',#3790,1.);
#3790 = DIRECTION('',(-1.,0.));
#3791 = ( GEOMETRIC_REPRESENTATION_CONTEXT(2) 
PARAMETRIC_REPRESENTATION_CONTEXT() REPRESENTATION_CONTEXT('2D SPACE',''
  ) );
#3792 = PCURVE('',#3669,#3793);
#3793 = DEFINITIONAL_REPRESENTATION('',(#3794),#3802);
#3794 = ( BOUNDED_CURVE() B_SPLINE_CURVE(2,(#3795,#3796,#3797,#3798,
#3799,#3800,#3801),.UNSPECIFIED.,.T.,.F.) B_SPLINE_CURVE_WITH_KNOTS((1,2
    ,2,2,2,1),(-2.094395102393,0.,2.094395102393,4.188790204786,
6.28318530718,8.377580409573),.UNSPECIFIED.) CURVE() 
GEOMETRIC_REPRESENTATION_ITEM() RATIONAL_B_SPLINE_CURVE((1.,0.5,1.,0.5,
1.,0.5,1.)) REPRESENTATION_ITEM('') );
#3795 = CARTESIAN_POINT('',(81.02,0.));
#3796 = CARTESIAN_POINT('',(62.833466520527,0.));
#3797 = CARTESIAN_POINT('',(71.926733260263,15.75));
#3798 = CARTESIAN_POINT('',(81.02,31.5));
#3799 = CARTESIAN_POINT('',(90.113266739737,15.75));
#3800 = CARTESIAN_POINT('',(99.206533479473,1.59872115546E-14));
#3801 = CARTESIAN_POINT('',(81.02,0.));
#3802 = ( GEOMETRIC_REPRESENTATION_CONTEXT(2) 
PARAMETRIC_REPRESENTATION_CONTEXT() REPRESENTATION_CONTEXT('2D SPACE',''
  ) );
#3803 = ORIENTED_EDGE('',*,*,#3731,.T.);
#3804 = ORIENTED_EDGE('',*,*,#3229,.T.);
#3805 = ADVANCED_FACE('',(#3806),#3218,.F.);
#3806 = FACE_BOUND('',#3807,.F.);
#3807 = EDGE_LOOP('',(#3808,#3809,#3810,#3833));
#3808 = ORIENTED_EDGE('',*,*,#3203,.F.);
#3809 = ORIENTED_EDGE('',*,*,#3755,.F.);
#3810 = ORIENTED_EDGE('',*,*,#3811,.T.);
#3811 = EDGE_CURVE('',#3756,#3812,#3814,.T.);
#3812 = VERTEX_POINT('',#3813);
#3813 = CARTESIAN_POINT('',(45.76,69.55,-1.5));
#3814 = SURFACE_CURVE('',#3815,(#3819,#3826),.PCURVE_S1.);
#3815 = LINE('',#3816,#3817);
#3816 = CARTESIAN_POINT('',(45.76,-80.05,-1.5));
#3817 = VECTOR('',#3818,1.);
#3818 = DIRECTION('',(-0.,1.,0.));
#3819 = PCURVE('',#3218,#3820);
#3820 = DEFINITIONAL_REPRESENTATION('',(#3821),#3825);
#3821 = LINE('',#3822,#3823);
#3822 = CARTESIAN_POINT('',(0.,0.));
#3823 = VECTOR('',#3824,1.);
#3824 = DIRECTION('',(0.,-1.));
#3825 = ( GEOMETRIC_REPRESENTATION_CONTEXT(2) 
PARAMETRIC_REPRESENTATION_CONTEXT() REPRESENTATION_CONTEXT('2D SPACE',''
  ) );
#3826 = PCURVE('',#3669,#3827);
#3827 = DEFINITIONAL_REPRESENTATION('',(#3828),#3832);
#3828 = LINE('',#3829,#3830);
#3829 = CARTESIAN_POINT('',(91.52,0.));
#3830 = VECTOR('',#3831,1.);
#3831 = DIRECTION('',(0.,1.));
#3832 = ( GEOMETRIC_REPRESENTATION_CONTEXT(2) 
PARAMETRIC_REPRESENTATION_CONTEXT() REPRESENTATION_CONTEXT('2D SPACE',''
  ) );
#3833 = ORIENTED_EDGE('',*,*,#3834,.T.);
#3834 = EDGE_CURVE('',#3812,#3175,#3835,.T.);
#3835 = SURFACE_CURVE('',#3836,(#3840,#3847),.PCURVE_S1.);
#3836 = LINE('',#3837,#3838);
#3837 = CARTESIAN_POINT('',(45.76,69.55,-1.5));
#3838 = VECTOR('',#3839,1.);
#3839 = DIRECTION('',(0.,0.,1.));
#3840 = PCURVE('',#3218,#3841);
#3841 = DEFINITIONAL_REPRESENTATION('',(#3842),#3846);
#3842 = LINE('',#3843,#3844);
#3843 = CARTESIAN_POINT('',(0.,-149.6));
#3844 = VECTOR('',#3845,1.);
#3845 = DIRECTION('',(1.,0.));
#3846 = ( GEOMETRIC_REPRESENTATION_CONTEXT(2) 
PARAMETRIC_REPRESENTATION_CONTEXT() REPRESENTATION_CONTEXT('2D SPACE',''
  ) );
#3847 = PCURVE('',#3191,#3848);
#3848 = DEFINITIONAL_REPRESENTATION('',(#3849),#3853);
#3849 = LINE('',#3850,#3851);
#3850 = CARTESIAN_POINT('',(0.,0.));
#3851 = VECTOR('',#3852,1.);
#3852 = DIRECTION('',(0.,1.));
#3853 = ( GEOMETRIC_REPRESENTATION_CONTEXT(2) 
PARAMETRIC_REPRESENTATION_CONTEXT() REPRESENTATION_CONTEXT('2D SPACE',''
  ) );
#3854 = ADVANCED_FACE('',(#3855),#3191,.F.);
#3855 = FACE_BOUND('',#3856,.F.);
#3856 = EDGE_LOOP('',(#3857,#3858,#3882,#3903));
#3857 = ORIENTED_EDGE('',*,*,#3834,.F.);
#3858 = ORIENTED_EDGE('',*,*,#3859,.T.);
#3859 = EDGE_CURVE('',#3812,#3860,#3862,.T.);
#3860 = VERTEX_POINT('',#3861);
#3861 = CARTESIAN_POINT('',(35.26,80.05,-1.5));
#3862 = SURFACE_CURVE('',#3863,(#3868,#3875),.PCURVE_S1.);
#3863 = CIRCLE('',#3864,10.5);
#3864 = AXIS2_PLACEMENT_3D('',#3865,#3866,#3867);
#3865 = CARTESIAN_POINT('',(35.26,69.55,-1.5));
#3866 = DIRECTION('',(0.,0.,1.));
#3867 = DIRECTION('',(0.,-1.,0.));
#3868 = PCURVE('',#3191,#3869);
#3869 = DEFINITIONAL_REPRESENTATION('',(#3870),#3874);
#3870 = LINE('',#3871,#3872);
#3871 = CARTESIAN_POINT('',(-1.570796326795,0.));
#3872 = VECTOR('',#3873,1.);
#3873 = DIRECTION('',(1.,0.));
#3874 = ( GEOMETRIC_REPRESENTATION_CONTEXT(2) 
PARAMETRIC_REPRESENTATION_CONTEXT() REPRESENTATION_CONTEXT('2D SPACE',''
  ) );
#3875 = PCURVE('',#3669,#3876);
#3876 = DEFINITIONAL_REPRESENTATION('',(#3877),#3881);
#3877 = CIRCLE('',#3878,10.5);
#3878 = AXIS2_PLACEMENT_2D('',#3879,#3880);
#3879 = CARTESIAN_POINT('',(81.02,149.6));
#3880 = DIRECTION('',(0.,-1.));
#3881 = ( GEOMETRIC_REPRESENTATION_CONTEXT(2) 
PARAMETRIC_REPRESENTATION_CONTEXT() REPRESENTATION_CONTEXT('2D SPACE',''
  ) );
#3882 = ORIENTED_EDGE('',*,*,#3883,.T.);
#3883 = EDGE_CURVE('',#3860,#3149,#3884,.T.);
#3884 = SURFACE_CURVE('',#3885,(#3889,#3896),.PCURVE_S1.);
#3885 = LINE('',#3886,#3887);
#3886 = CARTESIAN_POINT('',(35.26,80.05,-1.5));
#3887 = VECTOR('',#3888,1.);
#3888 = DIRECTION('',(0.,0.,1.));
#3889 = PCURVE('',#3191,#3890);
#3890 = DEFINITIONAL_REPRESENTATION('',(#3891),#3895);
#3891 = LINE('',#3892,#3893);
#3892 = CARTESIAN_POINT('',(1.570796326795,0.));
#3893 = VECTOR('',#3894,1.);
#3894 = DIRECTION('',(0.,1.));
#3895 = ( GEOMETRIC_REPRESENTATION_CONTEXT(2) 
PARAMETRIC_REPRESENTATION_CONTEXT() REPRESENTATION_CONTEXT('2D SPACE',''
  ) );
#3896 = PCURVE('',#3163,#3897);
#3897 = DEFINITIONAL_REPRESENTATION('',(#3898),#3902);
#3898 = LINE('',#3899,#3900);
#3899 = CARTESIAN_POINT('',(0.,81.02));
#3900 = VECTOR('',#3901,1.);
#3901 = DIRECTION('',(1.,0.));
#3902 = ( GEOMETRIC_REPRESENTATION_CONTEXT(2) 
PARAMETRIC_REPRESENTATION_CONTEXT() REPRESENTATION_CONTEXT('2D SPACE',''
  ) );
#3903 = ORIENTED_EDGE('',*,*,#3174,.F.);
#3904 = ADVANCED_FACE('',(#3905),#3163,.F.);
#3905 = FACE_BOUND('',#3906,.F.);
#3906 = EDGE_LOOP('',(#3907,#3930,#3951,#3952));
#3907 = ORIENTED_EDGE('',*,*,#3908,.F.);
#3908 = EDGE_CURVE('',#3909,#3860,#3911,.T.);
#3909 = VERTEX_POINT('',#3910);
#3910 = CARTESIAN_POINT('',(-35.26,80.05,-1.5));
#3911 = SURFACE_CURVE('',#3912,(#3916,#3923),.PCURVE_S1.);
#3912 = LINE('',#3913,#3914);
#3913 = CARTESIAN_POINT('',(-45.76,80.05,-1.5));
#3914 = VECTOR('',#3915,1.);
#3915 = DIRECTION('',(1.,0.,-0.));
#3916 = PCURVE('',#3163,#3917);
#3917 = DEFINITIONAL_REPRESENTATION('',(#3918),#3922);
#3918 = LINE('',#3919,#3920);
#3919 = CARTESIAN_POINT('',(0.,0.));
#3920 = VECTOR('',#3921,1.);
#3921 = DIRECTION('',(0.,1.));
#3922 = ( GEOMETRIC_REPRESENTATION_CONTEXT(2) 
PARAMETRIC_REPRESENTATION_CONTEXT() REPRESENTATION_CONTEXT('2D SPACE',''
  ) );
#3923 = PCURVE('',#3669,#3924);
#3924 = DEFINITIONAL_REPRESENTATION('',(#3925),#3929);
#3925 = LINE('',#3926,#3927);
#3926 = CARTESIAN_POINT('',(0.,160.1));
#3927 = VECTOR('',#3928,1.);
#3928 = DIRECTION('',(1.,0.));
#3929 = ( GEOMETRIC_REPRESENTATION_CONTEXT(2) 
PARAMETRIC_REPRESENTATION_CONTEXT() REPRESENTATION_CONTEXT('2D SPACE',''
  ) );
#3930 = ORIENTED_EDGE('',*,*,#3931,.T.);
#3931 = EDGE_CURVE('',#3909,#3120,#3932,.T.);
#3932 = SURFACE_CURVE('',#3933,(#3937,#3944),.PCURVE_S1.);
#3933 = LINE('',#3934,#3935);
#3934 = CARTESIAN_POINT('',(-35.26,80.05,-1.5));
#3935 = VECTOR('',#3936,1.);
#3936 = DIRECTION('',(0.,0.,1.));
#3937 = PCURVE('',#3163,#3938);
#3938 = DEFINITIONAL_REPRESENTATION('',(#3939),#3943);
#3939 = LINE('',#3940,#3941);
#3940 = CARTESIAN_POINT('',(0.,10.5));
#3941 = VECTOR('',#3942,1.);
#3942 = DIRECTION('',(1.,0.));
#3943 = ( GEOMETRIC_REPRESENTATION_CONTEXT(2) 
PARAMETRIC_REPRESENTATION_CONTEXT() REPRESENTATION_CONTEXT('2D SPACE',''
  ) );
#3944 = PCURVE('',#3136,#3945);
#3945 = DEFINITIONAL_REPRESENTATION('',(#3946),#3950);
#3946 = LINE('',#3947,#3948);
#3947 = CARTESIAN_POINT('',(-1.570796326795,0.));
#3948 = VECTOR('',#3949,1.);
#3949 = DIRECTION('',(-0.,1.));
#3950 = ( GEOMETRIC_REPRESENTATION_CONTEXT(2) 
PARAMETRIC_REPRESENTATION_CONTEXT() REPRESENTATION_CONTEXT('2D SPACE',''
  ) );
#3951 = ORIENTED_EDGE('',*,*,#3148,.F.);
#3952 = ORIENTED_EDGE('',*,*,#3883,.F.);
#3953 = ADVANCED_FACE('',(#3954),#3136,.F.);
#3954 = FACE_BOUND('',#3955,.T.);
#3955 = EDGE_LOOP('',(#3956,#3979,#4005,#4006));
#3956 = ORIENTED_EDGE('',*,*,#3957,.F.);
#3957 = EDGE_CURVE('',#3958,#3094,#3960,.T.);
#3958 = VERTEX_POINT('',#3959);
#3959 = CARTESIAN_POINT('',(-45.76,69.55,-1.5));
#3960 = SURFACE_CURVE('',#3961,(#3965,#3972),.PCURVE_S1.);
#3961 = LINE('',#3962,#3963);
#3962 = CARTESIAN_POINT('',(-45.76,69.55,-1.5));
#3963 = VECTOR('',#3964,1.);
#3964 = DIRECTION('',(0.,0.,1.));
#3965 = PCURVE('',#3136,#3966);
#3966 = DEFINITIONAL_REPRESENTATION('',(#3967),#3971);
#3967 = LINE('',#3968,#3969);
#3968 = CARTESIAN_POINT('',(-0.,0.));
#3969 = VECTOR('',#3970,1.);
#3970 = DIRECTION('',(-0.,1.));
#3971 = ( GEOMETRIC_REPRESENTATION_CONTEXT(2) 
PARAMETRIC_REPRESENTATION_CONTEXT() REPRESENTATION_CONTEXT('2D SPACE',''
  ) );
#3972 = PCURVE('',#3108,#3973);
#3973 = DEFINITIONAL_REPRESENTATION('',(#3974),#3978);
#3974 = LINE('',#3975,#3976);
#3975 = CARTESIAN_POINT('',(0.,-149.6));
#3976 = VECTOR('',#3977,1.);
#3977 = DIRECTION('',(1.,0.));
#3978 = ( GEOMETRIC_REPRESENTATION_CONTEXT(2) 
PARAMETRIC_REPRESENTATION_CONTEXT() REPRESENTATION_CONTEXT('2D SPACE',''
  ) );
#3979 = ORIENTED_EDGE('',*,*,#3980,.T.);
#3980 = EDGE_CURVE('',#3958,#3909,#3981,.T.);
#3981 = SURFACE_CURVE('',#3982,(#3987,#3994),.PCURVE_S1.);
#3982 = CIRCLE('',#3983,10.5);
#3983 = AXIS2_PLACEMENT_3D('',#3984,#3985,#3986);
#3984 = CARTESIAN_POINT('',(-35.26,69.55,-1.5));
#3985 = DIRECTION('',(-0.,-0.,-1.));
#3986 = DIRECTION('',(0.,-1.,0.));
#3987 = PCURVE('',#3136,#3988);
#3988 = DEFINITIONAL_REPRESENTATION('',(#3989),#3993);
#3989 = LINE('',#3990,#3991);
#3990 = CARTESIAN_POINT('',(1.570796326795,-0.));
#3991 = VECTOR('',#3992,1.);
#3992 = DIRECTION('',(-1.,0.));
#3993 = ( GEOMETRIC_REPRESENTATION_CONTEXT(2) 
PARAMETRIC_REPRESENTATION_CONTEXT() REPRESENTATION_CONTEXT('2D SPACE',''
  ) );
#3994 = PCURVE('',#3669,#3995);
#3995 = DEFINITIONAL_REPRESENTATION('',(#3996),#4004);
#3996 = ( BOUNDED_CURVE() B_SPLINE_CURVE(2,(#3997,#3998,#3999,#4000,
#4001,#4002,#4003),.UNSPECIFIED.,.T.,.F.) B_SPLINE_CURVE_WITH_KNOTS((1,2
    ,2,2,2,1),(-2.094395102393,0.,2.094395102393,4.188790204786,
6.28318530718,8.377580409573),.UNSPECIFIED.) CURVE() 
GEOMETRIC_REPRESENTATION_ITEM() RATIONAL_B_SPLINE_CURVE((1.,0.5,1.,0.5,
1.,0.5,1.)) REPRESENTATION_ITEM('') );
#3997 = CARTESIAN_POINT('',(10.5,139.1));
#3998 = CARTESIAN_POINT('',(-7.686533479473,139.1));
#3999 = CARTESIAN_POINT('',(1.406733260263,154.85));
#4000 = CARTESIAN_POINT('',(10.5,170.6));
#4001 = CARTESIAN_POINT('',(19.593266739737,154.85));
#4002 = CARTESIAN_POINT('',(28.686533479473,139.1));
#4003 = CARTESIAN_POINT('',(10.5,139.1));
#4004 = ( GEOMETRIC_REPRESENTATION_CONTEXT(2) 
PARAMETRIC_REPRESENTATION_CONTEXT() REPRESENTATION_CONTEXT('2D SPACE',''
  ) );
#4005 = ORIENTED_EDGE('',*,*,#3931,.T.);
#4006 = ORIENTED_EDGE('',*,*,#3119,.T.);
#4007 = ADVANCED_FACE('',(#4008),#3108,.T.);
#4008 = FACE_BOUND('',#4009,.T.);
#4009 = EDGE_LOOP('',(#4010,#4011,#4012,#4033));
#4010 = ORIENTED_EDGE('',*,*,#3093,.F.);
#4011 = ORIENTED_EDGE('',*,*,#3629,.F.);
#4012 = ORIENTED_EDGE('',*,*,#4013,.T.);
#4013 = EDGE_CURVE('',#3630,#3958,#4014,.T.);
#4014 = SURFACE_CURVE('',#4015,(#4019,#4026),.PCURVE_S1.);
#4015 = LINE('',#4016,#4017);
#4016 = CARTESIAN_POINT('',(-45.76,-80.05,-1.5));
#4017 = VECTOR('',#4018,1.);
#4018 = DIRECTION('',(-0.,1.,0.));
#4019 = PCURVE('',#3108,#4020);
#4020 = DEFINITIONAL_REPRESENTATION('',(#4021),#4025);
#4021 = LINE('',#4022,#4023);
#4022 = CARTESIAN_POINT('',(0.,0.));
#4023 = VECTOR('',#4024,1.);
#4024 = DIRECTION('',(0.,-1.));
#4025 = ( GEOMETRIC_REPRESENTATION_CONTEXT(2) 
PARAMETRIC_REPRESENTATION_CONTEXT() REPRESENTATION_CONTEXT('2D SPACE',''
  ) );
#4026 = PCURVE('',#3669,#4027);
#4027 = DEFINITIONAL_REPRESENTATION('',(#4028),#4032);
#4028 = LINE('',#4029,#4030);
#4029 = CARTESIAN_POINT('',(0.,0.));
#4030 = VECTOR('',#4031,1.);
#4031 = DIRECTION('',(0.,1.));
#4032 = ( GEOMETRIC_REPRESENTATION_CONTEXT(2) 
PARAMETRIC_REPRESENTATION_CONTEXT() REPRESENTATION_CONTEXT('2D SPACE',''
  ) );
#4033 = ORIENTED_EDGE('',*,*,#3957,.T.);
#4034 = ADVANCED_FACE('',(#4035),#3669,.T.);
#4035 = FACE_BOUND('',#4036,.T.);
#4036 = EDGE_LOOP('',(#4037,#4038,#4039,#4040,#4041,#4042,#4043,#4044));
#4037 = ORIENTED_EDGE('',*,*,#4013,.F.);
#4038 = ORIENTED_EDGE('',*,*,#3652,.T.);
#4039 = ORIENTED_EDGE('',*,*,#3706,.T.);
#4040 = ORIENTED_EDGE('',*,*,#3778,.F.);
#4041 = ORIENTED_EDGE('',*,*,#3811,.T.);
#4042 = ORIENTED_EDGE('',*,*,#3859,.T.);
#4043 = ORIENTED_EDGE('',*,*,#3908,.F.);
#4044 = ORIENTED_EDGE('',*,*,#3980,.F.);
#4045 = ( GEOMETRIC_REPRESENTATION_CONTEXT(3) 
GLOBAL_UNCERTAINTY_ASSIGNED_CONTEXT((#4049)) 
GLOBAL_UNIT_ASSIGNED_CONTEXT((#4046,#4047,#4048)) REPRESENTATION_CONTEXT
('Context #1','3D Context with UNIT and UNCERTAINTY') );
#4046 = ( LENGTH_UNIT() NAMED_UNIT(*) SI_UNIT(.MILLI.,.METRE.) );
#4047 = ( NAMED_UNIT(*) PLANE_ANGLE_UNIT() SI_UNIT($,.RADIAN.) );
#4048 = ( NAMED_UNIT(*) SI_UNIT($,.STERADIAN.) SOLID_ANGLE_UNIT() );
#4049 = UNCERTAINTY_MEASURE_WITH_UNIT(LENGTH_MEASURE(1.E-07),#4046,
  'distance_accuracy_value','confusion accuracy');
#4050 = CONTEXT_DEPENDENT_SHAPE_REPRESENTATION(#4051,#4053);
#4051 = ( REPRESENTATION_RELATIONSHIP('','',#2736,#10) 
REPRESENTATION_RELATIONSHIP_WITH_TRANSFORMATION(#4052) 
SHAPE_REPRESENTATION_RELATIONSHIP() );
#4052 = ITEM_DEFINED_TRANSFORMATION('','',#11,#23);
#4053 = PRODUCT_DEFINITION_SHAPE('Placement','Placement of an item',
  #4054);
#4054 = NEXT_ASSEMBLY_USAGE_OCCURRENCE('3','ENCLOSURE_MID_FRAME','',#5,
  #2731,$);
#4055 = PRODUCT_RELATED_PRODUCT_CATEGORY('part',$,(#2733));
#4056 = SHAPE_DEFINITION_REPRESENTATION(#4057,#4063);
#4057 = PRODUCT_DEFINITION_SHAPE('','',#4058);
#4058 = PRODUCT_DEFINITION('design','',#4059,#4062);
#4059 = PRODUCT_DEFINITION_FORMATION('','',#4060);
#4060 = PRODUCT('GRIP_BODY','GRIP_BODY','',(#4061));
#4061 = PRODUCT_CONTEXT('',#2,'mechanical');
#4062 = PRODUCT_DEFINITION_CONTEXT('part definition',#2,'design');
#4063 = ADVANCED_BREP_SHAPE_REPRESENTATION('',(#11,#4064),#8593);
#4064 = MANIFOLD_SOLID_BREP('',#4065);
#4065 = CLOSED_SHELL('',(#4066,#6999,#7688,#8377,#8453,#8502,#8551,#8578
    ,#8582,#8586));
#4066 = ADVANCED_FACE('',(#4067,#6849),#4351,.T.);
#4067 = FACE_BOUND('',#4068,.T.);
#4068 = EDGE_LOOP('',(#4069,#5460,#5483,#6848));
#4069 = ORIENTED_EDGE('',*,*,#4070,.T.);
#4070 = EDGE_CURVE('',#4071,#4071,#4073,.T.);
#4071 = VERTEX_POINT('',#4072);
#4072 = CARTESIAN_POINT('',(40.,26.,9.));
#4073 = SURFACE_CURVE('',#4074,(#4350,#4627),.PCURVE_S1.);
#4074 = B_SPLINE_CURVE_WITH_KNOTS('',14,(#4075,#4076,#4077,#4078,#4079,
    #4080,#4081,#4082,#4083,#4084,#4085,#4086,#4087,#4088,#4089,#4090,
    #4091,#4092,#4093,#4094,#4095,#4096,#4097,#4098,#4099,#4100,#4101,
    #4102,#4103,#4104,#4105,#4106,#4107,#4108,#4109,#4110,#4111,#4112,
    #4113,#4114,#4115,#4116,#4117,#4118,#4119,#4120,#4121,#4122,#4123,
    #4124,#4125,#4126,#4127,#4128,#4129,#4130,#4131,#4132,#4133,#4134,
    #4135,#4136,#4137,#4138,#4139,#4140,#4141,#4142,#4143,#4144,#4145,
    #4146,#4147,#4148,#4149,#4150,#4151,#4152,#4153,#4154,#4155,#4156,
    #4157,#4158,#4159,#4160,#4161,#4162,#4163,#4164,#4165,#4166,#4167,
    #4168,#4169,#4170,#4171,#4172,#4173,#4174,#4175,#4176,#4177,#4178,
    #4179,#4180,#4181,#4182,#4183,#4184,#4185,#4186,#4187,#4188,#4189,
    #4190,#4191,#4192,#4193,#4194,#4195,#4196,#4197,#4198,#4199,#4200,
    #4201,#4202,#4203,#4204,#4205,#4206,#4207,#4208,#4209,#4210,#4211,
    #4212,#4213,#4214,#4215,#4216,#4217,#4218,#4219,#4220,#4221,#4222,
    #4223,#4224,#4225,#4226,#4227,#4228,#4229,#4230,#4231,#4232,#4233,
    #4234,#4235,#4236,#4237,#4238,#4239,#4240,#4241,#4242,#4243,#4244,
    #4245,#4246,#4247,#4248,#4249,#4250,#4251,#4252,#4253,#4254,#4255,
    #4256,#4257,#4258,#4259,#4260,#4261,#4262,#4263,#4264,#4265,#4266,
    #4267,#4268,#4269,#4270,#4271,#4272,#4273,#4274,#4275,#4276,#4277,
    #4278,#4279,#4280,#4281,#4282,#4283,#4284,#4285,#4286,#4287,#4288,
    #4289,#4290,#4291,#4292,#4293,#4294,#4295,#4296,#4297,#4298,#4299,
    #4300,#4301,#4302,#4303,#4304,#4305,#4306,#4307,#4308,#4309,#4310,
    #4311,#4312,#4313,#4314,#4315,#4316,#4317,#4318,#4319,#4320,#4321,
    #4322,#4323,#4324,#4325,#4326,#4327,#4328,#4329,#4330,#4331,#4332,
    #4333,#4334,#4335,#4336,#4337,#4338,#4339,#4340,#4341,#4342,#4343,
    #4344,#4345,#4346,#4347,#4348,#4349),.UNSPECIFIED.,.F.,.F.,(15,13,13
    ,13,13,13,13,13,13,13,13,13,13,13,13,13,13,13,13,13,13,15),(
    -8.443143151595,1.456797704203E-13,16.348367827368,34.960780664234,
    45.880631880429,52.292989308671,58.705346736913,64.188756004388,
    69.672165271863,86.301078476613,99.481553995437,115.8299218228,
    132.55130421049,145.73177972931,156.69859826426,167.2838447527,
    185.56187564428,206.06638494413,238.526470427,256.77635960691,
    272.99848332239,284.00484796765),.UNSPECIFIED.);
#4075 = CARTESIAN_POINT('',(31.557523998743,26.106137865645,
    8.999999999994));
#4076 = CARTESIAN_POINT('',(32.426077527696,26.095218507664,
    8.999999999997));
#4077 = CARTESIAN_POINT('',(33.253781898363,26.084812700738,
    8.999999999999));
#4078 = CARTESIAN_POINT('',(34.040637110742,26.074920444869,
    9.000000000001));
#4079 = CARTESIAN_POINT('',(34.786643164836,26.065541740055,
    9.000000000003));
#4080 = CARTESIAN_POINT('',(35.491800060642,26.056676586298,
    9.000000000004));
#4081 = CARTESIAN_POINT('',(36.156107798162,26.048324983596,
    9.000000000005));
#4082 = CARTESIAN_POINT('',(36.779566377395,26.040486931951,
    9.000000000006));
#4083 = CARTESIAN_POINT('',(37.362175798342,26.033162431361,
    9.000000000006));
#4084 = CARTESIAN_POINT('',(37.903936061001,26.026351481828,
    9.000000000006));
#4085 = CARTESIAN_POINT('',(38.404847165374,26.02005408335,
    9.000000000006));
#4086 = CARTESIAN_POINT('',(38.864909111461,26.014270235929,
    9.000000000005));
#4087 = CARTESIAN_POINT('',(39.284121899261,26.008999939563,
    9.000000000004));
#4088 = CARTESIAN_POINT('',(39.662485528774,26.004243194254,
    9.000000000002));
#4089 = CARTESIAN_POINT('',(40.653525662611,25.991783948326,
    8.999999999996));
#4090 = CARTESIAN_POINT('',(41.420245911601,25.960237108882,
    9.000000000018));
#4091 = CARTESIAN_POINT('',(42.29068254136,25.906013674641,
    8.999999999951));
#4092 = CARTESIAN_POINT('',(43.255357348477,25.829767840382,
    9.000000000102));
#4093 = CARTESIAN_POINT('',(44.304792124622,25.73215379684,
    8.999999999835));
#4094 = CARTESIAN_POINT('',(45.429508670297,25.613825742022,
    9.000000000214));
#4095 = CARTESIAN_POINT('',(46.620028772928,25.47543786315,
    8.999999999774));
#4096 = CARTESIAN_POINT('',(47.866874236146,25.317644360841,
    9.000000000196));
#4097 = CARTESIAN_POINT('',(49.160566846619,25.141099421651,
    8.999999999859));
#4098 = CARTESIAN_POINT('',(50.491628406092,24.946457244674,
    9.000000000083));
#4099 = CARTESIAN_POINT('',(51.850580704912,24.734372019497,
    8.999999999961));
#4100 = CARTESIAN_POINT('',(53.227945540732,24.505497941811,
    9.000000000014));
#4101 = CARTESIAN_POINT('',(54.614244707276,24.26048920403,
    8.999999999997));
#4102 = CARTESIAN_POINT('',(57.57766511443,23.703436290636,
    9.000000000004));
#4103 = CARTESIAN_POINT('',(59.154625284414,23.386807515184,
    8.999999999982));
#4104 = CARTESIAN_POINT('',(60.714333363255,23.041810962426,
    9.00000000005));
#4105 = CARTESIAN_POINT('',(62.240242201444,22.660143919275,
    8.999999999898));
#4106 = CARTESIAN_POINT('',(63.715804655818,22.233503676927,
    9.000000000166));
#4107 = CARTESIAN_POINT('',(65.124473571711,21.753587518658,
    8.99999999978));
#4108 = CARTESIAN_POINT('',(66.44970181178,21.212092739897,
    9.000000000241));
#4109 = CARTESIAN_POINT('',(67.674942216626,20.60071662038,
    8.999999999781));
#4110 = CARTESIAN_POINT('',(68.78364765076,19.911156456997,
    9.000000000163));
#4111 = CARTESIAN_POINT('',(69.759270956624,19.135109530752,
    8.999999999902));
#4112 = CARTESIAN_POINT('',(70.585264993913,18.264273135071,
    9.000000000046));
#4113 = CARTESIAN_POINT('',(71.24508261102,17.290344555249,
    8.999999999985));
#4114 = CARTESIAN_POINT('',(71.722176662423,16.205021080959,
    9.000000000003));
#4115 = CARTESIAN_POINT('',(72.162998184998,14.293017459278,
    8.999999999999));
#4116 = CARTESIAN_POINT('',(72.257404670334,13.544833368528,
    9.000000000002));
#4117 = CARTESIAN_POINT('',(72.283109208984,12.765467223964,
    8.999999999995));
#4118 = CARTESIAN_POINT('',(72.240001553853,11.964938521751,
    9.000000000012));
#4119 = CARTESIAN_POINT('',(72.127971458,11.15326675829,8.999999999978)
  );
#4120 = CARTESIAN_POINT('',(71.946908674345,10.340471429412,
    9.000000000033));
#4121 = CARTESIAN_POINT('',(71.696702955799,9.536572031965,
    8.999999999965));
#4122 = CARTESIAN_POINT('',(71.377244055433,8.751588061329,
    9.000000000029));
#4123 = CARTESIAN_POINT('',(70.988421726191,7.995539014647,
    8.999999999983));
#4124 = CARTESIAN_POINT('',(70.530125720888,7.278444387287,
    9.000000000006));
#4125 = CARTESIAN_POINT('',(70.002245792784,6.610323676113,9.));
#4126 = CARTESIAN_POINT('',(69.40467169452,6.001196376942,8.999999999998
    ));
#4127 = CARTESIAN_POINT('',(68.737293179322,5.461081986189,
    9.000000000001));
#4128 = CARTESIAN_POINT('',(67.567046537384,4.729243334856,
    8.999999999998));
#4129 = CARTESIAN_POINT('',(67.109984570046,4.485739223021,
    9.000000000013));
#4130 = CARTESIAN_POINT('',(66.631869795394,4.267310898407,
    8.999999999962));
#4131 = CARTESIAN_POINT('',(66.135757913281,4.071781595003,
    9.000000000078));
#4132 = CARTESIAN_POINT('',(65.624704618011,3.896974546667,
    8.999999999878));
#4133 = CARTESIAN_POINT('',(65.10176561378,3.740712987404,9.000000000153
    ));
#4134 = CARTESIAN_POINT('',(64.569996590388,3.60082015115,8.999999999844
    ));
#4135 = CARTESIAN_POINT('',(64.032453255105,3.475119271719,
    9.000000000131));
#4136 = CARTESIAN_POINT('',(63.492191297302,3.361433583292,
    8.999999999909));
#4137 = CARTESIAN_POINT('',(62.952266421934,3.2575863195,9.000000000052)
  );
#4138 = CARTESIAN_POINT('',(62.415734322421,3.161400714558,
    8.999999999977));
#4139 = CARTESIAN_POINT('',(61.885650699388,3.070700002206,
    9.000000000007));
#4140 = CARTESIAN_POINT('',(61.365071249735,2.983307416485,
    8.999999999999));
#4141 = CARTESIAN_POINT('',(60.349032094044,2.810784966096,9.));
#4142 = CARTESIAN_POINT('',(59.853572387949,2.725655101445,
    9.000000000004));
#4143 = CARTESIAN_POINT('',(59.373728251516,2.639479831235,
    8.999999999984));
#4144 = CARTESIAN_POINT('',(58.912555383347,2.550082389512,9.00000000004
    ));
#4145 = CARTESIAN_POINT('',(58.473109480066,2.455286009964,
    8.999999999925));
#4146 = CARTESIAN_POINT('',(58.058446242468,2.352913926985,
    9.000000000107));
#4147 = CARTESIAN_POINT('',(57.671621364451,2.240789373812,
    8.999999999882));
#4148 = CARTESIAN_POINT('',(57.3156905491,2.116735585268,9.000000000103)
  );
#4149 = CARTESIAN_POINT('',(56.993709489508,1.978575794351,
    8.999999999929));
#4150 = CARTESIAN_POINT('',(56.708733887692,1.824133235822,
    9.000000000037));
#4151 = CARTESIAN_POINT('',(56.463819439139,1.651231143017,
    8.999999999986));
#4152 = CARTESIAN_POINT('',(56.262021843191,1.457692750229,
    9.000000000002));
#4153 = CARTESIAN_POINT('',(56.106396797437,1.241341291224,
    9.000000000001));
#4154 = CARTESIAN_POINT('',(55.909016739673,0.793621443013,
    8.999999999996));
#4155 = CARTESIAN_POINT('',(55.854031636158,0.5689690712,9.000000000027)
  );
#4156 = CARTESIAN_POINT('',(55.83348019736,0.327220861296,8.999999999918
    ));
#4157 = CARTESIAN_POINT('',(55.845797935588,6.955478996733E-02,
    9.000000000177));
#4158 = CARTESIAN_POINT('',(55.889420352765,-0.202851165985,
    8.999999999706));
#4159 = CARTESIAN_POINT('',(55.962782970127,-0.488819029984,
    9.000000000391));
#4160 = CARTESIAN_POINT('',(56.064321279507,-0.787170825132,
    8.999999999577));
#4161 = CARTESIAN_POINT('',(56.192470810111,-1.096728574932,
    9.000000000376));
#4162 = CARTESIAN_POINT('',(56.345667051084,-1.416314302446,
    8.999999999726));
#4163 = CARTESIAN_POINT('',(56.522345527946,-1.744750031164,
    9.000000000162));
#4164 = CARTESIAN_POINT('',(56.720941738244,-2.080857784212,
    8.999999999924));
#4165 = CARTESIAN_POINT('',(56.93989119765,-2.423459584983,
    9.000000000027));
#4166 = CARTESIAN_POINT('',(57.177629412062,-2.771377456705,
    8.999999999994));
#4167 = CARTESIAN_POINT('',(57.687554371254,-3.475489388676,
    9.000000000006));
#4168 = CARTESIAN_POINT('',(57.959741115487,-3.831683448904,
    8.999999999971));
#4169 = CARTESIAN_POINT('',(58.24758763472,-4.190837626726,
    9.000000000083));
#4170 = CARTESIAN_POINT('',(58.549529434315,-4.551773945245,
    8.999999999828));
#4171 = CARTESIAN_POINT('',(58.864002031013,-4.913314428137,
    9.000000000282));
#4172 = CARTESIAN_POINT('',(59.189440920753,-5.27428109803,
    8.999999999628));
#4173 = CARTESIAN_POINT('',(59.524281630918,-5.633495979115,
    9.000000000401));
#4174 = CARTESIAN_POINT('',(59.866959649014,-5.989781093652,
    8.999999999645));
#4175 = CARTESIAN_POINT('',(60.215910505279,-6.341958465899,
    9.000000000257));
#4176 = CARTESIAN_POINT('',(60.569569691169,-6.68885011837,8.99999999985
    ));
#4177 = CARTESIAN_POINT('',(60.92637272789,-7.029278074867,
    9.000000000069));
#4178 = CARTESIAN_POINT('',(61.284755117501,-7.362064358388,
    8.999999999977));
#4179 = CARTESIAN_POINT('',(61.643152372234,-7.686030992354,
    9.000000000004));
#4180 = CARTESIAN_POINT('',(63.082171317167,-8.952138190391,
    8.99999999999));
#4181 = CARTESIAN_POINT('',(64.150091366685,-9.81233239874,
    9.000000000041));
#4182 = CARTESIAN_POINT('',(65.201415275571,-10.59442044808,
    8.999999999889));
#4183 = CARTESIAN_POINT('',(66.233798178081,-11.31224016272,
    9.000000000228));
#4184 = CARTESIAN_POINT('',(67.24489519238,-11.97962936405,
    8.999999999631));
#4185 = CARTESIAN_POINT('',(68.232361465589,-12.61042587881,
    9.000000000485));
#4186 = CARTESIAN_POINT('',(69.193852101585,-13.21846752562,
    8.999999999479));
#4187 = CARTESIAN_POINT('',(70.127022258563,-13.81759213345,
    9.000000000461));
#4188 = CARTESIAN_POINT('',(71.029527036943,-14.42163752011,
    8.999999999666));
#4189 = CARTESIAN_POINT('',(71.899021589284,-15.04444151362,
    9.000000000195));
#4190 = CARTESIAN_POINT('',(72.73316102833,-15.6998419341,8.999999999911
    ));
#4191 = CARTESIAN_POINT('',(73.529600492327,-16.40167660679,
    9.000000000028));
#4192 = CARTESIAN_POINT('',(74.285995106077,-17.1637833542,
    8.999999999996));
#4193 = CARTESIAN_POINT('',(75.565937407242,-18.66280537353,
    9.000000000001));
#4194 = CARTESIAN_POINT('',(76.105243354673,-19.37217049734,
    9.000000000006));
#4195 = CARTESIAN_POINT('',(76.61654514734,-20.12392995234,
    8.999999999975));
#4196 = CARTESIAN_POINT('',(77.098470091672,-20.91391831995,
    9.000000000059));
#4197 = CARTESIAN_POINT('',(77.549645490448,-21.73797018032,
    8.999999999897));
#4198 = CARTESIAN_POINT('',(77.968698653557,-22.59192011606,
    9.00000000014));
#4199 = CARTESIAN_POINT('',(78.354256879882,-23.47160270598,
    8.999999999846));
#4200 = CARTESIAN_POINT('',(78.704947482299,-24.37285253372,
    9.000000000138));
#4201 = CARTESIAN_POINT('',(79.019397758862,-25.29150417779,
    8.999999999901));
#4202 = CARTESIAN_POINT('',(79.296235020769,-26.22339222127,
    9.000000000057));
#4203 = CARTESIAN_POINT('',(79.534086569475,-27.16435124383,
    8.999999999975));
#4204 = CARTESIAN_POINT('',(79.731579712418,-28.11021582725,
    9.000000000007));
#4205 = CARTESIAN_POINT('',(79.887341754058,-29.05682055227,
    8.999999999999));
#4206 = CARTESIAN_POINT('',(80.139735356336,-31.16987012468,
    8.999999999999));
#4207 = CARTESIAN_POINT('',(80.213157180848,-32.33447059204,
    9.000000000007));
#4208 = CARTESIAN_POINT('',(80.225974913799,-33.49407985528,
    8.999999999976));
#4209 = CARTESIAN_POINT('',(80.183897997203,-34.64897636882,
    9.000000000056));
#4210 = CARTESIAN_POINT('',(80.09263586882,-35.79943858413,
    8.999999999902));
#4211 = CARTESIAN_POINT('',(79.957897974612,-36.94574495832,
    9.00000000014));
#4212 = CARTESIAN_POINT('',(79.785393747514,-38.08817393963,
    8.999999999838));
#4213 = CARTESIAN_POINT('',(79.580832637761,-39.22700398798,
    9.000000000151));
#4214 = CARTESIAN_POINT('',(79.349924076312,-40.36251355035,
    8.999999999888));
#4215 = CARTESIAN_POINT('',(79.098377512107,-41.49498108576,
    9.000000000065));
#4216 = CARTESIAN_POINT('',(78.831902380131,-42.6246850439,
    8.999999999972));
#4217 = CARTESIAN_POINT('',(78.556208124268,-43.75190388039,
    9.000000000008));
#4218 = CARTESIAN_POINT('',(78.27700418386,-44.87691604783,9.));
#4219 = CARTESIAN_POINT('',(77.716675515834,-47.14870893631,
    8.999999999998));
#4220 = CARTESIAN_POINT('',(77.435652315585,-48.29540066289,
    9.000000000018));
#4221 = CARTESIAN_POINT('',(77.156263161849,-49.44035441251,
    8.999999999944));
#4222 = CARTESIAN_POINT('',(76.877840821242,-50.58384942076,
    9.000000000117));
#4223 = CARTESIAN_POINT('',(76.599718051045,-51.72616491667,
    8.999999999812));
#4224 = CARTESIAN_POINT('',(76.321227625484,-52.86758014114,
    9.000000000239));
#4225 = CARTESIAN_POINT('',(76.041702293739,-54.00837431758,
    8.999999999753));
#4226 = CARTESIAN_POINT('',(75.76047483579,-55.14882669088,
    9.000000000209));
#4227 = CARTESIAN_POINT('',(75.476877999749,-56.28921648372,
    8.999999999855));
#4228 = CARTESIAN_POINT('',(75.19024456161,-57.42982293819,
    9.000000000082));
#4229 = CARTESIAN_POINT('',(74.899907276741,-58.57092528204,
    8.999999999963));
#4230 = CARTESIAN_POINT('',(74.605198913336,-59.71280275192,
    9.000000000012));
#4231 = CARTESIAN_POINT('',(74.305452232983,-60.85573457992,
    8.999999999998));
#4232 = CARTESIAN_POINT('',(73.759230093197,-62.9019566688,
    9.000000000001));
#4233 = CARTESIAN_POINT('',(73.514915192176,-63.80474192967,
    8.999999999997));
#4234 = CARTESIAN_POINT('',(73.263465662885,-64.70642502648,
    9.000000000007));
#4235 = CARTESIAN_POINT('',(73.001291870992,-65.60507520305,
    8.99999999999));
#4236 = CARTESIAN_POINT('',(72.724804182484,-66.4987617031,
    9.000000000007));
#4237 = CARTESIAN_POINT('',(72.430412963339,-67.38555377096,
    9.000000000006));
#4238 = CARTESIAN_POINT('',(72.114528578603,-68.26352064934,
    8.999999999975));
#4239 = CARTESIAN_POINT('',(71.773561395824,-69.13073158396,
    9.000000000039));
#4240 = CARTESIAN_POINT('',(71.403921778365,-69.98525581626,
    8.99999999996));
#4241 = CARTESIAN_POINT('',(71.002020094765,-70.82516259249,
    9.000000000029));
#4242 = CARTESIAN_POINT('',(70.564266708586,-71.64852115456,
    8.999999999985));
#4243 = CARTESIAN_POINT('',(70.087071987172,-72.45340074754,
    9.000000000006));
#4244 = CARTESIAN_POINT('',(69.566846295603,-73.23787061467,
    8.999999999999));
#4245 = CARTESIAN_POINT('',(68.528355372896,-74.63412997938,9.));
#4246 = CARTESIAN_POINT('',(68.024434942957,-75.25279347133,9.));
#4247 = CARTESIAN_POINT('',(67.489722564085,-75.85195099955,
    8.999999999994));
#4248 = CARTESIAN_POINT('',(66.925702090521,-76.42756308809,
    9.000000000021));
#4249 = CARTESIAN_POINT('',(66.333857375252,-76.97559025971,
    8.999999999948));
#4250 = CARTESIAN_POINT('',(65.71567227446,-77.49199304045,9.00000000009
    ));
#4251 = CARTESIAN_POINT('',(65.072630638144,-77.97273195003,
    8.999999999882));
#4252 = CARTESIAN_POINT('',(64.406216325747,-78.41376751778,
    9.000000000119));
#4253 = CARTESIAN_POINT('',(63.717913185095,-78.81106026125,
    8.999999999905));
#4254 = CARTESIAN_POINT('',(63.009205075663,-79.16057070977,
    9.000000000059));
#4255 = CARTESIAN_POINT('',(62.281575847342,-79.458259383,8.999999999972
    ));
#4256 = CARTESIAN_POINT('',(61.536509356495,-79.70008680712,
    9.00000000001));
#4257 = CARTESIAN_POINT('',(60.775489455927,-79.88201350473,
    8.999999999998));
#4258 = CARTESIAN_POINT('',(59.251492398272,-80.11388135316,
    9.000000000002));
#4259 = CARTESIAN_POINT('',(58.489504612326,-80.16819448346,
    8.999999999989));
#4260 = CARTESIAN_POINT('',(57.718722915019,-80.16520963671,
    9.000000000033));
#4261 = CARTESIAN_POINT('',(56.943833577742,-80.1071970571,
    8.999999999928));
#4262 = CARTESIAN_POINT('',(56.169522875339,-79.99642699284,
    9.000000000122));
#4263 = CARTESIAN_POINT('',(55.400477076116,-79.83516968421,
    8.999999999833));
#4264 = CARTESIAN_POINT('',(54.641382458567,-79.6256953843,
    9.000000000185));
#4265 = CARTESIAN_POINT('',(53.89692528795,-79.37027432899,
    8.999999999832));
#4266 = CARTESIAN_POINT('',(53.17179184397,-79.07117677355,
    9.000000000124));
#4267 = CARTESIAN_POINT('',(52.470668393032,-78.73067295487,
    8.999999999926));
#4268 = CARTESIAN_POINT('',(51.798241211868,-78.3510331245,
    9.000000000035));
#4269 = CARTESIAN_POINT('',(51.15919657048,-77.93452752418,
    8.999999999988));
#4270 = CARTESIAN_POINT('',(50.558220742508,-77.4834264011,
    9.000000000003));
#4271 = CARTESIAN_POINT('',(49.036094625946,-76.16524544772,
    8.999999999995));
#4272 = CARTESIAN_POINT('',(48.199670011756,-75.23410818651,
    9.000000000024));
#4273 = CARTESIAN_POINT('',(47.479445733863,-74.21608653987,
    8.999999999932));
#4274 = CARTESIAN_POINT('',(46.864141371579,-73.12067883664,
    9.00000000014));
#4275 = CARTESIAN_POINT('',(46.342476497769,-71.95738339353,
    8.999999999776));
#4276 = CARTESIAN_POINT('',(45.903170696829,-70.73569854924,
    9.000000000285));
#4277 = CARTESIAN_POINT('',(45.534943536229,-69.4651226097,
    8.999999999705));
#4278 = CARTESIAN_POINT('',(45.226514604147,-68.15515392168,
    9.000000000249));
#4279 = CARTESIAN_POINT('',(44.966603467447,-66.81529078898,
    8.999999999827));
#4280 = CARTESIAN_POINT('',(44.743929711538,-65.45503155372,
    9.000000000097));
#4281 = CARTESIAN_POINT('',(44.547212908188,-64.0838745291,
    8.999999999957));
#4282 = CARTESIAN_POINT('',(44.365172637595,-62.71131804665,
    9.000000000014));
#4283 = CARTESIAN_POINT('',(44.186528475648,-61.3468604283,
    8.999999999998));
#4284 = CARTESIAN_POINT('',(43.790750169622,-58.48907618431,
    9.000000000002));
#4285 = CARTESIAN_POINT('',(43.571578233553,-57.00029775515,
    8.999999999995));
#4286 = CARTESIAN_POINT('',(43.344771030459,-55.53129576563,
    9.000000000009));
#4287 = CARTESIAN_POINT('',(43.112615398763,-54.07970126809,
    8.999999999988));
#4288 = CARTESIAN_POINT('',(42.877398177184,-52.64314531619,
    9.00000000001));
#4289 = CARTESIAN_POINT('',(42.641406204295,-51.21925896177,
    8.999999999998));
#4290 = CARTESIAN_POINT('',(42.406926318347,-49.80567325869,
    8.99999999999));
#4291 = CARTESIAN_POINT('',(42.17624535865,-48.40001925906,
    9.000000000018));
#4292 = CARTESIAN_POINT('',(41.951650162711,-46.9999280161,
    8.999999999981));
#4293 = CARTESIAN_POINT('',(41.735427570256,-45.60303058262,
    9.000000000015));
#4294 = CARTESIAN_POINT('',(41.529864418879,-44.20695801135,
    8.999999999992));
#4295 = CARTESIAN_POINT('',(41.337247547815,-42.8093413553,
    9.000000000004));
#4296 = CARTESIAN_POINT('',(41.159863795283,-41.40781166721,
    8.999999999999));
#4297 = CARTESIAN_POINT('',(40.746924328469,-37.77133476381,
    9.000000000002));
#4298 = CARTESIAN_POINT('',(40.537755640106,-35.52692618133,
    8.999999999989));
#4299 = CARTESIAN_POINT('',(40.368503616356,-33.26851589509,
    9.000000000031));
#4300 = CARTESIAN_POINT('',(40.235177937435,-30.99784554691,
    8.999999999935));
#4301 = CARTESIAN_POINT('',(40.133788286366,-28.71665678027,
    9.000000000109));
#4302 = CARTESIAN_POINT('',(40.060344341019,-26.42669123562,
    8.999999999853));
#4303 = CARTESIAN_POINT('',(40.010855787093,-24.12969055797,
    9.000000000163));
#4304 = CARTESIAN_POINT('',(39.981332300285,-21.82739638658,
    8.99999999985));
#4305 = CARTESIAN_POINT('',(39.967783567117,-19.52155036681,
    9.000000000112));
#4306 = CARTESIAN_POINT('',(39.96621926417,-17.21389413855,
    8.999999999932));
#4307 = CARTESIAN_POINT('',(39.972649075749,-14.90616934585,
    9.000000000032));
#4308 = CARTESIAN_POINT('',(39.98308268112,-12.60011763009,
    8.999999999989));
#4309 = CARTESIAN_POINT('',(39.993529762269,-10.29748063407,
    9.000000000002));
#4310 = CARTESIAN_POINT('',(40.00363773292,-6.708297703435,
    8.999999999999));
#4311 = CARTESIAN_POINT('',(40.006018395395,-5.41822532033,
    9.000000000006));
#4312 = CARTESIAN_POINT('',(40.007316342065,-4.129605680351,
    8.999999999982));
#4313 = CARTESIAN_POINT('',(40.007705928241,-2.84226161348,9.00000000004
    ));
#4314 = CARTESIAN_POINT('',(40.007361507665,-1.556015948962,
    8.99999999993));
#4315 = CARTESIAN_POINT('',(40.00645743702,-0.270691517431,
    9.000000000097));
#4316 = CARTESIAN_POINT('',(40.005168068469,1.013888852657,
    8.999999999892));
#4317 = CARTESIAN_POINT('',(40.003667759939,2.297902329966,
    9.000000000096));
#4318 = CARTESIAN_POINT('',(40.002130863221,3.581526086386,
    8.999999999931));
#4319 = CARTESIAN_POINT('',(40.000731735575,4.864937290747,9.00000000004
    ));
#4320 = CARTESIAN_POINT('',(39.999644730179,6.148313114328,
    8.999999999982));
#4321 = CARTESIAN_POINT('',(39.99904420275,7.43183072677,9.000000000006)
  );
#4322 = CARTESIAN_POINT('',(39.999104507708,8.715667298609,
    8.999999999999));
#4323 = CARTESIAN_POINT('',(40.000795993148,11.141629067905,
    9.000000000001));
#4324 = CARTESIAN_POINT('',(40.002251887372,12.28365013941,
    8.999999999998));
#4325 = CARTESIAN_POINT('',(40.004172092295,13.426012447328,
    9.000000000004));
#4326 = CARTESIAN_POINT('',(40.00636101753,14.568665224207,
    8.999999999995));
#4327 = CARTESIAN_POINT('',(40.008623072583,15.711557703246,
    9.000000000001));
#4328 = CARTESIAN_POINT('',(40.010762667425,16.85463911641,
    9.000000000012));
#4329 = CARTESIAN_POINT('',(40.012584210828,17.997858697571,
    8.999999999971));
#4330 = CARTESIAN_POINT('',(40.013892113824,19.141165678121,
    9.00000000004));
#4331 = CARTESIAN_POINT('',(40.014490784151,20.284509292219,
    8.999999999961));
#4332 = CARTESIAN_POINT('',(40.014184633355,21.427838771352,
    9.000000000028));
#4333 = CARTESIAN_POINT('',(40.012778069445,22.571103349234,
    8.999999999985));
#4334 = CARTESIAN_POINT('',(40.010075503079,23.714252257998,
    9.000000000006));
#4335 = CARTESIAN_POINT('',(40.005881343324,24.857234730712,
    8.999999999999));
#4336 = CARTESIAN_POINT('',(39.996009634104,26.77534184046,
    9.000000000001));
#4337 = CARTESIAN_POINT('',(39.992010703768,27.552347781105,
    9.000000000002));
#4338 = CARTESIAN_POINT('',(39.988003208992,28.331017821935,
    9.000000000003));
#4339 = CARTESIAN_POINT('',(39.983987149777,29.11135196295,
    9.000000000003));
#4340 = CARTESIAN_POINT('',(39.979962526121,29.89335020415,
    9.000000000004));
#4341 = CARTESIAN_POINT('',(39.975929338025,30.677012545535,
    9.000000000005));
#4342 = CARTESIAN_POINT('',(39.97188758549,31.462338987106,
    9.000000000006));
#4343 = CARTESIAN_POINT('',(39.967837268514,32.249329528861,
    9.000000000007));
#4344 = CARTESIAN_POINT('',(39.963778387099,33.037984170801,
    9.000000000008));
#4345 = CARTESIAN_POINT('',(39.959710941244,33.828302912927,
    9.000000000009));
#4346 = CARTESIAN_POINT('',(39.955634930948,34.620285755238,
    9.000000000009));
#4347 = CARTESIAN_POINT('',(39.951550356213,35.413932697733,
    9.00000000001));
#4348 = CARTESIAN_POINT('',(39.947457217038,36.209243740414,
    9.000000000011));
#4349 = CARTESIAN_POINT('',(39.943355513423,37.00621888328,
    9.000000000012));
#4350 = PCURVE('',#4351,#4375);
#4351 = SURFACE_OF_LINEAR_EXTRUSION('',#4352,#4373);
#4352 = B_SPLINE_CURVE_WITH_KNOTS('',3,(#4353,#4354,#4355,#4356,#4357,
    #4358,#4359,#4360,#4361,#4362,#4363,#4364,#4365,#4366,#4367,#4368,
    #4369,#4370,#4371,#4372),.UNSPECIFIED.,.T.,.F.,(4,1,1,1,1,1,1,1,1,1,
    1,1,1,1,1,1,1,4),(0.,16.124515496597,34.482075247283,45.252404861552
    ,57.901515502225,68.718169328617,85.119388795474,98.119388795474,
    114.24390429207,130.73632679454,143.73632679454,154.55298062093,
    164.99328712984,183.02104350716,203.24479192332,235.26041311048,
    253.26041311048,269.26041311048),.UNSPECIFIED.);
#4353 = CARTESIAN_POINT('',(40.,26.,-15.));
#4354 = CARTESIAN_POINT('',(43.049786425612,25.961658425599,-15.));
#4355 = CARTESIAN_POINT('',(56.914361376277,24.366256615429,-15.));
#4356 = CARTESIAN_POINT('',(75.010467137734,19.454376263602,-15.));
#4357 = CARTESIAN_POINT('',(69.890490985145,1.809148552284,-15.));
#4358 = CARTESIAN_POINT('',(51.036135334128,3.919162978482,-15.));
#4359 = CARTESIAN_POINT('',(64.004650504494,-11.35226662091,-15.));
#4360 = CARTESIAN_POINT('',(75.328191370059,-15.40892847113,-15.));
#4361 = CARTESIAN_POINT('',(81.748091434098,-31.18676201183,-15.));
#4362 = CARTESIAN_POINT('',(77.90225685757,-46.17940698334,-15.));
#4363 = CARTESIAN_POINT('',(74.438270453207,-60.83733968268,-15.));
#4364 = CARTESIAN_POINT('',(70.620925302863,-73.96651770858,-15.));
#4365 = CARTESIAN_POINT('',(60.549554036602,-81.85287981888,-15.));
#4366 = CARTESIAN_POINT('',(45.86738094599,-77.05360069807,-15.));
#4367 = CARTESIAN_POINT('',(44.162256718569,-58.63556859941,-15.));
#4368 = CARTESIAN_POINT('',(39.723706268294,-36.47100944166,-15.));
#4369 = CARTESIAN_POINT('',(40.054603425829,-12.60569474335,-15.));
#4370 = CARTESIAN_POINT('',(39.977016546203,9.32067258717,-15.));
#4371 = CARTESIAN_POINT('',(40.027446268882,20.66709540997,-15.));
#4372 = CARTESIAN_POINT('',(40.,26.,-15.));
#4373 = VECTOR('',#4374,1.);
#4374 = DIRECTION('',(-0.,0.,-1.));
#4375 = DEFINITIONAL_REPRESENTATION('',(#4376),#4626);
#4376 = B_SPLINE_CURVE_WITH_KNOTS('',14,(#4377,#4378,#4379,#4380,#4381,
    #4382,#4383,#4384,#4385,#4386,#4387,#4388,#4389,#4390,#4391,#4392,
    #4393,#4394,#4395,#4396,#4397,#4398,#4399,#4400,#4401,#4402,#4403,
    #4404,#4405,#4406,#4407,#4408,#4409,#4410,#4411,#4412,#4413,#4414,
    #4415,#4416,#4417,#4418,#4419,#4420,#4421,#4422,#4423,#4424,#4425,
    #4426,#4427,#4428,#4429,#4430,#4431,#4432,#4433,#4434,#4435,#4436,
    #4437,#4438,#4439,#4440,#4441,#4442,#4443,#4444,#4445,#4446,#4447,
    #4448,#4449,#4450,#4451,#4452,#4453,#4454,#4455,#4456,#4457,#4458,
    #4459,#4460,#4461,#4462,#4463,#4464,#4465,#4466,#4467,#4468,#4469,
    #4470,#4471,#4472,#4473,#4474,#4475,#4476,#4477,#4478,#4479,#4480,
    #4481,#4482,#4483,#4484,#4485,#4486,#4487,#4488,#4489,#4490,#4491,
    #4492,#4493,#4494,#4495,#4496,#4497,#4498,#4499,#4500,#4501,#4502,
    #4503,#4504,#4505,#4506,#4507,#4508,#4509,#4510,#4511,#4512,#4513,
    #4514,#4515,#4516,#4517,#4518,#4519,#4520,#4521,#4522,#4523,#4524,
    #4525,#4526,#4527,#4528,#4529,#4530,#4531,#4532,#4533,#4534,#4535,
    #4536,#4537,#4538,#4539,#4540,#4541,#4542,#4543,#4544,#4545,#4546,
    #4547,#4548,#4549,#4550,#4551,#4552,#4553,#4554,#4555,#4556,#4557,
    #4558,#4559,#4560,#4561,#4562,#4563,#4564,#4565,#4566,#4567,#4568,
    #4569,#4570,#4571,#4572,#4573,#4574,#4575,#4576,#4577,#4578,#4579,
    #4580,#4581,#4582,#4583,#4584,#4585,#4586,#4587,#4588,#4589,#4590,
    #4591,#4592,#4593,#4594,#4595,#4596,#4597,#4598,#4599,#4600,#4601,
    #4602,#4603,#4604,#4605,#4606,#4607,#4608,#4609,#4610,#4611,#4612,
    #4613,#4614,#4615,#4616,#4617,#4618,#4619,#4620,#4621,#4622,#4623,
    #4624,#4625),.UNSPECIFIED.,.F.,.F.,(15,13,13,13,13,13,13,13,13,13,13
    ,13,13,13,13,13,13,13,13,15),(1.456797704203E-13,16.348367827368,
    34.960780664234,45.880631880429,52.292989308671,58.705346736913,
    64.188756004388,69.672165271863,86.301078476613,99.481553995437,
    115.8299218228,132.55130421049,145.73177972931,156.69859826426,
    167.2838447527,185.56187564428,206.06638494413,238.526470427,
    256.77635960691,272.99848332239),.UNSPECIFIED.);
#4377 = CARTESIAN_POINT('',(-1.59872115546E-14,-24.));
#4378 = CARTESIAN_POINT('',(1.151751106897,-23.99999999998));
#4379 = CARTESIAN_POINT('',(2.303502213815,-24.00000000005));
#4380 = CARTESIAN_POINT('',(3.455253320657,-23.99999999985));
#4381 = CARTESIAN_POINT('',(4.607004427686,-24.0000000003));
#4382 = CARTESIAN_POINT('',(5.758755534361,-23.99999999951));
#4383 = CARTESIAN_POINT('',(6.910506641578,-24.00000000061));
#4384 = CARTESIAN_POINT('',(8.06225774811,-23.99999999936));
#4385 = CARTESIAN_POINT('',(9.214008855365,-24.00000000054));
#4386 = CARTESIAN_POINT('',(10.365759961976,-23.99999999961));
#4387 = CARTESIAN_POINT('',(11.517511069074,-24.00000000022));
#4388 = CARTESIAN_POINT('',(12.66926217586,-23.99999999989));
#4389 = CARTESIAN_POINT('',(13.821013282813,-24.00000000003));
#4390 = CARTESIAN_POINT('',(14.972764389693,-23.99999999999));
#4391 = CARTESIAN_POINT('',(17.435769764511,-24.00000000001));
#4392 = CARTESIAN_POINT('',(18.747024032365,-23.99999999993));
#4393 = CARTESIAN_POINT('',(20.058278300446,-24.00000000017));
#4394 = CARTESIAN_POINT('',(21.369532567944,-23.99999999963));
#4395 = CARTESIAN_POINT('',(22.680786836596,-24.0000000006));
#4396 = CARTESIAN_POINT('',(23.992041103387,-23.99999999919));
#4397 = CARTESIAN_POINT('',(25.303295372681,-24.00000000088));
#4398 = CARTESIAN_POINT('',(26.614549639145,-23.9999999992));
#4399 = CARTESIAN_POINT('',(27.925803908293,-24.00000000058));
#4400 = CARTESIAN_POINT('',(29.237058175325,-23.99999999965));
#4401 = CARTESIAN_POINT('',(30.548312443723,-24.00000000016));
#4402 = CARTESIAN_POINT('',(31.859566711417,-23.99999999994));
#4403 = CARTESIAN_POINT('',(33.170820979387,-24.));
#4404 = CARTESIAN_POINT('',(35.251384505441,-23.99999999999));
#4405 = CARTESIAN_POINT('',(36.02069376362,-24.));
#4406 = CARTESIAN_POINT('',(36.79000302173,-24.));
#4407 = CARTESIAN_POINT('',(37.559312280024,-23.99999999999));
#4408 = CARTESIAN_POINT('',(38.328621537922,-24.00000000001));
#4409 = CARTESIAN_POINT('',(39.097930796499,-23.99999999998));
#4410 = CARTESIAN_POINT('',(39.867240054148,-24.00000000003));
#4411 = CARTESIAN_POINT('',(40.636549312816,-23.99999999994));
#4412 = CARTESIAN_POINT('',(41.405858570576,-24.00000000005));
#4413 = CARTESIAN_POINT('',(42.175167828995,-23.99999999995));
#4414 = CARTESIAN_POINT('',(42.944477087027,-24.00000000003));
#4415 = CARTESIAN_POINT('',(43.713786345238,-23.99999999998));
#4416 = CARTESIAN_POINT('',(44.483095603389,-24.));
#4417 = CARTESIAN_POINT('',(45.704158813003,-23.99999999999));
#4418 = CARTESIAN_POINT('',(46.155912764471,-24.00000000003));
#4419 = CARTESIAN_POINT('',(46.607666715879,-23.99999999991));
#4420 = CARTESIAN_POINT('',(47.059420667397,-24.00000000016));
#4421 = CARTESIAN_POINT('',(47.511174618821,-23.99999999975));
#4422 = CARTESIAN_POINT('',(47.962928570166,-24.00000000029));
#4423 = CARTESIAN_POINT('',(48.414682521934,-23.99999999972));
#4424 = CARTESIAN_POINT('',(48.866436472896,-24.0000000002));
#4425 = CARTESIAN_POINT('',(49.318190424883,-23.99999999987));
#4426 = CARTESIAN_POINT('',(49.769944375899,-24.00000000006));
#4427 = CARTESIAN_POINT('',(50.221698327625,-23.99999999997));
#4428 = CARTESIAN_POINT('',(50.673452278948,-24.));
#4429 = CARTESIAN_POINT('',(51.125206230445,-24.));
#4430 = CARTESIAN_POINT('',(52.028714133331,-23.99999999999));
#4431 = CARTESIAN_POINT('',(52.480468084849,-24.00000000001));
#4432 = CARTESIAN_POINT('',(52.932222036073,-23.99999999995));
#4433 = CARTESIAN_POINT('',(53.383975988096,-24.00000000011));
#4434 = CARTESIAN_POINT('',(53.835729938455,-23.99999999979));
#4435 = CARTESIAN_POINT('',(54.287483891571,-24.00000000027));
#4436 = CARTESIAN_POINT('',(54.739237840987,-23.9999999997));
#4437 = CARTESIAN_POINT('',(55.190991794461,-24.00000000025));
#4438 = CARTESIAN_POINT('',(55.642745744287,-23.99999999982));
#4439 = CARTESIAN_POINT('',(56.094499696787,-24.00000000008));
#4440 = CARTESIAN_POINT('',(56.54625364772,-23.99999999996));
#4441 = CARTESIAN_POINT('',(56.99800759935,-24.));
#4442 = CARTESIAN_POINT('',(57.449761550782,-24.));
#4443 = CARTESIAN_POINT('',(58.287824567426,-23.99999999998));
#4444 = CARTESIAN_POINT('',(58.674133632882,-24.00000000007));
#4445 = CARTESIAN_POINT('',(59.060442697285,-23.99999999975));
#4446 = CARTESIAN_POINT('',(59.446751764499,-24.00000000051));
#4447 = CARTESIAN_POINT('',(59.833060826088,-23.99999999913));
#4448 = CARTESIAN_POINT('',(60.219369896649,-24.00000000114));
#4449 = CARTESIAN_POINT('',(60.605678955494,-23.99999999875));
#4450 = CARTESIAN_POINT('',(60.991988027025,-24.0000000011));
#4451 = CARTESIAN_POINT('',(61.378297087107,-23.99999999919));
#4452 = CARTESIAN_POINT('',(61.764606155796,-24.00000000047));
#4453 = CARTESIAN_POINT('',(62.150915219132,-23.99999999977));
#4454 = CARTESIAN_POINT('',(62.537224285177,-24.00000000007));
#4455 = CARTESIAN_POINT('',(62.923533350146,-23.99999999998));
#4456 = CARTESIAN_POINT('',(63.696151480701,-24.00000000001));
#4457 = CARTESIAN_POINT('',(64.082460545633,-23.9999999999));
#4458 = CARTESIAN_POINT('',(64.468769611802,-24.00000000026));
#4459 = CARTESIAN_POINT('',(64.855078674887,-23.99999999943));
#4460 = CARTESIAN_POINT('',(65.24138774393,-24.00000000093));
#4461 = CARTESIAN_POINT('',(65.627696803663,-23.99999999875));
#4462 = CARTESIAN_POINT('',(66.014005875404,-24.00000000136));
#4463 = CARTESIAN_POINT('',(66.400314934237,-23.99999999877));
#4464 = CARTESIAN_POINT('',(66.786624004673,-24.0000000009));
#4465 = CARTESIAN_POINT('',(67.172933066406,-23.99999999946));
#4466 = CARTESIAN_POINT('',(67.559242133534,-24.00000000024));
#4467 = CARTESIAN_POINT('',(67.945551197959,-23.99999999992));
#4468 = CARTESIAN_POINT('',(68.331860263426,-24.00000000001));
#4469 = CARTESIAN_POINT('',(69.889685004727,-23.99999999997));
#4470 = CARTESIAN_POINT('',(71.061200681436,-24.00000000011));
#4471 = CARTESIAN_POINT('',(72.232716356092,-23.99999999968));
#4472 = CARTESIAN_POINT('',(73.40423203578,-24.00000000063));
#4473 = CARTESIAN_POINT('',(74.575747705824,-23.99999999898));
#4474 = CARTESIAN_POINT('',(75.747263390865,-24.00000000132));
#4475 = CARTESIAN_POINT('',(76.918779056619,-23.99999999858));
#4476 = CARTESIAN_POINT('',(78.090294743076,-24.00000000124));
#4477 = CARTESIAN_POINT('',(79.261810410934,-23.9999999991));
#4478 = CARTESIAN_POINT('',(80.433326092733,-24.00000000052));
#4479 = CARTESIAN_POINT('',(81.604841765909,-23.99999999976));
#4480 = CARTESIAN_POINT('',(82.776357443377,-24.00000000007));
#4481 = CARTESIAN_POINT('',(83.94787311922,-23.99999999998));
#4482 = CARTESIAN_POINT('',(86.047960224062,-24.));
#4483 = CARTESIAN_POINT('',(86.976531652619,-24.));
#4484 = CARTESIAN_POINT('',(87.905103081119,-23.99999999996));
#4485 = CARTESIAN_POINT('',(88.833674509947,-24.00000000007));
#4486 = CARTESIAN_POINT('',(89.76224593801,-23.99999999987));
#4487 = CARTESIAN_POINT('',(90.69081736731,-24.00000000016));
#4488 = CARTESIAN_POINT('',(91.619388795083,-23.99999999983));
#4489 = CARTESIAN_POINT('',(92.547960224329,-24.00000000013));
#4490 = CARTESIAN_POINT('',(93.476531652466,-23.99999999991));
#4491 = CARTESIAN_POINT('',(94.405103081244,-24.00000000003));
#4492 = CARTESIAN_POINT('',(95.333674509749,-23.99999999998));
#4493 = CARTESIAN_POINT('',(96.262245938331,-24.));
#4494 = CARTESIAN_POINT('',(97.190817366904,-24.));
#4495 = CARTESIAN_POINT('',(99.271139902371,-23.99999999999));
#4496 = CARTESIAN_POINT('',(100.42289100928,-24.00000000004));
#4497 = CARTESIAN_POINT('',(101.57464211613,-23.99999999987));
#4498 = CARTESIAN_POINT('',(102.72639322316,-24.00000000027));
#4499 = CARTESIAN_POINT('',(103.87814432979,-23.99999999953));
#4500 = CARTESIAN_POINT('',(105.02989543718,-24.00000000064));
#4501 = CARTESIAN_POINT('',(106.18164654336,-23.99999999926));
#4502 = CARTESIAN_POINT('',(107.33339765108,-24.00000000068));
#4503 = CARTESIAN_POINT('',(108.48514875726,-23.99999999949));
#4504 = CARTESIAN_POINT('',(109.63689986463,-24.0000000003));
#4505 = CARTESIAN_POINT('',(110.78865097131,-23.99999999986));
#4506 = CARTESIAN_POINT('',(111.94040207827,-24.00000000004));
#4507 = CARTESIAN_POINT('',(113.09215318518,-23.99999999999));
#4508 = CARTESIAN_POINT('',(115.42193447078,-23.99999999999));
#4509 = CARTESIAN_POINT('',(116.5999646498,-24.00000000004));
#4510 = CARTESIAN_POINT('',(117.77799482762,-23.99999999985));
#4511 = CARTESIAN_POINT('',(118.9560250085,-24.0000000003));
#4512 = CARTESIAN_POINT('',(120.13405518351,-23.9999999995));
#4513 = CARTESIAN_POINT('',(121.31208536748,-24.00000000064));
#4514 = CARTESIAN_POINT('',(122.49011554027,-23.99999999933));
#4515 = CARTESIAN_POINT('',(123.66814572464,-24.00000000056));
#4516 = CARTESIAN_POINT('',(124.84617589899,-23.9999999996));
#4517 = CARTESIAN_POINT('',(126.02420608058,-24.00000000022));
#4518 = CARTESIAN_POINT('',(127.20223625782,-23.9999999999));
#4519 = CARTESIAN_POINT('',(128.3802664372,-24.00000000003));
#4520 = CARTESIAN_POINT('',(129.55829661575,-23.99999999999));
#4521 = CARTESIAN_POINT('',(131.66489822314,-24.));
#4522 = CARTESIAN_POINT('',(132.59346965155,-23.99999999998));
#4523 = CARTESIAN_POINT('',(133.52204108062,-24.00000000004));
#4524 = CARTESIAN_POINT('',(134.45061250806,-23.99999999992));
#4525 = CARTESIAN_POINT('',(135.3791839386,-24.00000000011));
#4526 = CARTESIAN_POINT('',(136.30775536445,-23.99999999987));
#4527 = CARTESIAN_POINT('',(137.23632679607,-24.0000000001));
#4528 = CARTESIAN_POINT('',(138.16489822184,-23.99999999992));
#4529 = CARTESIAN_POINT('',(139.09346965254,-24.00000000004));
#4530 = CARTESIAN_POINT('',(140.02204107977,-23.99999999998));
#4531 = CARTESIAN_POINT('',(140.95061250904,-24.));
#4532 = CARTESIAN_POINT('',(141.87918393732,-23.99999999999));
#4533 = CARTESIAN_POINT('',(142.80775536599,-24.));
#4534 = CARTESIAN_POINT('',(144.50894492497,-23.99999999999));
#4535 = CARTESIAN_POINT('',(145.28156305558,-24.));
#4536 = CARTESIAN_POINT('',(146.05418118547,-23.99999999997));
#4537 = CARTESIAN_POINT('',(146.82679931738,-24.00000000007));
#4538 = CARTESIAN_POINT('',(147.59941744496,-23.99999999983));
#4539 = CARTESIAN_POINT('',(148.37203557999,-24.00000000026));
#4540 = CARTESIAN_POINT('',(149.14465370458,-23.99999999966));
#4541 = CARTESIAN_POINT('',(149.91727184114,-24.00000000033));
#4542 = CARTESIAN_POINT('',(150.68988996643,-23.99999999974));
#4543 = CARTESIAN_POINT('',(151.46250810043,-24.00000000015));
#4544 = CARTESIAN_POINT('',(152.23512622894,-23.99999999992));
#4545 = CARTESIAN_POINT('',(153.00774436023,-24.00000000002));
#4546 = CARTESIAN_POINT('',(153.78036249043,-23.99999999999));
#4547 = CARTESIAN_POINT('',(155.29871680017,-24.));
#4548 = CARTESIAN_POINT('',(156.04445297919,-23.99999999998));
#4549 = CARTESIAN_POINT('',(156.79018915901,-24.00000000005));
#4550 = CARTESIAN_POINT('',(157.53592533675,-23.99999999988));
#4551 = CARTESIAN_POINT('',(158.28166151872,-24.0000000002));
#4552 = CARTESIAN_POINT('',(159.02739769374,-23.99999999971));
#4553 = CARTESIAN_POINT('',(159.77313387813,-24.00000000031));
#4554 = CARTESIAN_POINT('',(160.51887005208,-23.99999999972));
#4555 = CARTESIAN_POINT('',(161.26460623567,-24.0000000002));
#4556 = CARTESIAN_POINT('',(162.01034241188,-23.99999999988));
#4557 = CARTESIAN_POINT('',(162.75607859275,-24.00000000005));
#4558 = CARTESIAN_POINT('',(163.50181477123,-23.99999999998));
#4559 = CARTESIAN_POINT('',(164.24755095068,-24.));
#4560 = CARTESIAN_POINT('',(166.28098401385,-23.99999999999));
#4561 = CARTESIAN_POINT('',(167.56868089842,-24.00000000004));
#4562 = CARTESIAN_POINT('',(168.85637778101,-23.99999999987));
#4563 = CARTESIAN_POINT('',(170.14407466849,-24.00000000026));
#4564 = CARTESIAN_POINT('',(171.43177154671,-23.99999999958));
#4565 = CARTESIAN_POINT('',(172.71946843894,-24.00000000052));
#4566 = CARTESIAN_POINT('',(174.00716531385,-23.99999999946));
#4567 = CARTESIAN_POINT('',(175.29486220652,-24.00000000045));
#4568 = CARTESIAN_POINT('',(176.58255908396,-23.99999999968));
#4569 = CARTESIAN_POINT('',(177.87025597233,-24.00000000017));
#4570 = CARTESIAN_POINT('',(179.15795285418,-23.99999999992));
#4571 = CARTESIAN_POINT('',(180.4456497392,-24.00000000002));
#4572 = CARTESIAN_POINT('',(181.73334662303,-23.99999999999));
#4573 = CARTESIAN_POINT('',(184.46559696549,-24.));
#4574 = CARTESIAN_POINT('',(185.91015042364,-23.99999999999));
#4575 = CARTESIAN_POINT('',(187.35470388232,-24.));
#4576 = CARTESIAN_POINT('',(188.79925733988,-24.));
#4577 = CARTESIAN_POINT('',(190.24381079926,-23.99999999997));
#4578 = CARTESIAN_POINT('',(191.68836425628,-24.00000000005));
#4579 = CARTESIAN_POINT('',(193.13291771583,-23.99999999991));
#4580 = CARTESIAN_POINT('',(194.57747117308,-24.00000000009));
#4581 = CARTESIAN_POINT('',(196.02202463212,-23.99999999992));
#4582 = CARTESIAN_POINT('',(197.46657808998,-24.00000000005));
#4583 = CARTESIAN_POINT('',(198.91113154847,-23.99999999997));
#4584 = CARTESIAN_POINT('',(200.35568500672,-24.00000000001));
#4585 = CARTESIAN_POINT('',(201.80023846501,-23.99999999999));
#4586 = CARTESIAN_POINT('',(205.53162200815,-24.));
#4587 = CARTESIAN_POINT('',(207.81845209271,-23.99999999996));
#4588 = CARTESIAN_POINT('',(210.10528217829,-24.0000000001));
#4589 = CARTESIAN_POINT('',(212.3921122613,-23.99999999978));
#4590 = CARTESIAN_POINT('',(214.67894234925,-24.00000000034));
#4591 = CARTESIAN_POINT('',(216.96577242955,-23.99999999954));
#4592 = CARTESIAN_POINT('',(219.25260251968,-24.0000000005));
#4593 = CARTESIAN_POINT('',(221.53943259918,-23.99999999954));
#4594 = CARTESIAN_POINT('',(223.82626268837,-24.00000000033));
#4595 = CARTESIAN_POINT('',(226.11309277016,-23.99999999979));
#4596 = CARTESIAN_POINT('',(228.39992285662,-24.00000000009));
#4597 = CARTESIAN_POINT('',(230.68675294071,-23.99999999996));
#4598 = CARTESIAN_POINT('',(232.97358302571,-24.));
#4599 = CARTESIAN_POINT('',(236.54612739619,-23.99999999999));
#4600 = CARTESIAN_POINT('',(237.83184168191,-24.));
#4601 = CARTESIAN_POINT('',(239.11755596763,-23.99999999999));
#4602 = CARTESIAN_POINT('',(240.40327025334,-24.00000000001));
#4603 = CARTESIAN_POINT('',(241.68898453899,-23.99999999997));
#4604 = CARTESIAN_POINT('',(242.97469882491,-24.00000000004));
#4605 = CARTESIAN_POINT('',(244.2604131103,-23.99999999996));
#4606 = CARTESIAN_POINT('',(245.54612739635,-24.00000000002));
#4607 = CARTESIAN_POINT('',(246.83184168183,-23.99999999998));
#4608 = CARTESIAN_POINT('',(248.11755596765,-24.));
#4609 = CARTESIAN_POINT('',(249.40327025333,-24.));
#4610 = CARTESIAN_POINT('',(250.68898453906,-24.));
#4611 = CARTESIAN_POINT('',(251.97469882476,-23.99999999999));
#4612 = CARTESIAN_POINT('',(254.40327025336,-24.));
#4613 = CARTESIAN_POINT('',(255.54612739604,-23.99999999999));
#4614 = CARTESIAN_POINT('',(256.68898453951,-24.00000000002));
#4615 = CARTESIAN_POINT('',(257.83184168098,-23.99999999995));
#4616 = CARTESIAN_POINT('',(258.97469882613,-24.00000000006));
#4617 = CARTESIAN_POINT('',(260.11755596611,-23.99999999994));
#4618 = CARTESIAN_POINT('',(261.26041311173,-24.00000000002));
#4619 = CARTESIAN_POINT('',(262.40327025257,-24.));
#4620 = CARTESIAN_POINT('',(263.54612739652,-23.99999999997));
#4621 = CARTESIAN_POINT('',(264.68898453897,-24.00000000002));
#4622 = CARTESIAN_POINT('',(265.83184168191,-23.99999999998));
#4623 = CARTESIAN_POINT('',(266.97469882478,-24.));
#4624 = CARTESIAN_POINT('',(268.11755596762,-23.99999999999));
#4625 = CARTESIAN_POINT('',(269.26041311048,-24.));
#4626 = ( GEOMETRIC_REPRESENTATION_CONTEXT(2) 
PARAMETRIC_REPRESENTATION_CONTEXT() REPRESENTATION_CONTEXT('2D SPACE',''
  ) );
#4627 = PCURVE('',#4628,#5454);
#4628 = ( BOUNDED_SURFACE() B_SPLINE_SURFACE(2,14,(
    (#4629,#4630,#4631,#4632,#4633,#4634,#4635,#4636,#4637,#4638,#4639
      ,#4640,#4641,#4642,#4643,#4644,#4645,#4646,#4647,#4648,#4649,#4650
      ,#4651,#4652,#4653,#4654,#4655,#4656,#4657,#4658,#4659,#4660,#4661
      ,#4662,#4663,#4664,#4665,#4666,#4667,#4668,#4669,#4670,#4671,#4672
      ,#4673,#4674,#4675,#4676,#4677,#4678,#4679,#4680,#4681,#4682,#4683
      ,#4684,#4685,#4686,#4687,#4688,#4689,#4690,#4691,#4692,#4693,#4694
      ,#4695,#4696,#4697,#4698,#4699,#4700,#4701,#4702,#4703,#4704,#4705
      ,#4706,#4707,#4708,#4709,#4710,#4711,#4712,#4713,#4714,#4715,#4716
      ,#4717,#4718,#4719,#4720,#4721,#4722,#4723,#4724,#4725,#4726,#4727
      ,#4728,#4729,#4730,#4731,#4732,#4733,#4734,#4735,#4736,#4737,#4738
      ,#4739,#4740,#4741,#4742,#4743,#4744,#4745,#4746,#4747,#4748,#4749
      ,#4750,#4751,#4752,#4753,#4754,#4755,#4756,#4757,#4758,#4759,#4760
      ,#4761,#4762,#4763,#4764,#4765,#4766,#4767,#4768,#4769,#4770,#4771
      ,#4772,#4773,#4774,#4775,#4776,#4777,#4778,#4779,#4780,#4781,#4782
      ,#4783,#4784,#4785,#4786,#4787,#4788,#4789,#4790,#4791,#4792,#4793
      ,#4794,#4795,#4796,#4797,#4798,#4799,#4800,#4801,#4802,#4803,#4804
      ,#4805,#4806,#4807,#4808,#4809,#4810,#4811,#4812,#4813,#4814,#4815
      ,#4816,#4817,#4818,#4819,#4820,#4821,#4822,#4823,#4824,#4825,#4826
      ,#4827,#4828,#4829,#4830,#4831,#4832,#4833,#4834,#4835,#4836,#4837
      ,#4838,#4839,#4840,#4841,#4842,#4843,#4844,#4845,#4846,#4847,#4848
      ,#4849,#4850,#4851,#4852,#4853,#4854,#4855,#4856,#4857,#4858,#4859
      ,#4860,#4861,#4862,#4863,#4864,#4865,#4866,#4867,#4868,#4869,#4870
      ,#4871,#4872,#4873,#4874,#4875,#4876,#4877,#4878,#4879,#4880,#4881
      ,#4882,#4883,#4884,#4885,#4886,#4887,#4888,#4889,#4890,#4891,#4892
      ,#4893,#4894,#4895,#4896,#4897,#4898,#4899,#4900,#4901,#4902,#4903
      )
    ,(#4904,#4905,#4906,#4907,#4908,#4909,#4910,#4911,#4912,#4913,#4914
      ,#4915,#4916,#4917,#4918,#4919,#4920,#4921,#4922,#4923,#4924,#4925
      ,#4926,#4927,#4928,#4929,#4930,#4931,#4932,#4933,#4934,#4935,#4936
      ,#4937,#4938,#4939,#4940,#4941,#4942,#4943,#4944,#4945,#4946,#4947
      ,#4948,#4949,#4950,#4951,#4952,#4953,#4954,#4955,#4956,#4957,#4958
      ,#4959,#4960,#4961,#4962,#4963,#4964,#4965,#4966,#4967,#4968,#4969
      ,#4970,#4971,#4972,#4973,#4974,#4975,#4976,#4977,#4978,#4979,#4980
      ,#4981,#4982,#4983,#4984,#4985,#4986,#4987,#4988,#4989,#4990,#4991
      ,#4992,#4993,#4994,#4995,#4996,#4997,#4998,#4999,#5000,#5001,#5002
      ,#5003,#5004,#5005,#5006,#5007,#5008,#5009,#5010,#5011,#5012,#5013
      ,#5014,#5015,#5016,#5017,#5018,#5019,#5020,#5021,#5022,#5023,#5024
      ,#5025,#5026,#5027,#5028,#5029,#5030,#5031,#5032,#5033,#5034,#5035
      ,#5036,#5037,#5038,#5039,#5040,#5041,#5042,#5043,#5044,#5045,#5046
      ,#5047,#5048,#5049,#5050,#5051,#5052,#5053,#5054,#5055,#5056,#5057
      ,#5058,#5059,#5060,#5061,#5062,#5063,#5064,#5065,#5066,#5067,#5068
      ,#5069,#5070,#5071,#5072,#5073,#5074,#5075,#5076,#5077,#5078,#5079
      ,#5080,#5081,#5082,#5083,#5084,#5085,#5086,#5087,#5088,#5089,#5090
      ,#5091,#5092,#5093,#5094,#5095,#5096,#5097,#5098,#5099,#5100,#5101
      ,#5102,#5103,#5104,#5105,#5106,#5107,#5108,#5109,#5110,#5111,#5112
      ,#5113,#5114,#5115,#5116,#5117,#5118,#5119,#5120,#5121,#5122,#5123
      ,#5124,#5125,#5126,#5127,#5128,#5129,#5130,#5131,#5132,#5133,#5134
      ,#5135,#5136,#5137,#5138,#5139,#5140,#5141,#5142,#5143,#5144,#5145
      ,#5146,#5147,#5148,#5149,#5150,#5151,#5152,#5153,#5154,#5155,#5156
      ,#5157,#5158,#5159,#5160,#5161,#5162,#5163,#5164,#5165,#5166,#5167
      ,#5168,#5169,#5170,#5171,#5172,#5173,#5174,#5175,#5176,#5177,#5178
      )
    ,(#5179,#5180,#5181,#5182,#5183,#5184,#5185,#5186,#5187,#5188,#5189
      ,#5190,#5191,#5192,#5193,#5194,#5195,#5196,#5197,#5198,#5199,#5200
      ,#5201,#5202,#5203,#5204,#5205,#5206,#5207,#5208,#5209,#5210,#5211
      ,#5212,#5213,#5214,#5215,#5216,#5217,#5218,#5219,#5220,#5221,#5222
      ,#5223,#5224,#5225,#5226,#5227,#5228,#5229,#5230,#5231,#5232,#5233
      ,#5234,#5235,#5236,#5237,#5238,#5239,#5240,#5241,#5242,#5243,#5244
      ,#5245,#5246,#5247,#5248,#5249,#5250,#5251,#5252,#5253,#5254,#5255
      ,#5256,#5257,#5258,#5259,#5260,#5261,#5262,#5263,#5264,#5265,#5266
      ,#5267,#5268,#5269,#5270,#5271,#5272,#5273,#5274,#5275,#5276,#5277
      ,#5278,#5279,#5280,#5281,#5282,#5283,#5284,#5285,#5286,#5287,#5288
      ,#5289,#5290,#5291,#5292,#5293,#5294,#5295,#5296,#5297,#5298,#5299
      ,#5300,#5301,#5302,#5303,#5304,#5305,#5306,#5307,#5308,#5309,#5310
      ,#5311,#5312,#5313,#5314,#5315,#5316,#5317,#5318,#5319,#5320,#5321
      ,#5322,#5323,#5324,#5325,#5326,#5327,#5328,#5329,#5330,#5331,#5332
      ,#5333,#5334,#5335,#5336,#5337,#5338,#5339,#5340,#5341,#5342,#5343
      ,#5344,#5345,#5346,#5347,#5348,#5349,#5350,#5351,#5352,#5353,#5354
      ,#5355,#5356,#5357,#5358,#5359,#5360,#5361,#5362,#5363,#5364,#5365
      ,#5366,#5367,#5368,#5369,#5370,#5371,#5372,#5373,#5374,#5375,#5376
      ,#5377,#5378,#5379,#5380,#5381,#5382,#5383,#5384,#5385,#5386,#5387
      ,#5388,#5389,#5390,#5391,#5392,#5393,#5394,#5395,#5396,#5397,#5398
      ,#5399,#5400,#5401,#5402,#5403,#5404,#5405,#5406,#5407,#5408,#5409
      ,#5410,#5411,#5412,#5413,#5414,#5415,#5416,#5417,#5418,#5419,#5420
      ,#5421,#5422,#5423,#5424,#5425,#5426,#5427,#5428,#5429,#5430,#5431
      ,#5432,#5433,#5434,#5435,#5436,#5437,#5438,#5439,#5440,#5441,#5442
      ,#5443,#5444,#5445,#5446,#5447,#5448,#5449,#5450,#5451,#5452,#5453
)),.UNSPECIFIED.,.F.,.F.,.F.) B_SPLINE_SURFACE_WITH_KNOTS((3,3),(15,13,
    13,13,13,13,13,13,13,13,13,13,13,13,13,13,13,13,13,13,13,15),(0.,
    272.99848332239),(-8.443143151595,1.456797704203E-13,16.348367827368
    ,34.960780664234,45.880631880429,52.292989308671,58.705346736913,
    64.188756004388,69.672165271863,86.301078476613,99.481553995437,
    115.8299218228,132.55130421049,145.73177972931,156.69859826426,
    167.2838447527,185.56187564428,206.06638494413,238.526470427,
    256.77635960691,272.99848332239,284.00484796765),.UNSPECIFIED.) 
GEOMETRIC_REPRESENTATION_ITEM() RATIONAL_B_SPLINE_SURFACE((
    (1.,1.,1.,1.,1.,1.,1.,1.,1.,1.,1.,1.,1.,1.,1.,1.,1.,1.,1.,1.,1.,1.
      ,1.,1.,1.,1.,1.,1.,1.,1.,1.,1.,1.,1.,1.,1.,1.,1.,1.,1.,1.,1.,1.,1.
      ,1.,1.,1.,1.,1.,1.,1.,1.,1.,1.,1.,1.,1.,1.,1.,1.,1.,1.,1.,1.,1.,1.
      ,1.,1.,1.,1.,1.,1.,1.,1.,1.,1.,1.,1.,1.,1.,1.,1.,1.,1.,1.,1.,1.,1.
      ,1.,1.,1.,1.,1.,1.,1.,1.,1.,1.,1.,1.,1.,1.,1.,1.,1.,1.,1.,1.,1.,1.
      ,1.,1.,1.,1.,1.,1.,1.,1.,1.,1.,1.,1.,1.,1.,1.,1.,1.,1.,1.,1.,1.,1.
      ,1.,1.,1.,1.,1.,1.,1.,1.,1.,1.,1.,1.,1.,1.,1.,1.,1.,1.,1.,1.,1.,1.
      ,1.,1.,1.,1.,1.,1.,1.,1.,1.,1.,1.,1.,1.,1.,1.,1.,1.,1.,1.,1.,1.,1.
      ,1.,1.,1.,1.,1.,1.,1.,1.,1.,1.,1.,1.,1.,1.,1.,1.,1.,1.,1.,1.,1.,1.
      ,1.,1.,1.,1.,1.,1.,1.,1.,1.,1.,1.,1.,1.,1.,1.,1.,1.,1.,1.,1.,1.,1.
      ,1.,1.,1.,1.,1.,1.,1.,1.,1.,1.,1.,1.,1.,1.,1.,1.,1.,1.,1.,1.,1.,1.
      ,1.,1.,1.,1.,1.,1.,1.,1.,1.,1.,1.,1.,1.,1.,1.,1.,1.,1.,1.,1.,1.,1.
      ,1.,1.,1.,1.,1.,1.,1.,1.,1.,1.,1.)
    ,(0.707106781187,0.707106781187,0.707106781187,0.707106781187
      ,0.707106781187,0.707106781187,0.707106781187,0.707106781187
      ,0.707106781187,0.707106781187,0.707106781187,0.707106781187
      ,0.707106781187,0.707106781187,0.707106781186,0.707106781188
      ,0.707106781182,0.707106781196,0.707106781172,0.707106781206
      ,0.707106781165,0.707106781205,0.707106781173,0.707106781195
      ,0.707106781183,0.707106781188,0.707106781186,0.707106781187
      ,0.707106781185,0.707106781191,0.707106781178,0.707106781201
      ,0.707106781167,0.707106781208,0.707106781167,0.707106781201
      ,0.707106781178,0.707106781191,0.707106781185,0.707106781187
      ,0.707106781187,0.707106781186,0.707106781187,0.707106781185
      ,0.707106781189,0.707106781183,0.707106781191,0.707106781182
      ,0.70710678119,0.707106781184,0.707106781188,0.707106781186
      ,0.707106781187,0.707106781186,0.707106781188,0.707106781183
      ,0.707106781193,0.707106781176,0.707106781199,0.707106781173
      ,0.707106781198,0.707106781179,0.707106781191,0.707106781185
      ,0.707106781187,0.707106781186,0.707106781187,0.707106781187
      ,0.707106781186,0.707106781188,0.707106781183,0.707106781192
      ,0.707106781181,0.707106781192,0.707106781183,0.707106781188
      ,0.707106781186,0.707106781186,0.707106781187,0.707106781186
      ,0.707106781189,0.707106781178,0.707106781204,0.707106781157
      ,0.707106781225,0.707106781145,0.707106781224,0.707106781159
      ,0.707106781203,0.707106781179,0.707106781189,0.707106781186
      ,0.707106781187,0.707106781183,0.707106781196,0.707106781168
      ,0.707106781218,0.707106781145,0.707106781232,0.707106781146
      ,0.707106781216,0.707106781169,0.707106781194,0.707106781184
      ,0.707106781187,0.707106781186,0.707106781189,0.707106781179
      ,0.707106781201,0.707106781164,0.707106781216,0.707106781156
      ,0.707106781213,0.707106781168,0.707106781197,0.707106781182
      ,0.707106781188,0.707106781186,0.707106781187,0.707106781187
      ,0.707106781186,0.707106781187,0.707106781185,0.707106781188
      ,0.707106781186,0.707106781186,0.707106781187,0.707106781186
      ,0.707106781187,0.707106781186,0.707106781187,0.707106781186
      ,0.707106781187,0.707106781184,0.707106781193,0.707106781176
      ,0.707106781201,0.707106781169,0.707106781203,0.707106781175
      ,0.707106781194,0.707106781183,0.707106781187,0.707106781186
      ,0.707106781186,0.707106781188,0.707106781182,0.707106781196
      ,0.707106781172,0.707106781206,0.707106781166,0.707106781204
      ,0.707106781174,0.707106781194,0.707106781183,0.707106781188
      ,0.707106781186,0.707106781187,0.707106781186,0.707106781187
      ,0.707106781186,0.707106781187,0.707106781187,0.707106781185
      ,0.707106781189,0.707106781184,0.707106781188,0.707106781186
      ,0.707106781187,0.707106781186,0.707106781187,0.707106781186
      ,0.707106781187,0.707106781185,0.707106781187,0.707106781187
      ,0.707106781185,0.707106781188,0.707106781185,0.707106781188
      ,0.707106781186,0.707106781187,0.707106781186,0.707106781187
      ,0.707106781186,0.707106781189,0.707106781181,0.707106781196
      ,0.707106781174,0.7071067812,0.707106781174,0.707106781195
      ,0.707106781181,0.707106781189,0.707106781186,0.707106781187
      ,0.707106781186,0.707106781189,0.70710678118,0.7071067812
      ,0.707106781165,0.707106781215,0.707106781156,0.707106781213
      ,0.707106781167,0.707106781198,0.707106781182,0.707106781188
      ,0.707106781186,0.707106781187,0.707106781186,0.707106781188
      ,0.707106781185,0.707106781188,0.707106781185,0.707106781187
      ,0.707106781186,0.707106781186,0.707106781187,0.707106781186
      ,0.707106781187,0.707106781186,0.707106781187,0.707106781185
      ,0.70710678119,0.707106781179,0.7071067812,0.707106781169
      ,0.707106781206,0.707106781169,0.7071067812,0.707106781178
      ,0.70710678119,0.707106781185,0.707106781187,0.707106781186
      ,0.707106781187,0.707106781187,0.707106781186,0.707106781187
      ,0.707106781185,0.707106781188,0.707106781186,0.707106781187
      ,0.707106781186,0.707106781187,0.707106781187,0.707106781186
      ,0.707106781187,0.707106781186,0.707106781189,0.707106781181
      ,0.707106781196,0.707106781174,0.707106781199,0.707106781175
      ,0.707106781195,0.707106781182,0.707106781189,0.707106781186
      ,0.707106781187,0.707106781186,0.707106781186,0.707106781186
      ,0.707106781186,0.707106781186,0.707106781186,0.707106781186
      ,0.707106781186,0.707106781186,0.707106781186,0.707106781186
      ,0.707106781186,0.707106781186,0.707106781187)
    ,(1.,1.,1.,1.,1.,1.,1.,1.,1.,1.,1.,1.,1.,1.,1.,1.,1.,1.,1.,1.,1.,1.
      ,1.,1.,1.,1.,1.,1.,1.,1.,1.,1.,1.,1.,1.,1.,1.,1.,1.,1.,1.,1.,1.,1.
      ,1.,1.,1.,1.,1.,1.,1.,1.,1.,1.,1.,1.,1.,1.,1.,1.,1.,1.,1.,1.,1.,1.
      ,1.,1.,1.,1.,1.,1.,1.,1.,1.,1.,1.,1.,1.,1.,1.,1.,1.,1.,1.,1.,1.,1.
      ,1.,1.,1.,1.,1.,1.,1.,1.,1.,1.,1.,1.,1.,1.,1.,1.,1.,1.,1.,1.,1.,1.
      ,1.,1.,1.,1.,1.,1.,1.,1.,1.,1.,1.,1.,1.,1.,1.,1.,1.,1.,1.,1.,1.,1.
      ,1.,1.,1.,1.,1.,1.,1.,1.,1.,1.,1.,1.,1.,1.,1.,1.,1.,1.,1.,1.,1.,1.
      ,1.,1.,1.,1.,1.,1.,1.,1.,1.,1.,1.,1.,1.,1.,1.,1.,1.,1.,1.,1.,1.,1.
      ,1.,1.,1.,1.,1.,1.,1.,1.,1.,1.,1.,1.,1.,1.,1.,1.,1.,1.,1.,1.,1.,1.
      ,1.,1.,1.,1.,1.,1.,1.,1.,1.,1.,1.,1.,1.,1.,1.,1.,1.,1.,1.,1.,1.,1.
      ,1.,1.,1.,1.,1.,1.,1.,1.,1.,1.,1.,1.,1.,1.,1.,1.,1.,1.,1.,1.,1.,1.
      ,1.,1.,1.,1.,1.,1.,1.,1.,1.,1.,1.,1.,1.,1.,1.,1.,1.,1.,1.,1.,1.,1.
,1.,1.,1.,1.,1.,1.,1.,1.,1.,1.,1.
  ))) REPRESENTATION_ITEM('') SURFACE() );
#4629 = CARTESIAN_POINT('',(31.557523998743,26.106137865645,
    8.999999999994));
#4630 = CARTESIAN_POINT('',(32.426077527696,26.095218507664,
    8.999999999997));
#4631 = CARTESIAN_POINT('',(33.253781898363,26.084812700738,
    8.999999999999));
#4632 = CARTESIAN_POINT('',(34.040637110742,26.074920444869,
    9.000000000001));
#4633 = CARTESIAN_POINT('',(34.786643164836,26.065541740055,
    9.000000000003));
#4634 = CARTESIAN_POINT('',(35.491800060642,26.056676586298,
    9.000000000004));
#4635 = CARTESIAN_POINT('',(36.156107798162,26.048324983596,
    9.000000000005));
#4636 = CARTESIAN_POINT('',(36.779566377395,26.040486931951,
    9.000000000006));
#4637 = CARTESIAN_POINT('',(37.362175798342,26.033162431361,
    9.000000000006));
#4638 = CARTESIAN_POINT('',(37.903936061001,26.026351481828,
    9.000000000006));
#4639 = CARTESIAN_POINT('',(38.404847165374,26.02005408335,
    9.000000000006));
#4640 = CARTESIAN_POINT('',(38.864909111461,26.014270235929,
    9.000000000005));
#4641 = CARTESIAN_POINT('',(39.284121899261,26.008999939563,
    9.000000000004));
#4642 = CARTESIAN_POINT('',(39.662485528774,26.004243194254,
    9.000000000002));
#4643 = CARTESIAN_POINT('',(40.653525662611,25.991783948326,
    8.999999999996));
#4644 = CARTESIAN_POINT('',(41.420245911601,25.960237108882,
    9.000000000018));
#4645 = CARTESIAN_POINT('',(42.29068254136,25.906013674641,
    8.999999999951));
#4646 = CARTESIAN_POINT('',(43.255357348477,25.829767840382,
    9.000000000102));
#4647 = CARTESIAN_POINT('',(44.304792124622,25.73215379684,
    8.999999999835));
#4648 = CARTESIAN_POINT('',(45.429508670297,25.613825742022,
    9.000000000214));
#4649 = CARTESIAN_POINT('',(46.620028772928,25.47543786315,
    8.999999999774));
#4650 = CARTESIAN_POINT('',(47.866874236146,25.317644360841,
    9.000000000196));
#4651 = CARTESIAN_POINT('',(49.160566846619,25.141099421651,
    8.999999999859));
#4652 = CARTESIAN_POINT('',(50.491628406092,24.946457244674,
    9.000000000083));
#4653 = CARTESIAN_POINT('',(51.850580704912,24.734372019497,
    8.999999999961));
#4654 = CARTESIAN_POINT('',(53.227945540732,24.505497941811,
    9.000000000014));
#4655 = CARTESIAN_POINT('',(54.614244707276,24.26048920403,
    8.999999999997));
#4656 = CARTESIAN_POINT('',(57.57766511443,23.703436290636,
    9.000000000004));
#4657 = CARTESIAN_POINT('',(59.154625284414,23.386807515184,
    8.999999999982));
#4658 = CARTESIAN_POINT('',(60.714333363255,23.041810962426,
    9.00000000005));
#4659 = CARTESIAN_POINT('',(62.240242201444,22.660143919275,
    8.999999999898));
#4660 = CARTESIAN_POINT('',(63.715804655818,22.233503676927,
    9.000000000166));
#4661 = CARTESIAN_POINT('',(65.124473571711,21.753587518658,
    8.99999999978));
#4662 = CARTESIAN_POINT('',(66.44970181178,21.212092739897,
    9.000000000241));
#4663 = CARTESIAN_POINT('',(67.674942216626,20.60071662038,
    8.999999999781));
#4664 = CARTESIAN_POINT('',(68.78364765076,19.911156456997,
    9.000000000163));
#4665 = CARTESIAN_POINT('',(69.759270956624,19.135109530752,
    8.999999999902));
#4666 = CARTESIAN_POINT('',(70.585264993913,18.264273135071,
    9.000000000046));
#4667 = CARTESIAN_POINT('',(71.24508261102,17.290344555249,
    8.999999999985));
#4668 = CARTESIAN_POINT('',(71.722176662423,16.205021080959,
    9.000000000003));
#4669 = CARTESIAN_POINT('',(72.162998184998,14.293017459278,
    8.999999999999));
#4670 = CARTESIAN_POINT('',(72.257404670334,13.544833368528,
    9.000000000002));
#4671 = CARTESIAN_POINT('',(72.283109208984,12.765467223964,
    8.999999999995));
#4672 = CARTESIAN_POINT('',(72.240001553853,11.964938521751,
    9.000000000012));
#4673 = CARTESIAN_POINT('',(72.127971458,11.15326675829,8.999999999978)
  );
#4674 = CARTESIAN_POINT('',(71.946908674345,10.340471429412,
    9.000000000033));
#4675 = CARTESIAN_POINT('',(71.696702955799,9.536572031965,
    8.999999999965));
#4676 = CARTESIAN_POINT('',(71.377244055433,8.751588061329,
    9.000000000029));
#4677 = CARTESIAN_POINT('',(70.988421726191,7.995539014647,
    8.999999999983));
#4678 = CARTESIAN_POINT('',(70.530125720888,7.278444387287,
    9.000000000006));
#4679 = CARTESIAN_POINT('',(70.002245792784,6.610323676113,9.));
#4680 = CARTESIAN_POINT('',(69.40467169452,6.001196376942,8.999999999998
    ));
#4681 = CARTESIAN_POINT('',(68.737293179322,5.461081986189,
    9.000000000001));
#4682 = CARTESIAN_POINT('',(67.567046537384,4.729243334856,
    8.999999999998));
#4683 = CARTESIAN_POINT('',(67.109984570046,4.485739223021,
    9.000000000013));
#4684 = CARTESIAN_POINT('',(66.631869795394,4.267310898407,
    8.999999999962));
#4685 = CARTESIAN_POINT('',(66.135757913281,4.071781595003,
    9.000000000078));
#4686 = CARTESIAN_POINT('',(65.624704618011,3.896974546667,
    8.999999999878));
#4687 = CARTESIAN_POINT('',(65.10176561378,3.740712987404,9.000000000153
    ));
#4688 = CARTESIAN_POINT('',(64.569996590388,3.60082015115,8.999999999844
    ));
#4689 = CARTESIAN_POINT('',(64.032453255105,3.475119271719,
    9.000000000131));
#4690 = CARTESIAN_POINT('',(63.492191297302,3.361433583292,
    8.999999999909));
#4691 = CARTESIAN_POINT('',(62.952266421934,3.2575863195,9.000000000052)
  );
#4692 = CARTESIAN_POINT('',(62.415734322421,3.161400714558,
    8.999999999977));
#4693 = CARTESIAN_POINT('',(61.885650699388,3.070700002206,
    9.000000000007));
#4694 = CARTESIAN_POINT('',(61.365071249735,2.983307416485,
    8.999999999999));
#4695 = CARTESIAN_POINT('',(60.349032094044,2.810784966096,9.));
#4696 = CARTESIAN_POINT('',(59.853572387949,2.725655101445,
    9.000000000004));
#4697 = CARTESIAN_POINT('',(59.373728251516,2.639479831235,
    8.999999999984));
#4698 = CARTESIAN_POINT('',(58.912555383347,2.550082389512,9.00000000004
    ));
#4699 = CARTESIAN_POINT('',(58.473109480066,2.455286009964,
    8.999999999925));
#4700 = CARTESIAN_POINT('',(58.058446242468,2.352913926985,
    9.000000000107));
#4701 = CARTESIAN_POINT('',(57.671621364451,2.240789373812,
    8.999999999882));
#4702 = CARTESIAN_POINT('',(57.3156905491,2.116735585268,9.000000000103)
  );
#4703 = CARTESIAN_POINT('',(56.993709489508,1.978575794351,
    8.999999999929));
#4704 = CARTESIAN_POINT('',(56.708733887692,1.824133235822,
    9.000000000037));
#4705 = CARTESIAN_POINT('',(56.463819439139,1.651231143017,
    8.999999999986));
#4706 = CARTESIAN_POINT('',(56.262021843191,1.457692750229,
    9.000000000002));
#4707 = CARTESIAN_POINT('',(56.106396797437,1.241341291224,
    9.000000000001));
#4708 = CARTESIAN_POINT('',(55.909016739673,0.793621443013,
    8.999999999996));
#4709 = CARTESIAN_POINT('',(55.854031636158,0.5689690712,9.000000000027)
  );
#4710 = CARTESIAN_POINT('',(55.83348019736,0.327220861296,8.999999999918
    ));
#4711 = CARTESIAN_POINT('',(55.845797935588,6.955478996733E-02,
    9.000000000177));
#4712 = CARTESIAN_POINT('',(55.889420352765,-0.202851165985,
    8.999999999706));
#4713 = CARTESIAN_POINT('',(55.962782970127,-0.488819029984,
    9.000000000391));
#4714 = CARTESIAN_POINT('',(56.064321279507,-0.787170825132,
    8.999999999577));
#4715 = CARTESIAN_POINT('',(56.192470810111,-1.096728574932,
    9.000000000376));
#4716 = CARTESIAN_POINT('',(56.345667051084,-1.416314302446,
    8.999999999726));
#4717 = CARTESIAN_POINT('',(56.522345527946,-1.744750031164,
    9.000000000162));
#4718 = CARTESIAN_POINT('',(56.720941738244,-2.080857784212,
    8.999999999924));
#4719 = CARTESIAN_POINT('',(56.93989119765,-2.423459584983,
    9.000000000027));
#4720 = CARTESIAN_POINT('',(57.177629412062,-2.771377456705,
    8.999999999994));
#4721 = CARTESIAN_POINT('',(57.687554371254,-3.475489388676,
    9.000000000006));
#4722 = CARTESIAN_POINT('',(57.959741115487,-3.831683448904,
    8.999999999971));
#4723 = CARTESIAN_POINT('',(58.24758763472,-4.190837626726,
    9.000000000083));
#4724 = CARTESIAN_POINT('',(58.549529434315,-4.551773945245,
    8.999999999828));
#4725 = CARTESIAN_POINT('',(58.864002031013,-4.913314428137,
    9.000000000282));
#4726 = CARTESIAN_POINT('',(59.189440920753,-5.27428109803,
    8.999999999628));
#4727 = CARTESIAN_POINT('',(59.524281630918,-5.633495979115,
    9.000000000401));
#4728 = CARTESIAN_POINT('',(59.866959649014,-5.989781093652,
    8.999999999645));
#4729 = CARTESIAN_POINT('',(60.215910505279,-6.341958465899,
    9.000000000257));
#4730 = CARTESIAN_POINT('',(60.569569691169,-6.68885011837,8.99999999985
    ));
#4731 = CARTESIAN_POINT('',(60.92637272789,-7.029278074867,
    9.000000000069));
#4732 = CARTESIAN_POINT('',(61.284755117501,-7.362064358388,
    8.999999999977));
#4733 = CARTESIAN_POINT('',(61.643152372234,-7.686030992354,
    9.000000000004));
#4734 = CARTESIAN_POINT('',(63.082171317167,-8.952138190391,
    8.99999999999));
#4735 = CARTESIAN_POINT('',(64.150091366685,-9.81233239874,
    9.000000000041));
#4736 = CARTESIAN_POINT('',(65.201415275571,-10.59442044808,
    8.999999999889));
#4737 = CARTESIAN_POINT('',(66.233798178081,-11.31224016272,
    9.000000000228));
#4738 = CARTESIAN_POINT('',(67.24489519238,-11.97962936405,
    8.999999999631));
#4739 = CARTESIAN_POINT('',(68.232361465589,-12.61042587881,
    9.000000000485));
#4740 = CARTESIAN_POINT('',(69.193852101585,-13.21846752562,
    8.999999999479));
#4741 = CARTESIAN_POINT('',(70.127022258563,-13.81759213345,
    9.000000000461));
#4742 = CARTESIAN_POINT('',(71.029527036943,-14.42163752011,
    8.999999999666));
#4743 = CARTESIAN_POINT('',(71.899021589284,-15.04444151362,
    9.000000000195));
#4744 = CARTESIAN_POINT('',(72.73316102833,-15.6998419341,8.999999999911
    ));
#4745 = CARTESIAN_POINT('',(73.529600492327,-16.40167660679,
    9.000000000028));
#4746 = CARTESIAN_POINT('',(74.285995106077,-17.1637833542,
    8.999999999996));
#4747 = CARTESIAN_POINT('',(75.565937407242,-18.66280537353,
    9.000000000001));
#4748 = CARTESIAN_POINT('',(76.105243354673,-19.37217049734,
    9.000000000006));
#4749 = CARTESIAN_POINT('',(76.61654514734,-20.12392995234,
    8.999999999975));
#4750 = CARTESIAN_POINT('',(77.098470091672,-20.91391831995,
    9.000000000059));
#4751 = CARTESIAN_POINT('',(77.549645490448,-21.73797018032,
    8.999999999897));
#4752 = CARTESIAN_POINT('',(77.968698653557,-22.59192011606,
    9.00000000014));
#4753 = CARTESIAN_POINT('',(78.354256879882,-23.47160270598,
    8.999999999846));
#4754 = CARTESIAN_POINT('',(78.704947482299,-24.37285253372,
    9.000000000138));
#4755 = CARTESIAN_POINT('',(79.019397758862,-25.29150417779,
    8.999999999901));
#4756 = CARTESIAN_POINT('',(79.296235020769,-26.22339222127,
    9.000000000057));
#4757 = CARTESIAN_POINT('',(79.534086569475,-27.16435124383,
    8.999999999975));
#4758 = CARTESIAN_POINT('',(79.731579712418,-28.11021582725,
    9.000000000007));
#4759 = CARTESIAN_POINT('',(79.887341754058,-29.05682055227,
    8.999999999999));
#4760 = CARTESIAN_POINT('',(80.139735356336,-31.16987012468,
    8.999999999999));
#4761 = CARTESIAN_POINT('',(80.213157180848,-32.33447059204,
    9.000000000007));
#4762 = CARTESIAN_POINT('',(80.225974913799,-33.49407985528,
    8.999999999976));
#4763 = CARTESIAN_POINT('',(80.183897997203,-34.64897636882,
    9.000000000056));
#4764 = CARTESIAN_POINT('',(80.09263586882,-35.79943858413,
    8.999999999902));
#4765 = CARTESIAN_POINT('',(79.957897974612,-36.94574495832,
    9.00000000014));
#4766 = CARTESIAN_POINT('',(79.785393747514,-38.08817393963,
    8.999999999838));
#4767 = CARTESIAN_POINT('',(79.580832637761,-39.22700398798,
    9.000000000151));
#4768 = CARTESIAN_POINT('',(79.349924076312,-40.36251355035,
    8.999999999888));
#4769 = CARTESIAN_POINT('',(79.098377512107,-41.49498108576,
    9.000000000065));
#4770 = CARTESIAN_POINT('',(78.831902380131,-42.6246850439,
    8.999999999972));
#4771 = CARTESIAN_POINT('',(78.556208124268,-43.75190388039,
    9.000000000008));
#4772 = CARTESIAN_POINT('',(78.27700418386,-44.87691604783,9.));
#4773 = CARTESIAN_POINT('',(77.716675515834,-47.14870893631,
    8.999999999998));
#4774 = CARTESIAN_POINT('',(77.435652315585,-48.29540066289,
    9.000000000018));
#4775 = CARTESIAN_POINT('',(77.156263161849,-49.44035441251,
    8.999999999944));
#4776 = CARTESIAN_POINT('',(76.877840821242,-50.58384942076,
    9.000000000117));
#4777 = CARTESIAN_POINT('',(76.599718051045,-51.72616491667,
    8.999999999812));
#4778 = CARTESIAN_POINT('',(76.321227625484,-52.86758014114,
    9.000000000239));
#4779 = CARTESIAN_POINT('',(76.041702293739,-54.00837431758,
    8.999999999753));
#4780 = CARTESIAN_POINT('',(75.76047483579,-55.14882669088,
    9.000000000209));
#4781 = CARTESIAN_POINT('',(75.476877999749,-56.28921648372,
    8.999999999855));
#4782 = CARTESIAN_POINT('',(75.19024456161,-57.42982293819,
    9.000000000082));
#4783 = CARTESIAN_POINT('',(74.899907276741,-58.57092528204,
    8.999999999963));
#4784 = CARTESIAN_POINT('',(74.605198913336,-59.71280275192,
    9.000000000012));
#4785 = CARTESIAN_POINT('',(74.305452232983,-60.85573457992,
    8.999999999998));
#4786 = CARTESIAN_POINT('',(73.759230093197,-62.9019566688,
    9.000000000001));
#4787 = CARTESIAN_POINT('',(73.514915192176,-63.80474192967,
    8.999999999997));
#4788 = CARTESIAN_POINT('',(73.263465662885,-64.70642502648,
    9.000000000007));
#4789 = CARTESIAN_POINT('',(73.001291870992,-65.60507520305,
    8.99999999999));
#4790 = CARTESIAN_POINT('',(72.724804182484,-66.4987617031,
    9.000000000007));
#4791 = CARTESIAN_POINT('',(72.430412963339,-67.38555377096,
    9.000000000006));
#4792 = CARTESIAN_POINT('',(72.114528578603,-68.26352064934,
    8.999999999975));
#4793 = CARTESIAN_POINT('',(71.773561395824,-69.13073158396,
    9.000000000039));
#4794 = CARTESIAN_POINT('',(71.403921778365,-69.98525581626,
    8.99999999996));
#4795 = CARTESIAN_POINT('',(71.002020094765,-70.82516259249,
    9.000000000029));
#4796 = CARTESIAN_POINT('',(70.564266708586,-71.64852115456,
    8.999999999985));
#4797 = CARTESIAN_POINT('',(70.087071987172,-72.45340074754,
    9.000000000006));
#4798 = CARTESIAN_POINT('',(69.566846295603,-73.23787061467,
    8.999999999999));
#4799 = CARTESIAN_POINT('',(68.528355372896,-74.63412997938,9.));
#4800 = CARTESIAN_POINT('',(68.024434942957,-75.25279347133,9.));
#4801 = CARTESIAN_POINT('',(67.489722564085,-75.85195099955,
    8.999999999994));
#4802 = CARTESIAN_POINT('',(66.925702090521,-76.42756308809,
    9.000000000021));
#4803 = CARTESIAN_POINT('',(66.333857375252,-76.97559025971,
    8.999999999948));
#4804 = CARTESIAN_POINT('',(65.71567227446,-77.49199304045,9.00000000009
    ));
#4805 = CARTESIAN_POINT('',(65.072630638144,-77.97273195003,
    8.999999999882));
#4806 = CARTESIAN_POINT('',(64.406216325747,-78.41376751778,
    9.000000000119));
#4807 = CARTESIAN_POINT('',(63.717913185095,-78.81106026125,
    8.999999999905));
#4808 = CARTESIAN_POINT('',(63.009205075663,-79.16057070977,
    9.000000000059));
#4809 = CARTESIAN_POINT('',(62.281575847342,-79.458259383,8.999999999972
    ));
#4810 = CARTESIAN_POINT('',(61.536509356495,-79.70008680712,
    9.00000000001));
#4811 = CARTESIAN_POINT('',(60.775489455927,-79.88201350473,
    8.999999999998));
#4812 = CARTESIAN_POINT('',(59.251492398272,-80.11388135316,
    9.000000000002));
#4813 = CARTESIAN_POINT('',(58.489504612326,-80.16819448346,
    8.999999999989));
#4814 = CARTESIAN_POINT('',(57.718722915019,-80.16520963671,
    9.000000000033));
#4815 = CARTESIAN_POINT('',(56.943833577742,-80.1071970571,
    8.999999999928));
#4816 = CARTESIAN_POINT('',(56.169522875339,-79.99642699284,
    9.000000000122));
#4817 = CARTESIAN_POINT('',(55.400477076116,-79.83516968421,
    8.999999999833));
#4818 = CARTESIAN_POINT('',(54.641382458567,-79.6256953843,
    9.000000000185));
#4819 = CARTESIAN_POINT('',(53.89692528795,-79.37027432899,
    8.999999999832));
#4820 = CARTESIAN_POINT('',(53.17179184397,-79.07117677355,
    9.000000000124));
#4821 = CARTESIAN_POINT('',(52.470668393032,-78.73067295487,
    8.999999999926));
#4822 = CARTESIAN_POINT('',(51.798241211868,-78.3510331245,
    9.000000000035));
#4823 = CARTESIAN_POINT('',(51.15919657048,-77.93452752418,
    8.999999999988));
#4824 = CARTESIAN_POINT('',(50.558220742508,-77.4834264011,
    9.000000000003));
#4825 = CARTESIAN_POINT('',(49.036094625946,-76.16524544772,
    8.999999999995));
#4826 = CARTESIAN_POINT('',(48.199670011756,-75.23410818651,
    9.000000000024));
#4827 = CARTESIAN_POINT('',(47.479445733863,-74.21608653987,
    8.999999999932));
#4828 = CARTESIAN_POINT('',(46.864141371579,-73.12067883664,
    9.00000000014));
#4829 = CARTESIAN_POINT('',(46.342476497769,-71.95738339353,
    8.999999999776));
#4830 = CARTESIAN_POINT('',(45.903170696829,-70.73569854924,
    9.000000000285));
#4831 = CARTESIAN_POINT('',(45.534943536229,-69.4651226097,
    8.999999999705));
#4832 = CARTESIAN_POINT('',(45.226514604147,-68.15515392168,
    9.000000000249));
#4833 = CARTESIAN_POINT('',(44.966603467447,-66.81529078898,
    8.999999999827));
#4834 = CARTESIAN_POINT('',(44.743929711538,-65.45503155372,
    9.000000000097));
#4835 = CARTESIAN_POINT('',(44.547212908188,-64.0838745291,
    8.999999999957));
#4836 = CARTESIAN_POINT('',(44.365172637595,-62.71131804665,
    9.000000000014));
#4837 = CARTESIAN_POINT('',(44.186528475648,-61.3468604283,
    8.999999999998));
#4838 = CARTESIAN_POINT('',(43.790750169622,-58.48907618431,
    9.000000000002));
#4839 = CARTESIAN_POINT('',(43.571578233553,-57.00029775515,
    8.999999999995));
#4840 = CARTESIAN_POINT('',(43.344771030459,-55.53129576563,
    9.000000000009));
#4841 = CARTESIAN_POINT('',(43.112615398763,-54.07970126809,
    8.999999999988));
#4842 = CARTESIAN_POINT('',(42.877398177184,-52.64314531619,
    9.00000000001));
#4843 = CARTESIAN_POINT('',(42.641406204295,-51.21925896177,
    8.999999999998));
#4844 = CARTESIAN_POINT('',(42.406926318347,-49.80567325869,
    8.99999999999));
#4845 = CARTESIAN_POINT('',(42.17624535865,-48.40001925906,
    9.000000000018));
#4846 = CARTESIAN_POINT('',(41.951650162711,-46.9999280161,
    8.999999999981));
#4847 = CARTESIAN_POINT('',(41.735427570256,-45.60303058262,
    9.000000000015));
#4848 = CARTESIAN_POINT('',(41.529864418879,-44.20695801135,
    8.999999999992));
#4849 = CARTESIAN_POINT('',(41.337247547815,-42.8093413553,
    9.000000000004));
#4850 = CARTESIAN_POINT('',(41.159863795283,-41.40781166721,
    8.999999999999));
#4851 = CARTESIAN_POINT('',(40.746924328469,-37.77133476381,
    9.000000000002));
#4852 = CARTESIAN_POINT('',(40.537755640106,-35.52692618133,
    8.999999999989));
#4853 = CARTESIAN_POINT('',(40.368503616356,-33.26851589509,
    9.000000000031));
#4854 = CARTESIAN_POINT('',(40.235177937435,-30.99784554691,
    8.999999999935));
#4855 = CARTESIAN_POINT('',(40.133788286366,-28.71665678027,
    9.000000000109));
#4856 = CARTESIAN_POINT('',(40.060344341019,-26.42669123562,
    8.999999999853));
#4857 = CARTESIAN_POINT('',(40.010855787093,-24.12969055797,
    9.000000000163));
#4858 = CARTESIAN_POINT('',(39.981332300285,-21.82739638658,
    8.99999999985));
#4859 = CARTESIAN_POINT('',(39.967783567117,-19.52155036681,
    9.000000000112));
#4860 = CARTESIAN_POINT('',(39.96621926417,-17.21389413855,
    8.999999999932));
#4861 = CARTESIAN_POINT('',(39.972649075749,-14.90616934585,
    9.000000000032));
#4862 = CARTESIAN_POINT('',(39.98308268112,-12.60011763009,
    8.999999999989));
#4863 = CARTESIAN_POINT('',(39.993529762269,-10.29748063407,
    9.000000000002));
#4864 = CARTESIAN_POINT('',(40.00363773292,-6.708297703435,
    8.999999999999));
#4865 = CARTESIAN_POINT('',(40.006018395395,-5.41822532033,
    9.000000000006));
#4866 = CARTESIAN_POINT('',(40.007316342065,-4.129605680351,
    8.999999999982));
#4867 = CARTESIAN_POINT('',(40.007705928241,-2.84226161348,9.00000000004
    ));
#4868 = CARTESIAN_POINT('',(40.007361507665,-1.556015948962,
    8.99999999993));
#4869 = CARTESIAN_POINT('',(40.00645743702,-0.270691517431,
    9.000000000097));
#4870 = CARTESIAN_POINT('',(40.005168068469,1.013888852657,
    8.999999999892));
#4871 = CARTESIAN_POINT('',(40.003667759939,2.297902329966,
    9.000000000096));
#4872 = CARTESIAN_POINT('',(40.002130863221,3.581526086386,
    8.999999999931));
#4873 = CARTESIAN_POINT('',(40.000731735575,4.864937290747,9.00000000004
    ));
#4874 = CARTESIAN_POINT('',(39.999644730179,6.148313114328,
    8.999999999982));
#4875 = CARTESIAN_POINT('',(39.99904420275,7.43183072677,9.000000000006)
  );
#4876 = CARTESIAN_POINT('',(39.999104507708,8.715667298609,
    8.999999999999));
#4877 = CARTESIAN_POINT('',(40.000795993148,11.141629067905,
    9.000000000001));
#4878 = CARTESIAN_POINT('',(40.002251887372,12.28365013941,
    8.999999999998));
#4879 = CARTESIAN_POINT('',(40.004172092295,13.426012447328,
    9.000000000004));
#4880 = CARTESIAN_POINT('',(40.00636101753,14.568665224207,
    8.999999999995));
#4881 = CARTESIAN_POINT('',(40.008623072583,15.711557703246,
    9.000000000001));
#4882 = CARTESIAN_POINT('',(40.010762667425,16.85463911641,
    9.000000000012));
#4883 = CARTESIAN_POINT('',(40.012584210828,17.997858697571,
    8.999999999971));
#4884 = CARTESIAN_POINT('',(40.013892113824,19.141165678121,
    9.00000000004));
#4885 = CARTESIAN_POINT('',(40.014490784151,20.284509292219,
    8.999999999961));
#4886 = CARTESIAN_POINT('',(40.014184633355,21.427838771352,
    9.000000000028));
#4887 = CARTESIAN_POINT('',(40.012778069445,22.571103349234,
    8.999999999985));
#4888 = CARTESIAN_POINT('',(40.010075503079,23.714252257998,
    9.000000000006));
#4889 = CARTESIAN_POINT('',(40.005881343324,24.857234730712,
    8.999999999999));
#4890 = CARTESIAN_POINT('',(39.996009634104,26.77534184046,
    9.000000000001));
#4891 = CARTESIAN_POINT('',(39.992010703768,27.552347781105,
    9.000000000002));
#4892 = CARTESIAN_POINT('',(39.988003208992,28.331017821935,
    9.000000000003));
#4893 = CARTESIAN_POINT('',(39.983987149777,29.11135196295,
    9.000000000003));
#4894 = CARTESIAN_POINT('',(39.979962526121,29.89335020415,
    9.000000000004));
#4895 = CARTESIAN_POINT('',(39.975929338025,30.677012545535,
    9.000000000005));
#4896 = CARTESIAN_POINT('',(39.97188758549,31.462338987106,
    9.000000000006));
#4897 = CARTESIAN_POINT('',(39.967837268514,32.249329528861,
    9.000000000007));
#4898 = CARTESIAN_POINT('',(39.963778387099,33.037984170801,
    9.000000000008));
#4899 = CARTESIAN_POINT('',(39.959710941244,33.828302912927,
    9.000000000009));
#4900 = CARTESIAN_POINT('',(39.955634930948,34.620285755238,
    9.000000000009));
#4901 = CARTESIAN_POINT('',(39.951550356213,35.413932697733,
    9.00000000001));
#4902 = CARTESIAN_POINT('',(39.947457217038,36.209243740414,
    9.000000000011));
#4903 = CARTESIAN_POINT('',(39.943355513423,37.00621888328,
    9.000000000012));
#4904 = CARTESIAN_POINT('',(31.557523998742,26.106137865558,
    15.000000000006));
#4905 = CARTESIAN_POINT('',(32.426077527688,26.095218507579,
    15.000000000006));
#4906 = CARTESIAN_POINT('',(33.253781898348,26.084812700657,
    15.000000000005));
#4907 = CARTESIAN_POINT('',(34.040637110723,26.074920444791,
    15.000000000004));
#4908 = CARTESIAN_POINT('',(34.786643164811,26.065541739982,
    15.000000000004));
#4909 = CARTESIAN_POINT('',(35.491800060614,26.056676586229,
    15.000000000003));
#4910 = CARTESIAN_POINT('',(36.156107798132,26.048324983533,
    15.000000000003));
#4911 = CARTESIAN_POINT('',(36.779566377364,26.040486931894,
    15.000000000002));
#4912 = CARTESIAN_POINT('',(37.362175798311,26.033162431311,
    15.000000000002));
#4913 = CARTESIAN_POINT('',(37.903936060972,26.026351481784,
    15.000000000002));
#4914 = CARTESIAN_POINT('',(38.404847165348,26.020054083314,
    15.000000000001));
#4915 = CARTESIAN_POINT('',(38.864909111439,26.014270235901,
    15.000000000001));
#4916 = CARTESIAN_POINT('',(39.284121899244,26.008999939544,
    15.000000000001));
#4917 = CARTESIAN_POINT('',(39.662485528765,26.004243194244,15.));
#4918 = CARTESIAN_POINT('',(40.653525662629,25.991783948345,15.));
#4919 = CARTESIAN_POINT('',(41.420245911517,25.960237108792,
    15.000000000002));
#4920 = CARTESIAN_POINT('',(42.290682541598,25.906013674899,
    14.999999999994));
#4921 = CARTESIAN_POINT('',(43.255357347979,25.829767839832,
    15.000000000013));
#4922 = CARTESIAN_POINT('',(44.304792125436,25.732153797763,
    14.999999999979));
#4923 = CARTESIAN_POINT('',(45.42950866923,25.613825740766,
    15.000000000027));
#4924 = CARTESIAN_POINT('',(46.62002877407,25.475437864552,
    14.999999999973));
#4925 = CARTESIAN_POINT('',(47.866874235142,25.317644359551,
    15.000000000023));
#4926 = CARTESIAN_POINT('',(49.160566847349,25.141099422628,
    14.999999999984));
#4927 = CARTESIAN_POINT('',(50.491628405655,24.94645724407,
    15.000000000009));
#4928 = CARTESIAN_POINT('',(51.850580705121,24.734372019793,
    14.999999999996));
#4929 = CARTESIAN_POINT('',(53.227945540656,24.505497941702,
    15.000000000001));
#4930 = CARTESIAN_POINT('',(54.614244707293,24.260489204055,15.));
#4931 = CARTESIAN_POINT('',(57.577665114408,23.703436290605,15.));
#4932 = CARTESIAN_POINT('',(59.154625284526,23.386807515335,
    14.999999999999));
#4933 = CARTESIAN_POINT('',(60.714333362931,23.041810961993,
    15.000000000002));
#4934 = CARTESIAN_POINT('',(62.240242202127,22.66014392019,
    14.999999999996));
#4935 = CARTESIAN_POINT('',(63.715804654685,22.233503675404,
    15.000000000006));
#4936 = CARTESIAN_POINT('',(65.124473573247,21.753587520716,
    14.999999999994));
#4937 = CARTESIAN_POINT('',(66.449701810056,21.212092737617,
    15.000000000005));
#4938 = CARTESIAN_POINT('',(67.674942218226,20.600716622453,
    14.999999999998));
#4939 = CARTESIAN_POINT('',(68.783647649543,19.91115645546,
    14.999999999999));
#4940 = CARTESIAN_POINT('',(69.75927095737,19.135109531667,
    15.000000000002));
#4941 = CARTESIAN_POINT('',(70.585264993559,18.264273134649,
    14.999999999999));
#4942 = CARTESIAN_POINT('',(71.245082611139,17.290344555387,
    15.000000000001));
#4943 = CARTESIAN_POINT('',(71.722176662402,16.205021080936,15.));
#4944 = CARTESIAN_POINT('',(72.162998185004,14.293017459284,15.));
#4945 = CARTESIAN_POINT('',(72.257404670331,13.544833368529,15.));
#4946 = CARTESIAN_POINT('',(72.283109208984,12.765467223939,
    15.000000000002));
#4947 = CARTESIAN_POINT('',(72.240001553842,11.964938521823,
    14.999999999996));
#4948 = CARTESIAN_POINT('',(72.127971458041,11.153266758151,
    15.000000000007));
#4949 = CARTESIAN_POINT('',(71.946908674274,10.340471429624,
    14.999999999989));
#4950 = CARTESIAN_POINT('',(71.696702955872,9.5365720317,15.000000000014
    ));
#4951 = CARTESIAN_POINT('',(71.377244055394,8.751588061602,
    14.999999999986));
#4952 = CARTESIAN_POINT('',(70.988421726187,7.995539014417,
    15.000000000011));
#4953 = CARTESIAN_POINT('',(70.530125720919,7.278444387443,
    14.999999999993));
#4954 = CARTESIAN_POINT('',(70.00224579275,6.61032367603,15.000000000003
    ));
#4955 = CARTESIAN_POINT('',(69.404671694544,6.001196376975,
    14.999999999999));
#4956 = CARTESIAN_POINT('',(68.737293179309,5.46108198618,15.));
#4957 = CARTESIAN_POINT('',(67.5670465374,4.729243334863,15.));
#4958 = CARTESIAN_POINT('',(67.109984569941,4.48573922298,15.));
#4959 = CARTESIAN_POINT('',(66.6318697957,4.267310898525,15.000000000001
    ));
#4960 = CARTESIAN_POINT('',(66.135757912657,4.071781594764,
    14.999999999997));
#4961 = CARTESIAN_POINT('',(65.624704618988,3.896974547043,
    15.000000000004));
#4962 = CARTESIAN_POINT('',(65.10176561256,3.740712986932,
    14.999999999995));
#4963 = CARTESIAN_POINT('',(64.56999659163,3.600820151631,
    15.000000000006));
#4964 = CARTESIAN_POINT('',(64.032453254058,3.475119271318,
    14.999999999994));
#4965 = CARTESIAN_POINT('',(63.492191298032,3.361433583567,
    15.000000000004));
#4966 = CARTESIAN_POINT('',(62.95226642152,3.257586319349,
    14.999999999997));
#4967 = CARTESIAN_POINT('',(62.415734322606,3.161400714624,
    15.000000000002));
#4968 = CARTESIAN_POINT('',(61.885650699331,3.070700002185,
    14.999999999999));
#4969 = CARTESIAN_POINT('',(61.365071249742,2.983307416489,15.));
#4970 = CARTESIAN_POINT('',(60.349032094042,2.810784966093,15.));
#4971 = CARTESIAN_POINT('',(59.853572387929,2.725655101452,
    15.000000000002));
#4972 = CARTESIAN_POINT('',(59.373728251605,2.63947983122,
    14.999999999994));
#4973 = CARTESIAN_POINT('',(58.912555383112,2.550082389529,
    15.000000000012));
#4974 = CARTESIAN_POINT('',(58.473109480507,2.455286009959,
    14.99999999998));
#4975 = CARTESIAN_POINT('',(58.058446241842,2.352913926964,
    15.000000000026));
#4976 = CARTESIAN_POINT('',(57.671621365139,2.240789373862,
    14.999999999971));
#4977 = CARTESIAN_POINT('',(57.315690548506,2.116735585202,
    15.000000000027));
#4978 = CARTESIAN_POINT('',(56.993709489909,1.978575794411,
    14.99999999998));
#4979 = CARTESIAN_POINT('',(56.708733887486,1.824133235782,
    15.000000000013));
#4980 = CARTESIAN_POINT('',(56.463819439211,1.651231143036,
    14.999999999994));
#4981 = CARTESIAN_POINT('',(56.262021843184,1.457692750223,
    15.000000000002));
#4982 = CARTESIAN_POINT('',(56.106396797427,1.241341291225,
    14.999999999999));
#4983 = CARTESIAN_POINT('',(55.909016739698,0.793621443014,15.));
#4984 = CARTESIAN_POINT('',(55.854031635987,0.568969071194,
    14.999999999998));
#4985 = CARTESIAN_POINT('',(55.833480197887,0.327220861314,
    15.000000000006));
#4986 = CARTESIAN_POINT('',(55.845797934453,6.955478993525E-02,
    14.999999999986));
#4987 = CARTESIAN_POINT('',(55.889420354651,-0.202851165945,
    15.000000000023));
#4988 = CARTESIAN_POINT('',(55.962782967615,-0.488819030017,
    14.999999999968));
#4989 = CARTESIAN_POINT('',(56.064321282234,-0.787170825117,
    15.000000000035));
#4990 = CARTESIAN_POINT('',(56.19247080768,-1.096728574924,
    14.999999999967));
#4991 = CARTESIAN_POINT('',(56.345667052864,-1.416314302467,
    15.000000000025));
#4992 = CARTESIAN_POINT('',(56.522345526887,-1.744750031141,
    14.999999999985));
#4993 = CARTESIAN_POINT('',(56.720941738745,-2.080857784227,
    15.000000000007));
#4994 = CARTESIAN_POINT('',(56.939891197474,-2.423459584977,
    14.999999999997));
#4995 = CARTESIAN_POINT('',(57.177629412101,-2.771377456707,
    15.000000000001));
#4996 = CARTESIAN_POINT('',(57.687554371213,-3.475489388675,
    14.999999999999));
#4997 = CARTESIAN_POINT('',(57.959741115688,-3.83168344891,
    15.000000000002));
#4998 = CARTESIAN_POINT('',(58.247587634144,-4.190837626707,
    14.999999999993));
#4999 = CARTESIAN_POINT('',(58.549529435527,-4.551773945288,
    15.000000000015));
#5000 = CARTESIAN_POINT('',(58.864002029009,-4.913314428062,
    14.999999999975));
#5001 = CARTESIAN_POINT('',(59.189440923431,-5.274281098132,
    15.000000000033));
#5002 = CARTESIAN_POINT('',(59.524281627992,-5.633495979005,
    14.999999999963));
#5003 = CARTESIAN_POINT('',(59.866959651636,-5.98978109375,
    15.000000000034));
#5004 = CARTESIAN_POINT('',(60.215910503356,-6.341958465826,
    14.999999999975));
#5005 = CARTESIAN_POINT('',(60.569569692307,-6.688850118415,
    15.000000000015));
#5006 = CARTESIAN_POINT('',(60.926372727364,-7.029278074844,
    14.999999999993));
#5007 = CARTESIAN_POINT('',(61.284755117675,-7.362064358398,
    15.000000000002));
#5008 = CARTESIAN_POINT('',(61.643152372204,-7.686030992351,15.));
#5009 = CARTESIAN_POINT('',(63.082171317236,-8.952138190405,
    14.999999999999));
#5010 = CARTESIAN_POINT('',(64.150091366394,-9.81233239867,
    15.000000000004));
#5011 = CARTESIAN_POINT('',(65.201415276373,-10.59442044829,
    14.999999999987));
#5012 = CARTESIAN_POINT('',(66.233798176423,-11.31224016225,
    15.000000000029));
#5013 = CARTESIAN_POINT('',(67.244895195087,-11.97962936485,
    14.99999999995));
#5014 = CARTESIAN_POINT('',(68.232361462008,-12.61042587771,
    15.000000000069));
#5015 = CARTESIAN_POINT('',(69.193852105469,-13.21846752686,
    14.999999999921));
#5016 = CARTESIAN_POINT('',(70.127022255098,-13.81759213231,
    15.000000000074));
#5017 = CARTESIAN_POINT('',(71.029527039476,-14.42163752098,
    14.999999999943));
#5018 = CARTESIAN_POINT('',(71.89902158779,-15.0444415131,
    15.000000000035));
#5019 = CARTESIAN_POINT('',(72.733161029014,-15.69984193435,
    14.999999999983));
#5020 = CARTESIAN_POINT('',(73.529600492106,-16.40167660671,
    15.000000000006));
#5021 = CARTESIAN_POINT('',(74.285995106109,-17.16378335421,
    14.999999999999));
#5022 = CARTESIAN_POINT('',(75.565937407236,-18.66280537353,
    15.000000000001));
#5023 = CARTESIAN_POINT('',(76.105243354632,-19.37217049733,
    14.999999999998));
#5024 = CARTESIAN_POINT('',(76.616545147512,-20.1239299524,
    15.000000000004));
#5025 = CARTESIAN_POINT('',(77.098470091268,-20.91391831979,
    14.999999999992));
#5026 = CARTESIAN_POINT('',(77.549645491135,-21.73797018059,
    15.000000000013));
#5027 = CARTESIAN_POINT('',(77.968698652646,-22.59192011569,
    14.999999999982));
#5028 = CARTESIAN_POINT('',(78.35425688085,-23.47160270639,
    15.00000000002));
#5029 = CARTESIAN_POINT('',(78.70494748147,-24.37285253336,
    14.999999999982));
#5030 = CARTESIAN_POINT('',(79.019397759434,-25.29150417804,
    15.000000000014));
#5031 = CARTESIAN_POINT('',(79.296235020456,-26.22339222112,
    14.999999999991));
#5032 = CARTESIAN_POINT('',(79.534086569604,-27.16435124389,
    15.000000000004));
#5033 = CARTESIAN_POINT('',(79.731579712383,-28.11021582724,
    14.999999999999));
#5034 = CARTESIAN_POINT('',(79.887341754059,-29.05682055227,15.));
#5035 = CARTESIAN_POINT('',(80.139735356345,-31.16987012468,15.));
#5036 = CARTESIAN_POINT('',(80.213157180782,-32.334470592,
    15.000000000001));
#5037 = CARTESIAN_POINT('',(80.22597491401,-33.49407985541,
    14.999999999997));
#5038 = CARTESIAN_POINT('',(80.183897996732,-34.64897636853,
    15.000000000005));
#5039 = CARTESIAN_POINT('',(80.092635869644,-35.79943858465,
    14.999999999992));
#5040 = CARTESIAN_POINT('',(79.957897973445,-36.94574495755,
    15.000000000011));
#5041 = CARTESIAN_POINT('',(79.785393748852,-38.08817394054,
    14.999999999988));
#5042 = CARTESIAN_POINT('',(79.580832636525,-39.2270039871,
    15.000000000011));
#5043 = CARTESIAN_POINT('',(79.349924077223,-40.36251355104,
    14.999999999992));
#5044 = CARTESIAN_POINT('',(79.098377511582,-41.49498108535,
    15.000000000005));
#5045 = CARTESIAN_POINT('',(78.831902380356,-42.62468504408,
    14.999999999998));
#5046 = CARTESIAN_POINT('',(78.556208124208,-43.75190388033,
    15.000000000001));
#5047 = CARTESIAN_POINT('',(78.27700418386,-44.87691604783,15.));
#5048 = CARTESIAN_POINT('',(77.716675515854,-47.14870893632,15.));
#5049 = CARTESIAN_POINT('',(77.435652315438,-48.29540066277,
    15.000000000001));
#5050 = CARTESIAN_POINT('',(77.156263162302,-49.44035441289,
    14.999999999996));
#5051 = CARTESIAN_POINT('',(76.877840820296,-50.58384941995,
    15.00000000001));
#5052 = CARTESIAN_POINT('',(76.599718052556,-51.726164918,
    14.999999999983));
#5053 = CARTESIAN_POINT('',(76.32122762356,-52.86758013939,
    15.000000000023));
#5054 = CARTESIAN_POINT('',(76.041702295728,-54.00837431946,
    14.999999999975));
#5055 = CARTESIAN_POINT('',(75.760474834103,-55.14882668924,
    15.000000000023));
#5056 = CARTESIAN_POINT('',(75.47687800092,-56.2892164849,
    14.999999999983));
#5057 = CARTESIAN_POINT('',(75.190244560951,-57.4298229375,
    15.00000000001));
#5058 = CARTESIAN_POINT('',(74.899907277034,-58.57092528235,
    14.999999999995));
#5059 = CARTESIAN_POINT('',(74.605198913242,-59.71280275182,
    15.000000000002));
#5060 = CARTESIAN_POINT('',(74.305452232998,-60.85573457994,15.));
#5061 = CARTESIAN_POINT('',(73.75923009319,-62.90195666879,15.));
#5062 = CARTESIAN_POINT('',(73.514915192189,-63.8047419297,15.));
#5063 = CARTESIAN_POINT('',(73.263465662869,-64.70642502641,15.));
#5064 = CARTESIAN_POINT('',(73.001291870989,-65.60507520316,15.));
#5065 = CARTESIAN_POINT('',(72.724804182557,-66.49876170296,
    14.999999999999));
#5066 = CARTESIAN_POINT('',(72.430412963135,-67.38555377106,
    15.000000000001));
#5067 = CARTESIAN_POINT('',(72.114528578952,-68.26352064933,15.));
#5068 = CARTESIAN_POINT('',(71.773561395398,-69.13073158387,
    14.999999999999));
#5069 = CARTESIAN_POINT('',(71.403921778752,-69.98525581639,
    15.000000000001));
#5070 = CARTESIAN_POINT('',(71.002020094499,-70.82516259238,
    14.999999999998));
#5071 = CARTESIAN_POINT('',(70.564266708721,-71.64852115463,
    15.000000000002));
#5072 = CARTESIAN_POINT('',(70.087071987125,-72.45340074752,
    14.999999999999));
#5073 = CARTESIAN_POINT('',(69.566846295611,-73.23787061468,15.));
#5074 = CARTESIAN_POINT('',(68.528355372892,-74.63412997937,
    14.999999999999));
#5075 = CARTESIAN_POINT('',(68.024434942956,-75.25279347135,
    15.000000000004));
#5076 = CARTESIAN_POINT('',(67.489722564119,-75.85195099951,
    14.999999999987));
#5077 = CARTESIAN_POINT('',(66.925702090385,-76.42756308813,
    15.000000000028));
#5078 = CARTESIAN_POINT('',(66.333857375587,-76.97559025973,
    14.999999999953));
#5079 = CARTESIAN_POINT('',(65.715672273876,-77.49199304033,
    15.000000000063));
#5080 = CARTESIAN_POINT('',(65.072630638903,-77.97273195026,
    14.999999999931));
#5081 = CARTESIAN_POINT('',(64.406216324989,-78.41376751752,
    15.000000000062));
#5082 = CARTESIAN_POINT('',(63.717913185687,-78.81106026146,
    14.999999999954));
#5083 = CARTESIAN_POINT('',(63.0092050753,-79.16057070964,
    15.000000000027));
#5084 = CARTESIAN_POINT('',(62.281575847514,-79.45825938307,
    14.999999999987));
#5085 = CARTESIAN_POINT('',(61.536509356436,-79.7000868071,
    15.000000000004));
#5086 = CARTESIAN_POINT('',(60.77548945594,-79.88201350474,
    14.999999999999));
#5087 = CARTESIAN_POINT('',(59.25149239826,-80.11388135315,15.));
#5088 = CARTESIAN_POINT('',(58.489504612386,-80.16819448352,15.));
#5089 = CARTESIAN_POINT('',(57.718722914841,-80.1652096365,15.));
#5090 = CARTESIAN_POINT('',(56.943833578131,-80.10719705759,15.));
#5091 = CARTESIAN_POINT('',(56.169522874677,-79.99642699197,15.));
#5092 = CARTESIAN_POINT('',(55.400477077015,-79.83516968542,
    14.999999999999));
#5093 = CARTESIAN_POINT('',(54.641382457578,-79.62569538294,
    15.000000000002));
#5094 = CARTESIAN_POINT('',(53.896925288839,-79.37027433022,
    14.999999999997));
#5095 = CARTESIAN_POINT('',(53.171791843317,-79.07117677265,
    15.000000000003));
#5096 = CARTESIAN_POINT('',(52.470668393421,-78.73067295541,
    14.999999999998));
#5097 = CARTESIAN_POINT('',(51.798241211685,-78.35103312424,
    15.000000000001));
#5098 = CARTESIAN_POINT('',(51.159196570545,-77.93452752427,15.));
#5099 = CARTESIAN_POINT('',(50.558220742493,-77.48342640107,15.));
#5100 = CARTESIAN_POINT('',(49.036094625972,-76.16524544777,15.));
#5101 = CARTESIAN_POINT('',(48.199670011635,-75.23410818627,
    14.999999999999));
#5102 = CARTESIAN_POINT('',(47.479445734198,-74.21608654056,
    15.000000000003));
#5103 = CARTESIAN_POINT('',(46.864141370901,-73.12067883521,
    14.999999999993));
#5104 = CARTESIAN_POINT('',(46.342476498832,-71.95738339581,
    15.000000000012));
#5105 = CARTESIAN_POINT('',(45.903170695497,-70.73569854632,
    14.999999999984));
#5106 = CARTESIAN_POINT('',(45.534943537583,-69.46512261274,
    15.000000000018));
#5107 = CARTESIAN_POINT('',(45.226514603018,-68.15515391908,
    14.999999999983));
#5108 = CARTESIAN_POINT('',(44.966603468219,-66.8152907908,
    15.000000000013));
#5109 = CARTESIAN_POINT('',(44.74392971111,-65.45503155269,
    14.999999999992));
#5110 = CARTESIAN_POINT('',(44.547212908374,-64.08387452955,
    15.000000000004));
#5111 = CARTESIAN_POINT('',(44.365172637536,-62.7113180465,
    14.999999999999));
#5112 = CARTESIAN_POINT('',(44.186528475658,-61.34686042832,15.));
#5113 = CARTESIAN_POINT('',(43.790750169616,-58.4890761843,15.));
#5114 = CARTESIAN_POINT('',(43.571578233568,-57.00029775518,
    14.999999999997));
#5115 = CARTESIAN_POINT('',(43.344771030432,-55.53129576558,
    15.000000000009));
#5116 = CARTESIAN_POINT('',(43.112615398791,-54.07970126815,
    14.99999999998));
#5117 = CARTESIAN_POINT('',(42.877398177176,-52.64314531616,
    15.000000000034));
#5118 = CARTESIAN_POINT('',(42.641406204256,-51.21925896174,
    14.999999999954));
#5119 = CARTESIAN_POINT('',(42.406926318442,-49.80567325879,
    15.00000000005));
#5120 = CARTESIAN_POINT('',(42.17624535852,-48.40001925892,
    14.999999999955));
#5121 = CARTESIAN_POINT('',(41.951650162838,-46.99992801622,
    15.000000000033));
#5122 = CARTESIAN_POINT('',(41.735427570163,-45.60303058253,
    14.999999999981));
#5123 = CARTESIAN_POINT('',(41.52986441893,-44.2069580114,
    15.000000000009));
#5124 = CARTESIAN_POINT('',(41.337247547795,-42.80934135528,
    14.999999999997));
#5125 = CARTESIAN_POINT('',(41.159863795287,-41.40781166722,
    15.000000000001));
#5126 = CARTESIAN_POINT('',(40.746924328463,-37.7713347638,
    14.999999999999));
#5127 = CARTESIAN_POINT('',(40.53775564013,-35.52692618137,
    15.000000000004));
#5128 = CARTESIAN_POINT('',(40.368503616289,-33.26851589497,
    14.999999999989));
#5129 = CARTESIAN_POINT('',(40.235177937573,-30.99784554714,
    15.000000000024));
#5130 = CARTESIAN_POINT('',(40.133788286143,-28.71665677994,
    14.99999999996));
#5131 = CARTESIAN_POINT('',(40.060344341315,-26.42669123601,
    15.000000000054));
#5132 = CARTESIAN_POINT('',(40.01085578677,-24.12969055761,
    14.999999999938));
#5133 = CARTESIAN_POINT('',(39.981332300574,-21.82739638683,
    15.000000000058));
#5134 = CARTESIAN_POINT('',(39.967783566905,-19.52155036667,
    14.999999999956));
#5135 = CARTESIAN_POINT('',(39.966219264297,-17.2138941386,
    15.000000000027));
#5136 = CARTESIAN_POINT('',(39.972649075688,-14.90616934584,
    14.999999999987));
#5137 = CARTESIAN_POINT('',(39.983082681143,-12.60011763009,
    15.000000000004));
#5138 = CARTESIAN_POINT('',(39.993529762262,-10.29748063407,
    14.999999999999));
#5139 = CARTESIAN_POINT('',(40.003637732927,-6.708297703436,15.));
#5140 = CARTESIAN_POINT('',(40.006018395356,-5.418225320318,
    15.000000000002));
#5141 = CARTESIAN_POINT('',(40.007316342191,-4.129605680393,
    14.999999999993));
#5142 = CARTESIAN_POINT('',(40.00770592796,-2.842261613384,
    15.000000000015));
#5143 = CARTESIAN_POINT('',(40.007361508148,-1.556015949128,
    14.999999999974));
#5144 = CARTESIAN_POINT('',(40.006457436361,-0.270691517201,
    15.000000000033));
#5145 = CARTESIAN_POINT('',(40.005168069194,1.0138888524,14.999999999964
    ));
#5146 = CARTESIAN_POINT('',(40.003667759294,2.2979023302,15.000000000031
    ));
#5147 = CARTESIAN_POINT('',(40.002130863688,3.581526086213,
    14.999999999977));
#5148 = CARTESIAN_POINT('',(40.000731735304,4.86493729085,
    15.000000000013));
#5149 = CARTESIAN_POINT('',(39.9996447303,6.148313114283,14.999999999994
    ));
#5150 = CARTESIAN_POINT('',(39.999044202712,7.431830726781,
    15.000000000002));
#5151 = CARTESIAN_POINT('',(39.999104507713,8.715667298611,15.));
#5152 = CARTESIAN_POINT('',(40.000795993146,11.141629067898,15.));
#5153 = CARTESIAN_POINT('',(40.002251887363,12.283650139466,
    15.000000000001));
#5154 = CARTESIAN_POINT('',(40.004172092336,13.426012447145,
    14.999999999997));
#5155 = CARTESIAN_POINT('',(40.00636101742,14.568665224624,
    15.000000000006));
#5156 = CARTESIAN_POINT('',(40.008623072808,15.711557702516,
    14.999999999989));
#5157 = CARTESIAN_POINT('',(40.010762667056,16.854639117438,
    15.000000000016));
#5158 = CARTESIAN_POINT('',(40.012584211315,17.997858696389,
    14.999999999982));
#5159 = CARTESIAN_POINT('',(40.013892113312,19.14116567924,
    15.000000000016));
#5160 = CARTESIAN_POINT('',(40.014490784581,20.28450929135,
    14.999999999988));
#5161 = CARTESIAN_POINT('',(40.014184633071,21.427838771896,
    15.000000000007));
#5162 = CARTESIAN_POINT('',(40.012778069589,22.571103348966,
    14.999999999997));
#5163 = CARTESIAN_POINT('',(40.010075503026,23.714252258095,
    15.000000000001));
#5164 = CARTESIAN_POINT('',(40.005881343336,24.857234730691,15.));
#5165 = CARTESIAN_POINT('',(39.996009634096,26.775341840475,15.));
#5166 = CARTESIAN_POINT('',(39.992010703752,27.552347781132,15.));
#5167 = CARTESIAN_POINT('',(39.988003208968,28.331017821973,
    15.000000000001));
#5168 = CARTESIAN_POINT('',(39.983987149745,29.111351962996,
    15.000000000001));
#5169 = CARTESIAN_POINT('',(39.979962526081,29.893350204203,
    15.000000000001));
#5170 = CARTESIAN_POINT('',(39.975929337977,30.677012545592,
    15.000000000001));
#5171 = CARTESIAN_POINT('',(39.971887585434,31.462338987164,
    15.000000000001));
#5172 = CARTESIAN_POINT('',(39.96783726845,32.249329528919,
    15.000000000001));
#5173 = CARTESIAN_POINT('',(39.963778387027,33.037984170856,
    15.000000000002));
#5174 = CARTESIAN_POINT('',(39.959710941163,33.828302912976,
    15.000000000002));
#5175 = CARTESIAN_POINT('',(39.95563493086,34.620285755278,
    15.000000000002));
#5176 = CARTESIAN_POINT('',(39.951550356117,35.413932697763,
    15.000000000002));
#5177 = CARTESIAN_POINT('',(39.947457216933,36.20924374043,
    15.000000000002));
#5178 = CARTESIAN_POINT('',(39.94335551331,37.006218883279,
    15.000000000002));
#5179 = CARTESIAN_POINT('',(31.482098629054,20.106611966673,15.));
#5180 = CARTESIAN_POINT('',(32.447085643654,20.094480257665,
    15.000000000003));
#5181 = CARTESIAN_POINT('',(33.356387579098,20.083048615254,
    15.000000000006));
#5182 = CARTESIAN_POINT('',(34.210004435387,20.072317039441,
    15.000000000009));
#5183 = CARTESIAN_POINT('',(35.007936212521,20.062285530225,
    15.000000000011));
#5184 = CARTESIAN_POINT('',(35.750182910499,20.052954087607,
    15.000000000012));
#5185 = CARTESIAN_POINT('',(36.436744529322,20.044322711586,
    15.000000000013));
#5186 = CARTESIAN_POINT('',(37.067621068989,20.036391402163,
    15.000000000014));
#5187 = CARTESIAN_POINT('',(37.642812529501,20.029160159337,
    15.000000000013));
#5188 = CARTESIAN_POINT('',(38.162318910858,20.022628983109,
    15.000000000013));
#5189 = CARTESIAN_POINT('',(38.626140213059,20.016797873478,
    15.000000000011));
#5190 = CARTESIAN_POINT('',(39.034276436105,20.011666830445,
    15.000000000009));
#5191 = CARTESIAN_POINT('',(39.386727579995,20.007235854009,
    15.000000000007));
#5192 = CARTESIAN_POINT('',(39.68349364473,20.003504944171,
    15.000000000004));
#5193 = CARTESIAN_POINT('',(40.391377165536,19.994605511563,
    14.999999999993));
#5194 = CARTESIAN_POINT('',(41.040414780753,19.970757880591,
    15.000000000033));
#5195 = CARTESIAN_POINT('',(41.816425754089,19.922971459119,
    14.999999999908));
#5196 = CARTESIAN_POINT('',(42.704666855209,19.853740874222,
    15.000000000189));
#5197 = CARTESIAN_POINT('',(43.687874868623,19.762947608351,
    14.999999999696));
#5198 = CARTESIAN_POINT('',(44.752205060263,19.651068118878,
    15.000000000392));
#5199 = CARTESIAN_POINT('',(45.887128550529,19.519344868585,
    14.999999999588));
#5200 = CARTESIAN_POINT('',(47.081514601453,19.368525016437,
    15.000000000356));
#5201 = CARTESIAN_POINT('',(48.323622995968,19.19901965564,
    14.999999999747));
#5202 = CARTESIAN_POINT('',(49.603276204956,19.011769110388,
    15.000000000147));
#5203 = CARTESIAN_POINT('',(50.910855370319,18.807884510445,
    14.999999999932));
#5204 = CARTESIAN_POINT('',(52.234750559562,18.587757451943,
    15.000000000024));
#5205 = CARTESIAN_POINT('',(53.565270649943,18.352586434453,
    14.999999999995));
#5206 = CARTESIAN_POINT('',(56.401514198758,17.819439761042,
    15.000000000006));
#5207 = CARTESIAN_POINT('',(57.875665682058,17.522990391093,
    14.999999999974));
#5208 = CARTESIAN_POINT('',(59.298294410799,17.207136303706,
    15.000000000071));
#5209 = CARTESIAN_POINT('',(60.637586792321,16.867298018597,
    14.999999999855));
#5210 = CARTESIAN_POINT('',(61.914515784888,16.499702992008,
    15.000000000233));
#5211 = CARTESIAN_POINT('',(62.99495337996,16.096789932317,
    14.999999999692));
#5212 = CARTESIAN_POINT('',(64.069979560537,15.693066428287,
    15.000000000338));
#5213 = CARTESIAN_POINT('',(64.780709312104,15.20709686056,
    14.999999999693));
#5214 = CARTESIAN_POINT('',(65.488078657555,14.842712174023,
    15.000000000229));
#5215 = CARTESIAN_POINT('',(65.834408829426,14.344212687204,
    14.999999999863));
#5216 = CARTESIAN_POINT('',(65.955661274188,14.116566898634,
    15.000000000064));
#5217 = CARTESIAN_POINT('',(66.028897767358,14.00114683667,
    14.999999999979));
#5218 = CARTESIAN_POINT('',(66.099313427342,13.886532183914,
    15.000000000003));
#5219 = CARTESIAN_POINT('',(66.185097853857,13.514453857849,
    14.999999999999));
#5220 = CARTESIAN_POINT('',(66.220263357173,13.295778051937,15.));
#5221 = CARTESIAN_POINT('',(66.238689368705,13.010593968252,
    15.000000000001));
#5222 = CARTESIAN_POINT('',(66.227759721718,12.678857666105,15.));
#5223 = CARTESIAN_POINT('',(66.182310915984,12.320457725671,
    14.999999999994));
#5224 = CARTESIAN_POINT('',(66.101721489305,11.953405192041,
    15.000000000012));
#5225 = CARTESIAN_POINT('',(65.987857992552,11.593915534893,
    14.999999999988));
#5226 = CARTESIAN_POINT('',(65.844829152267,11.256824103752,
    15.000000000005));
#5227 = CARTESIAN_POINT('',(65.679738990788,10.955189323164,
    15.000000000004));
#5228 = CARTESIAN_POINT('',(65.502807265967,10.698588385456,
    14.999999999991));
#5229 = CARTESIAN_POINT('',(65.325341489518,10.490498330118,
    15.000000000008));
#5230 = CARTESIAN_POINT('',(65.155099088925,10.326281295487,
    14.999999999994));
#5231 = CARTESIAN_POINT('',(64.990570906294,10.194656246417,
    15.000000000003));
#5232 = CARTESIAN_POINT('',(64.717691764898,10.024005465945,
    14.999999999996));
#5233 = CARTESIAN_POINT('',(64.569873979269,9.941374301898,
    15.000000000023));
#5234 = CARTESIAN_POINT('',(64.371630552264,9.845058904524,
    14.999999999933));
#5235 = CARTESIAN_POINT('',(64.123898157939,9.741421199183,
    15.000000000138));
#5236 = CARTESIAN_POINT('',(63.830156441833,9.635704716708,
    14.999999999784));
#5237 = CARTESIAN_POINT('',(63.495080205972,9.531486080755,
    15.000000000271));
#5238 = CARTESIAN_POINT('',(63.123676931664,9.430774760537,
    14.999999999722));
#5239 = CARTESIAN_POINT('',(62.720791442773,9.334393519878,
    15.000000000235));
#5240 = CARTESIAN_POINT('',(62.290865821441,9.242376423505,
    14.999999999835));
#5241 = CARTESIAN_POINT('',(61.837849464125,9.154225542873,
    15.000000000094));
#5242 = CARTESIAN_POINT('',(61.36516042921,9.068971958483,
    14.999999999958));
#5243 = CARTESIAN_POINT('',(60.875605981182,8.985090934497,
    15.000000000013));
#5244 = CARTESIAN_POINT('',(60.371176580703,8.900425575571,
    14.999999999998));
#5245 = CARTESIAN_POINT('',(59.334091843333,8.724329606077,15.));
#5246 = CARTESIAN_POINT('',(58.801593230527,8.633057427108,
    15.000000000006));
#5247 = CARTESIAN_POINT('',(58.254318395574,8.533754795773,
    14.999999999974));
#5248 = CARTESIAN_POINT('',(57.701137937896,8.434044467778,
    15.000000000066));
#5249 = CARTESIAN_POINT('',(57.105985305941,8.291209416532,
    14.999999999877));
#5250 = CARTESIAN_POINT('',(56.558600945993,8.19424850014,
    15.000000000174));
#5251 = CARTESIAN_POINT('',(55.855745989867,7.958900201285,
    14.999999999809));
#5252 = CARTESIAN_POINT('',(55.319703615512,7.82126495097,
    15.000000000165));
#5253 = CARTESIAN_POINT('',(54.481613770546,7.505490382494,
    14.999999999888));
#5254 = CARTESIAN_POINT('',(53.830922966263,7.148625103273,
    15.000000000058));
#5255 = CARTESIAN_POINT('',(52.896198704386,6.704247321339,
    14.999999999979));
#5256 = CARTESIAN_POINT('',(51.91588107249,5.869189489287,
    15.000000000002));
#5257 = CARTESIAN_POINT('',(51.085977378594,4.727220322936,
    15.000000000003));
#5258 = CARTESIAN_POINT('',(50.017174121057,2.302839472483,
    14.999999999993));
#5259 = CARTESIAN_POINT('',(49.748776151334,1.152957132477,
    15.000000000047));
#5260 = CARTESIAN_POINT('',(49.70748508437,7.239152751945E-02,
    14.999999999856));
#5261 = CARTESIAN_POINT('',(49.831736260568,-0.846475442175,
    15.000000000311));
#5262 = CARTESIAN_POINT('',(49.991151370795,-1.631101412172,
    14.999999999484));
#5263 = CARTESIAN_POINT('',(50.206747966589,-2.348917864611,
    15.000000000687));
#5264 = CARTESIAN_POINT('',(50.448836644062,-2.991344744108,
    14.999999999255));
#5265 = CARTESIAN_POINT('',(50.704094051196,-3.582333705946,
    15.000000000663));
#5266 = CARTESIAN_POINT('',(50.985582181632,-4.149736542706,
    14.999999999516));
#5267 = CARTESIAN_POINT('',(51.275534668854,-4.678035767033,
    15.000000000287));
#5268 = CARTESIAN_POINT('',(51.582442000865,-5.192793747249,
    14.999999999865));
#5269 = CARTESIAN_POINT('',(51.900930805611,-5.688204746795,
    15.000000000048));
#5270 = CARTESIAN_POINT('',(52.231514354853,-6.17104787873,
    14.999999999989));
#5271 = CARTESIAN_POINT('',(52.914697088216,-7.114396710027,
    15.000000000011));
#5272 = CARTESIAN_POINT('',(53.267314896984,-7.574996371855,
    14.999999999945));
#5273 = CARTESIAN_POINT('',(53.630170115058,-8.026691019291,
    15.000000000157));
#5274 = CARTESIAN_POINT('',(54.002459945328,-8.470763379207,
    14.999999999671));
#5275 = CARTESIAN_POINT('',(54.383339696567,-8.907876108836,
    15.000000000541));
#5276 = CARTESIAN_POINT('',(54.771908708092,-9.33826854771,
    14.999999999282));
#5277 = CARTESIAN_POINT('',(55.167208363231,-9.76189516776,
    15.000000000779));
#5278 = CARTESIAN_POINT('',(55.568229912678,-10.1785175606,
    14.999999999306));
#5279 = CARTESIAN_POINT('',(55.973930275301,-10.58776187327,
    15.000000000506));
#5280 = CARTESIAN_POINT('',(56.383253435673,-10.98915351412,
    14.999999999703));
#5281 = CARTESIAN_POINT('',(56.795155640319,-11.38214104658,
    15.000000000136));
#5282 = CARTESIAN_POINT('',(57.208632057951,-11.76612109935,
    14.999999999955));
#5283 = CARTESIAN_POINT('',(57.622742996798,-12.14047619325,
    15.000000000008));
#5284 = CARTESIAN_POINT('',(59.291808317084,-13.60898751717,
    14.999999999983));
#5285 = CARTESIAN_POINT('',(60.524236641581,-14.60118240194,
    15.00000000007));
#5286 = CARTESIAN_POINT('',(61.723555539085,-15.49181814896,
    14.999999999811));
#5287 = CARTESIAN_POINT('',(62.879388338483,-16.29216005101,
    15.000000000386));
#5288 = CARTESIAN_POINT('',(63.979941111984,-17.01485291637,
    14.999999999378));
#5289 = CARTESIAN_POINT('',(65.014615657006,-17.67292125093,
    15.000000000812));
#5290 = CARTESIAN_POINT('',(65.974737497743,-18.27921561768,
    14.99999999913));
#5291 = CARTESIAN_POINT('',(66.852861515756,-18.84572073928,
    15.000000000768));
#5292 = CARTESIAN_POINT('',(67.642959667095,-19.38225563095,
    14.999999999445));
#5293 = CARTESIAN_POINT('',(68.342741405547,-19.89550478416,
    15.000000000324));
#5294 = CARTESIAN_POINT('',(68.957032969847,-20.39045926884,
    14.999999999853));
#5295 = CARTESIAN_POINT('',(69.499177795915,-20.87565622814,
    15.000000000047));
#5296 = CARTESIAN_POINT('',(69.987442143655,-21.3695217302,
    14.999999999993));
#5297 = CARTESIAN_POINT('',(70.793416307159,-22.31344945022,
    15.000000000001));
#5298 = CARTESIAN_POINT('',(71.152468466786,-22.78290637617,
    15.000000000009));
#5299 = CARTESIAN_POINT('',(71.507771007699,-23.30113486501,
    14.999999999962));
#5300 = CARTESIAN_POINT('',(71.853759946832,-23.86371453988,
    15.000000000089));
#5301 = CARTESIAN_POINT('',(72.185674627725,-24.46556679553,
    14.999999999848));
#5302 = CARTESIAN_POINT('',(72.499470815306,-25.10125332806,
    15.000000000203));
#5303 = CARTESIAN_POINT('',(72.791724097832,-25.76515655116,
    14.999999999782));
#5304 = CARTESIAN_POINT('',(73.059534778427,-26.45156777851,
    15.000000000189));
#5305 = CARTESIAN_POINT('',(73.30044531272,-27.15470898873,
    14.999999999868));
#5306 = CARTESIAN_POINT('',(73.512381503506,-27.86871406682,
    15.000000000073));
#5307 = CARTESIAN_POINT('',(73.693628501739,-28.58759533461,
    14.999999999969));
#5308 = CARTESIAN_POINT('',(73.842852808034,-29.30522125632,
    15.000000000008));
#5309 = CARTESIAN_POINT('',(73.959181357766,-30.01533114821,15.));
#5310 = CARTESIAN_POINT('',(74.145505417688,-31.57524380689,
    14.999999999998));
#5311 = CARTESIAN_POINT('',(74.201389639648,-32.4491921234,
    15.000000000015));
#5312 = CARTESIAN_POINT('',(74.213136912264,-33.33857230815,
    14.999999999952));
#5313 = CARTESIAN_POINT('',(74.182826374406,-34.24726806869,
    15.000000000107));
#5314 = CARTESIAN_POINT('',(74.112254573383,-35.17770933431,
    14.999999999812));
#5315 = CARTESIAN_POINT('',(74.003435703654,-36.13103920035,
    15.000000000266));
#5316 = CARTESIAN_POINT('',(73.858881609129,-37.10747487148,
    14.999999999695));
#5317 = CARTESIAN_POINT('',(73.681713359821,-38.10671342691,
    15.000000000283));
#5318 = CARTESIAN_POINT('',(73.47565442661,-39.12827966515,
    14.999999999789));
#5319 = CARTESIAN_POINT('',(73.244954235893,-40.17176001677,
    15.000000000123));
#5320 = CARTESIAN_POINT('',(72.994289004792,-41.23691289979,
    14.999999999946));
#5321 = CARTESIAN_POINT('',(72.728685525619,-42.32369262506,
    15.000000000015));
#5322 = CARTESIAN_POINT('',(72.453511766428,-43.43227039121,15.));
#5323 = CARTESIAN_POINT('',(71.889277444897,-45.71989833575,
    14.999999999996));
#5324 = CARTESIAN_POINT('',(71.606886616094,-46.87218257937,
    15.000000000029));
#5325 = CARTESIAN_POINT('',(71.326732330533,-48.02028544923,
    14.999999999909));
#5326 = CARTESIAN_POINT('',(71.048145145908,-49.16446463904,
    15.000000000192));
#5327 = CARTESIAN_POINT('',(70.770458131137,-50.30498537313,
    14.999999999693));
#5328 = CARTESIAN_POINT('',(70.493006891076,-51.44212042491,
    15.000000000392));
#5329 = CARTESIAN_POINT('',(70.215129526902,-52.57615008724,
    14.999999999594));
#5330 = CARTESIAN_POINT('',(69.936166688965,-53.70736221204,
    15.000000000344));
#5331 = CARTESIAN_POINT('',(69.655461517285,-54.83605216556,
    14.999999999761));
#5332 = CARTESIAN_POINT('',(69.372359698493,-55.96252287133,
    15.000000000135));
#5333 = CARTESIAN_POINT('',(69.086209419409,-57.08708477503,
    14.99999999994));
#5334 = CARTESIAN_POINT('',(68.796361399207,-58.21005586891,
    15.000000000019));
#5335 = CARTESIAN_POINT('',(68.502168870635,-59.33176167748,
    14.999999999997));
#5336 = CARTESIAN_POINT('',(67.967160701945,-61.33597471239,
    15.000000000002));
#5337 = CARTESIAN_POINT('',(67.73347896584,-62.19921506334,
    14.999999999997));
#5338 = CARTESIAN_POINT('',(67.498533282176,-63.04046964217,
    15.000000000006));
#5339 = CARTESIAN_POINT('',(67.259344078547,-63.8578633715,
    14.999999999995));
#5340 = CARTESIAN_POINT('',(67.01324372318,-64.64950491276,
    14.999999999995));
#5341 = CARTESIAN_POINT('',(66.757880345177,-65.41353013867,
    15.000000000028));
#5342 = CARTESIAN_POINT('',(66.491259093671,-66.14817624834,
    14.999999999945));
#5343 = CARTESIAN_POINT('',(66.211756503301,-66.85191704576,
    15.000000000072));
#5344 = CARTESIAN_POINT('',(65.91806326862,-67.52366119509,
    14.999999999933));
#5345 = CARTESIAN_POINT('',(65.609030390208,-68.16298646829,
    15.000000000047));
#5346 = CARTESIAN_POINT('',(65.283413255892,-68.77035428394,
    14.999999999976));
#5347 = CARTESIAN_POINT('',(64.939527911496,-69.34722006069,
    15.000000000008));
#5348 = CARTESIAN_POINT('',(64.574853361915,-69.8959261661,
    14.999999999999));
#5349 = CARTESIAN_POINT('',(63.86178286559,-70.85465516065,15.));
#5350 = CARTESIAN_POINT('',(63.516700565136,-71.27825015166,
    15.000000000003));
#5351 = CARTESIAN_POINT('',(63.153461674004,-71.68455474915,
    14.999999999984));
#5352 = CARTESIAN_POINT('',(62.775759646407,-72.06853842638,
    15.000000000048));
#5353 = CARTESIAN_POINT('',(62.387483931886,-72.42568463552,
    14.999999999895));
#5354 = CARTESIAN_POINT('',(61.99272717334,-72.75200037311,
    15.000000000171));
#5355 = CARTESIAN_POINT('',(61.595912451658,-73.0440879686,
    14.999999999785));
#5356 = CARTESIAN_POINT('',(61.201816844335,-73.29933805902,
    15.000000000211));
#5357 = CARTESIAN_POINT('',(60.815353143227,-73.5162299526,
    14.999999999836));
#5358 = CARTESIAN_POINT('',(60.441057385556,-73.69465321786,
    15.0000000001));
#5359 = CARTESIAN_POINT('',(60.082315364327,-73.83609147827,
    14.999999999953));
#5360 = CARTESIAN_POINT('',(59.740447119797,-73.94343705917,
    15.000000000016));
#5361 = CARTESIAN_POINT('',(59.413853948998,-74.02013232062,
    14.999999999997));
#5362 = CARTESIAN_POINT('',(58.792188907492,-74.11471526941,
    15.000000000003));
#5363 = CARTESIAN_POINT('',(58.453899806014,-74.14106046257,
    14.999999999985));
#5364 = CARTESIAN_POINT('',(58.084964118548,-74.14321176157,
    15.000000000044));
#5365 = CARTESIAN_POINT('',(57.69047832182,-74.11761082142,
    14.999999999903));
#5366 = CARTESIAN_POINT('',(57.277131437087,-74.06199745903,
    15.000000000167));
#5367 = CARTESIAN_POINT('',(56.852385091811,-73.97558785738,
    14.99999999977));
#5368 = CARTESIAN_POINT('',(56.423954673762,-73.85894927084,
    15.000000000255));
#5369 = CARTESIAN_POINT('',(55.999517070233,-73.71378705175,
    14.999999999769));
#5370 = CARTESIAN_POINT('',(55.586565980148,-73.542786071,
    15.000000000171));
#5371 = CARTESIAN_POINT('',(55.192330907603,-73.349574403,
    14.999999999898));
#5372 = CARTESIAN_POINT('',(54.823671498058,-73.13880346364,
    15.000000000049));
#5373 = CARTESIAN_POINT('',(54.486853998513,-72.9162645911,
    14.999999999983));
#5374 = CARTESIAN_POINT('',(54.187112119513,-72.68888830694,
    15.000000000004));
#5375 = CARTESIAN_POINT('',(53.480278694941,-72.07676139619,
    14.999999999992));
#5376 = CARTESIAN_POINT('',(53.087783363181,-71.64082852209,
    15.000000000038));
#5377 = CARTESIAN_POINT('',(52.716365791624,-71.13413861869,
    14.999999999891));
#5378 = CARTESIAN_POINT('',(52.345781217858,-70.52399162701,
    15.000000000226));
#5379 = CARTESIAN_POINT('',(51.988030014209,-69.78696757751,
    14.999999999636));
#5380 = CARTESIAN_POINT('',(51.65864975154,-68.92528741107,
    15.000000000468));
#5381 = CARTESIAN_POINT('',(51.364036979165,-67.95420153652,
    14.999999999511));
#5382 = CARTESIAN_POINT('',(51.103860787022,-66.88779573718,
    15.00000000042));
#5383 = CARTESIAN_POINT('',(50.875172782275,-65.7380397857,
    14.999999999704));
#5384 = CARTESIAN_POINT('',(50.672750732886,-64.51912213543,
    15.000000000169));
#5385 = CARTESIAN_POINT('',(50.488533996105,-63.24488063597,
    14.999999999924));
#5386 = CARTESIAN_POINT('',(50.312999809928,-61.92344556288,
    15.000000000025));
#5387 = CARTESIAN_POINT('',(50.135550450245,-60.56526431703,
    14.999999999996));
#5388 = CARTESIAN_POINT('',(49.727578471104,-57.6194335925,
    15.000000000003));
#5389 = CARTESIAN_POINT('',(49.502594422625,-56.09155399127,
    14.999999999989));
#5390 = CARTESIAN_POINT('',(49.270877050989,-54.59139308071,
    15.000000000026));
#5391 = CARTESIAN_POINT('',(49.03496574891,-53.11702694127,
    14.999999999955));
#5392 = CARTESIAN_POINT('',(48.797363137126,-51.66647894134,
    15.000000000059));
#5393 = CARTESIAN_POINT('',(48.560517134912,-50.23771423464,
    14.999999999939));
#5394 = CARTESIAN_POINT('',(48.326807229058,-48.82863366606,
    15.000000000049));
#5395 = CARTESIAN_POINT('',(48.098534935012,-47.43706707351,
    14.999999999969));
#5396 = CARTESIAN_POINT('',(47.877918453704,-46.06076599639,
    15.000000000014));
#5397 = CARTESIAN_POINT('',(47.667091525289,-44.69739578475,
    14.999999999996));
#5398 = CARTESIAN_POINT('',(47.468106473678,-43.34452710928,
    14.999999999999));
#5399 = CARTESIAN_POINT('',(47.282941451029,-41.99962687661,
    15.000000000001));
#5400 = CARTESIAN_POINT('',(47.113511872744,-40.66004854347,
    14.999999999999));
#5401 = CARTESIAN_POINT('',(46.721335057661,-37.20641418612,
    15.000000000003));
#5402 = CARTESIAN_POINT('',(46.521421911184,-35.06376869469,
    14.999999999985));
#5403 = CARTESIAN_POINT('',(46.358681168703,-32.89696269734,
    15.000000000043));
#5404 = CARTESIAN_POINT('',(46.229742047596,-30.70792327401,
    14.999999999909));
#5405 = CARTESIAN_POINT('',(46.131138780965,-28.49860386061,
    15.000000000149));
#5406 = CARTESIAN_POINT('',(46.059319862591,-26.27096402017,
    14.999999999802));
#5407 = CARTESIAN_POINT('',(46.010656215305,-24.02695239355,
    15.000000000216));
#5408 = CARTESIAN_POINT('',(45.981448228682,-21.76849279791,
    14.999999999806));
#5409 = CARTESIAN_POINT('',(45.9679317386,-19.49747351497,
    15.000000000143));
#5410 = CARTESIAN_POINT('',(45.966282864978,-17.21573972126,
    14.999999999915));
#5411 = CARTESIAN_POINT('',(45.972621791006,-14.92508910731,
    15.000000000039));
#5412 = CARTESIAN_POINT('',(45.983015412323,-12.62727064597,
    14.999999999987));
#5413 = CARTESIAN_POINT('',(45.993478908935,-10.32398653888,
    15.000000000003));
#5414 = CARTESIAN_POINT('',(46.0036291534,-6.719792836409,
    14.999999999999));
#5415 = CARTESIAN_POINT('',(46.006017826321,-5.424996728486,
    15.000000000005));
#5416 = CARTESIAN_POINT('',(46.007318768917,-4.132336923421,
    14.999999999986));
#5417 = CARTESIAN_POINT('',(46.007708193594,-2.841640668094,
    15.000000000031));
#5418 = CARTESIAN_POINT('',(46.00736198014,-1.552734532274,
    14.999999999944));
#5419 = CARTESIAN_POINT('',(46.006455678847,-0.265444408265,
    15.000000000077));
#5420 = CARTESIAN_POINT('',(46.005164505277,1.020404488443,
    14.999999999917));
#5421 = CARTESIAN_POINT('',(46.003663347521,2.30498762014,
    15.000000000071));
#5422 = CARTESIAN_POINT('',(46.002126757835,3.588481125688,
    14.999999999952));
#5423 = CARTESIAN_POINT('',(46.000728960673,4.871061821816,
    15.000000000026));
#5424 = CARTESIAN_POINT('',(45.999643846242,6.152907201928,
    14.999999999988));
#5425 = CARTESIAN_POINT('',(45.999044974822,7.434195437035,
    15.000000000004));
#5426 = CARTESIAN_POINT('',(45.999105574356,8.715105375149,
    14.999999999999));
#5427 = CARTESIAN_POINT('',(46.000792290179,11.134226467334,
    15.000000000002));
#5428 = CARTESIAN_POINT('',(46.002244693109,12.273911517918,
    14.999999999991));
#5429 = CARTESIAN_POINT('',(46.004161814457,13.414819538682,
    15.000000000025));
#5430 = CARTESIAN_POINT('',(46.006349183362,14.55689864628,
    14.999999999951));
#5431 = CARTESIAN_POINT('',(46.008611794423,15.700097228548,
    15.000000000071));
#5432 = CARTESIAN_POINT('',(46.010754107192,16.844363944871,
    14.999999999922));
#5433 = CARTESIAN_POINT('',(46.012580046274,17.9896477254,
    15.000000000063));
#5434 = CARTESIAN_POINT('',(46.013893002397,19.135897772431,
    14.999999999962));
#5435 = CARTESIAN_POINT('',(46.014495829589,20.283063558409,
    15.000000000017));
#5436 = CARTESIAN_POINT('',(46.014190849609,21.431094828303,
    14.999999999995));
#5437 = CARTESIAN_POINT('',(46.012779846856,22.579941597278,
    15.000000000001));
#5438 = CARTESIAN_POINT('',(46.010064072914,23.729554152577,15.));
#5439 = CARTESIAN_POINT('',(46.005844243334,24.879883052269,15.));
#5440 = CARTESIAN_POINT('',(45.995901432801,26.811805391449,15.));
#5441 = CARTESIAN_POINT('',(45.991878183375,27.593536614839,15.));
#5442 = CARTESIAN_POINT('',(45.987850791161,28.376072796096,15.));
#5443 = CARTESIAN_POINT('',(45.983819256161,29.159413935221,15.));
#5444 = CARTESIAN_POINT('',(45.979783578373,29.943560032215,15.));
#5445 = CARTESIAN_POINT('',(45.975743757797,30.728511087076,15.));
#5446 = CARTESIAN_POINT('',(45.971699794434,31.514267099804,15.));
#5447 = CARTESIAN_POINT('',(45.967651688284,32.300828070401,
    15.000000000001));
#5448 = CARTESIAN_POINT('',(45.963599439346,33.088193998866,
    15.000000000001));
#5449 = CARTESIAN_POINT('',(45.959543047621,33.876364885199,
    15.000000000001));
#5450 = CARTESIAN_POINT('',(45.955482513108,34.665340729399,
    15.000000000001));
#5451 = CARTESIAN_POINT('',(45.951417835808,35.455121531467,
    15.000000000001));
#5452 = CARTESIAN_POINT('',(45.94734901572,36.245707291404,
    15.000000000001));
#5453 = CARTESIAN_POINT('',(45.943276052846,37.037098009208,
    15.000000000001));
#5454 = DEFINITIONAL_REPRESENTATION('',(#5455),#5459);
#5455 = LINE('',#5456,#5457);
#5456 = CARTESIAN_POINT('',(0.,0.));
#5457 = VECTOR('',#5458,1.);
#5458 = DIRECTION('',(0.,1.));
#5459 = ( GEOMETRIC_REPRESENTATION_CONTEXT(2) 
PARAMETRIC_REPRESENTATION_CONTEXT() REPRESENTATION_CONTEXT('2D SPACE',''
  ) );
#5460 = ORIENTED_EDGE('',*,*,#5461,.F.);
#5461 = EDGE_CURVE('',#5462,#4071,#5464,.T.);
#5462 = VERTEX_POINT('',#5463);
#5463 = CARTESIAN_POINT('',(40.,26.,-9.));
#5464 = SEAM_CURVE('',#5465,(#5469,#5476),.PCURVE_S1.);
#5465 = LINE('',#5466,#5467);
#5466 = CARTESIAN_POINT('',(40.,26.,-15.));
#5467 = VECTOR('',#5468,1.);
#5468 = DIRECTION('',(0.,-0.,1.));
#5469 = PCURVE('',#4351,#5470);
#5470 = DEFINITIONAL_REPRESENTATION('',(#5471),#5475);
#5471 = LINE('',#5472,#5473);
#5472 = CARTESIAN_POINT('',(0.,0.));
#5473 = VECTOR('',#5474,1.);
#5474 = DIRECTION('',(0.,-1.));
#5475 = ( GEOMETRIC_REPRESENTATION_CONTEXT(2) 
PARAMETRIC_REPRESENTATION_CONTEXT() REPRESENTATION_CONTEXT('2D SPACE',''
  ) );
#5476 = PCURVE('',#4351,#5477);
#5477 = DEFINITIONAL_REPRESENTATION('',(#5478),#5482);
#5478 = LINE('',#5479,#5480);
#5479 = CARTESIAN_POINT('',(269.26041311048,0.));
#5480 = VECTOR('',#5481,1.);
#5481 = DIRECTION('',(0.,-1.));
#5482 = ( GEOMETRIC_REPRESENTATION_CONTEXT(2) 
PARAMETRIC_REPRESENTATION_CONTEXT() REPRESENTATION_CONTEXT('2D SPACE',''
  ) );
#5483 = ORIENTED_EDGE('',*,*,#5484,.F.);
#5484 = EDGE_CURVE('',#5462,#5462,#5485,.T.);
#5485 = SURFACE_CURVE('',#5486,(#5762,#6015),.PCURVE_S1.);
#5486 = B_SPLINE_CURVE_WITH_KNOTS('',14,(#5487,#5488,#5489,#5490,#5491,
    #5492,#5493,#5494,#5495,#5496,#5497,#5498,#5499,#5500,#5501,#5502,
    #5503,#5504,#5505,#5506,#5507,#5508,#5509,#5510,#5511,#5512,#5513,
    #5514,#5515,#5516,#5517,#5518,#5519,#5520,#5521,#5522,#5523,#5524,
    #5525,#5526,#5527,#5528,#5529,#5530,#5531,#5532,#5533,#5534,#5535,
    #5536,#5537,#5538,#5539,#5540,#5541,#5542,#5543,#5544,#5545,#5546,
    #5547,#5548,#5549,#5550,#5551,#5552,#5553,#5554,#5555,#5556,#5557,
    #5558,#5559,#5560,#5561,#5562,#5563,#5564,#5565,#5566,#5567,#5568,
    #5569,#5570,#5571,#5572,#5573,#5574,#5575,#5576,#5577,#5578,#5579,
    #5580,#5581,#5582,#5583,#5584,#5585,#5586,#5587,#5588,#5589,#5590,
    #5591,#5592,#5593,#5594,#5595,#5596,#5597,#5598,#5599,#5600,#5601,
    #5602,#5603,#5604,#5605,#5606,#5607,#5608,#5609,#5610,#5611,#5612,
    #5613,#5614,#5615,#5616,#5617,#5618,#5619,#5620,#5621,#5622,#5623,
    #5624,#5625,#5626,#5627,#5628,#5629,#5630,#5631,#5632,#5633,#5634,
    #5635,#5636,#5637,#5638,#5639,#5640,#5641,#5642,#5643,#5644,#5645,
    #5646,#5647,#5648,#5649,#5650,#5651,#5652,#5653,#5654,#5655,#5656,
    #5657,#5658,#5659,#5660,#5661,#5662,#5663,#5664,#5665,#5666,#5667,
    #5668,#5669,#5670,#5671,#5672,#5673,#5674,#5675,#5676,#5677,#5678,
    #5679,#5680,#5681,#5682,#5683,#5684,#5685,#5686,#5687,#5688,#5689,
    #5690,#5691,#5692,#5693,#5694,#5695,#5696,#5697,#5698,#5699,#5700,
    #5701,#5702,#5703,#5704,#5705,#5706,#5707,#5708,#5709,#5710,#5711,
    #5712,#5713,#5714,#5715,#5716,#5717,#5718,#5719,#5720,#5721,#5722,
    #5723,#5724,#5725,#5726,#5727,#5728,#5729,#5730,#5731,#5732,#5733,
    #5734,#5735,#5736,#5737,#5738,#5739,#5740,#5741,#5742,#5743,#5744,
    #5745,#5746,#5747,#5748,#5749,#5750,#5751,#5752,#5753,#5754,#5755,
    #5756,#5757,#5758,#5759,#5760,#5761),.UNSPECIFIED.,.F.,.F.,(15,13,13
    ,13,13,13,13,13,13,13,13,13,13,13,13,13,13,13,13,13,13,15),(
    -8.443143151595,1.456797704203E-13,16.348367827368,34.960780664234,
    45.880631880429,52.292989308671,58.705346736913,64.188756004388,
    69.672165271863,86.301078476613,99.481553995437,115.8299218228,
    132.55130421049,145.73177972931,156.69859826426,167.2838447527,
    185.56187564428,206.06638494413,238.526470427,256.77635960691,
    272.99848332239,284.00484796765),.UNSPECIFIED.);
#5487 = CARTESIAN_POINT('',(31.557523998743,26.106137865645,
    -8.999999999998));
#5488 = CARTESIAN_POINT('',(32.426077527696,26.095218507664,-9.));
#5489 = CARTESIAN_POINT('',(33.253781898363,26.084812700738,
    -9.000000000002));
#5490 = CARTESIAN_POINT('',(34.040637110742,26.074920444869,
    -9.000000000004));
#5491 = CARTESIAN_POINT('',(34.786643164836,26.065541740055,
    -9.000000000005));
#5492 = CARTESIAN_POINT('',(35.491800060642,26.056676586298,
    -9.000000000006));
#5493 = CARTESIAN_POINT('',(36.156107798162,26.048324983596,
    -9.000000000007));
#5494 = CARTESIAN_POINT('',(36.779566377395,26.040486931951,
    -9.000000000007));
#5495 = CARTESIAN_POINT('',(37.362175798342,26.033162431361,
    -9.000000000007));
#5496 = CARTESIAN_POINT('',(37.903936061001,26.026351481828,
    -9.000000000007));
#5497 = CARTESIAN_POINT('',(38.404847165374,26.02005408335,
    -9.000000000006));
#5498 = CARTESIAN_POINT('',(38.864909111461,26.014270235929,
    -9.000000000005));
#5499 = CARTESIAN_POINT('',(39.284121899261,26.008999939563,
    -9.000000000004));
#5500 = CARTESIAN_POINT('',(39.662485528774,26.004243194254,
    -9.000000000002));
#5501 = CARTESIAN_POINT('',(40.653525662611,25.991783948326,
    -8.999999999996));
#5502 = CARTESIAN_POINT('',(41.420245911601,25.960237108882,
    -9.000000000019));
#5503 = CARTESIAN_POINT('',(42.29068254136,25.906013674641,
    -8.999999999947));
#5504 = CARTESIAN_POINT('',(43.255357348477,25.829767840382,
    -9.00000000011));
#5505 = CARTESIAN_POINT('',(44.304792124622,25.73215379684,
    -8.999999999822));
#5506 = CARTESIAN_POINT('',(45.429508670297,25.613825742022,
    -9.000000000232));
#5507 = CARTESIAN_POINT('',(46.620028772928,25.47543786315,
    -8.999999999754));
#5508 = CARTESIAN_POINT('',(47.866874236146,25.317644360841,
    -9.000000000214));
#5509 = CARTESIAN_POINT('',(49.160566846619,25.141099421651,
    -8.999999999846));
#5510 = CARTESIAN_POINT('',(50.491628406092,24.946457244674,
    -9.00000000009));
#5511 = CARTESIAN_POINT('',(51.850580704912,24.734372019497,
    -8.999999999958));
#5512 = CARTESIAN_POINT('',(53.227945540732,24.505497941811,
    -9.000000000015));
#5513 = CARTESIAN_POINT('',(54.614244707276,24.26048920403,
    -8.999999999997));
#5514 = CARTESIAN_POINT('',(57.57766511443,23.703436290636,
    -9.000000000004));
#5515 = CARTESIAN_POINT('',(59.154625284414,23.386807515185,
    -8.999999999983));
#5516 = CARTESIAN_POINT('',(60.714333363255,23.041810962426,
    -9.000000000046));
#5517 = CARTESIAN_POINT('',(62.240242201444,22.660143919276,
    -8.999999999907));
#5518 = CARTESIAN_POINT('',(63.715804655818,22.233503676927,
    -9.000000000147));
#5519 = CARTESIAN_POINT('',(65.124473571711,21.753587518659,
    -8.999999999809));
#5520 = CARTESIAN_POINT('',(66.44970181178,21.212092739896,
    -9.000000000206));
#5521 = CARTESIAN_POINT('',(67.674942216626,20.60071662038,
    -8.999999999816));
#5522 = CARTESIAN_POINT('',(68.78364765076,19.911156456996,
    -9.000000000136));
#5523 = CARTESIAN_POINT('',(69.759270956624,19.135109530752,
    -8.999999999919));
#5524 = CARTESIAN_POINT('',(70.585264993913,18.264273135071,
    -9.000000000037));
#5525 = CARTESIAN_POINT('',(71.24508261102,17.290344555249,
    -8.999999999988));
#5526 = CARTESIAN_POINT('',(71.722176662423,16.205021080959,
    -9.000000000002));
#5527 = CARTESIAN_POINT('',(72.162998184998,14.293017459278,-9.));
#5528 = CARTESIAN_POINT('',(72.257404670334,13.544833368528,-9.));
#5529 = CARTESIAN_POINT('',(72.283109208984,12.765467223964,
    -9.000000000001));
#5530 = CARTESIAN_POINT('',(72.240001553853,11.964938521751,-9.));
#5531 = CARTESIAN_POINT('',(72.127971458,11.153266758291,-8.999999999997
    ));
#5532 = CARTESIAN_POINT('',(71.946908674345,10.340471429412,
    -9.000000000007));
#5533 = CARTESIAN_POINT('',(71.696702955799,9.536572031965,
    -8.999999999992));
#5534 = CARTESIAN_POINT('',(71.377244055433,8.751588061329,
    -9.000000000004));
#5535 = CARTESIAN_POINT('',(70.988421726191,7.995539014647,
    -9.000000000002));
#5536 = CARTESIAN_POINT('',(70.530125720888,7.278444387287,
    -8.999999999995));
#5537 = CARTESIAN_POINT('',(70.002245792784,6.610323676113,
    -9.000000000005));
#5538 = CARTESIAN_POINT('',(69.40467169452,6.001196376942,
    -8.999999999997));
#5539 = CARTESIAN_POINT('',(68.737293179322,5.46108198619,
    -9.000000000002));
#5540 = CARTESIAN_POINT('',(67.567046537384,4.729243334856,
    -8.999999999998));
#5541 = CARTESIAN_POINT('',(67.109984570046,4.485739223022,
    -9.000000000012));
#5542 = CARTESIAN_POINT('',(66.631869795394,4.267310898406,
    -8.999999999964));
#5543 = CARTESIAN_POINT('',(66.135757913281,4.071781595005,
    -9.000000000074));
#5544 = CARTESIAN_POINT('',(65.624704618011,3.896974546664,
    -8.999999999884));
#5545 = CARTESIAN_POINT('',(65.10176561378,3.740712987409,
    -9.000000000144));
#5546 = CARTESIAN_POINT('',(64.569996590388,3.600820151144,
    -8.999999999853));
#5547 = CARTESIAN_POINT('',(64.032453255105,3.475119271726,
    -9.000000000123));
#5548 = CARTESIAN_POINT('',(63.492191297302,3.361433583286,
    -8.999999999915));
#5549 = CARTESIAN_POINT('',(62.952266421934,3.257586319506,
    -9.000000000048));
#5550 = CARTESIAN_POINT('',(62.415734322421,3.161400714553,
    -8.999999999979));
#5551 = CARTESIAN_POINT('',(61.885650699388,3.070700002209,
    -9.000000000006));
#5552 = CARTESIAN_POINT('',(61.365071249735,2.983307416484,
    -8.999999999999));
#5553 = CARTESIAN_POINT('',(60.349032094044,2.810784966099,-9.));
#5554 = CARTESIAN_POINT('',(59.853572387949,2.725655101428,
    -9.000000000004));
#5555 = CARTESIAN_POINT('',(59.373728251516,2.639479831285,
    -8.999999999982));
#5556 = CARTESIAN_POINT('',(58.912555383347,2.550082389404,
    -9.000000000045));
#5557 = CARTESIAN_POINT('',(58.473109480066,2.455286010144,
    -8.999999999918));
#5558 = CARTESIAN_POINT('',(58.058446242468,2.352913926746,
    -9.000000000115));
#5559 = CARTESIAN_POINT('',(57.671621364451,2.240789374071,
    -8.999999999874));
#5560 = CARTESIAN_POINT('',(57.3156905491,2.116735585038,-9.00000000011)
  );
#5561 = CARTESIAN_POINT('',(56.993709489508,1.978575794516,
    -8.999999999925));
#5562 = CARTESIAN_POINT('',(56.708733887692,1.824133235726,
    -9.00000000004));
#5563 = CARTESIAN_POINT('',(56.463819439139,1.651231143061,
    -8.999999999985));
#5564 = CARTESIAN_POINT('',(56.262021843191,1.457692750214,
    -9.000000000002));
#5565 = CARTESIAN_POINT('',(56.106396797437,1.241341291227,
    -9.000000000001));
#5566 = CARTESIAN_POINT('',(55.909016739673,0.79362144301,
    -8.999999999996));
#5567 = CARTESIAN_POINT('',(55.854031636158,0.568969071213,
    -9.000000000027));
#5568 = CARTESIAN_POINT('',(55.83348019736,0.327220861262,
    -8.999999999917));
#5569 = CARTESIAN_POINT('',(55.845797935588,6.955479003551E-02,
    -9.000000000179));
#5570 = CARTESIAN_POINT('',(55.889420352765,-0.202851166092,
    -8.999999999703));
#5571 = CARTESIAN_POINT('',(55.962782970127,-0.488819029848,
    -9.000000000394));
#5572 = CARTESIAN_POINT('',(56.064321279507,-0.787170825275,
    -8.999999999575));
#5573 = CARTESIAN_POINT('',(56.192470810111,-1.096728574807,
    -9.000000000376));
#5574 = CARTESIAN_POINT('',(56.345667051084,-1.416314302535,
    -8.999999999727));
#5575 = CARTESIAN_POINT('',(56.522345527946,-1.744750031112,
    -9.000000000162));
#5576 = CARTESIAN_POINT('',(56.720941738244,-2.080857784236,
    -8.999999999924));
#5577 = CARTESIAN_POINT('',(56.93989119765,-2.423459584975,
    -9.000000000027));
#5578 = CARTESIAN_POINT('',(57.177629412062,-2.771377456707,
    -8.999999999994));
#5579 = CARTESIAN_POINT('',(57.687554371254,-3.475489388675,
    -9.000000000006));
#5580 = CARTESIAN_POINT('',(57.959741115487,-3.831683448911,
    -8.999999999971));
#5581 = CARTESIAN_POINT('',(58.24758763472,-4.190837626708,
    -9.000000000082));
#5582 = CARTESIAN_POINT('',(58.549529434315,-4.551773945283,
    -8.999999999828));
#5583 = CARTESIAN_POINT('',(58.864002031013,-4.913314428075,
    -9.000000000281));
#5584 = CARTESIAN_POINT('',(59.189440920753,-5.274281098111,
    -8.999999999629));
#5585 = CARTESIAN_POINT('',(59.524281630918,-5.633495979026,
    -9.0000000004));
#5586 = CARTESIAN_POINT('',(59.866959649014,-5.989781093732,
    -8.999999999646));
#5587 = CARTESIAN_POINT('',(60.215910505279,-6.341958465838,
    -9.000000000256));
#5588 = CARTESIAN_POINT('',(60.569569691169,-6.688850118406,
    -8.99999999985));
#5589 = CARTESIAN_POINT('',(60.92637272789,-7.029278074851,
    -9.000000000069));
#5590 = CARTESIAN_POINT('',(61.284755117501,-7.362064358393,
    -8.999999999977));
#5591 = CARTESIAN_POINT('',(61.643152372234,-7.686030992354,
    -9.000000000004));
#5592 = CARTESIAN_POINT('',(63.082171317167,-8.952138190392,
    -8.99999999999));
#5593 = CARTESIAN_POINT('',(64.150091366685,-9.812332398736,
    -9.000000000043));
#5594 = CARTESIAN_POINT('',(65.201415275571,-10.59442044809,
    -8.999999999882));
#5595 = CARTESIAN_POINT('',(66.233798178081,-11.31224016269,
    -9.000000000242));
#5596 = CARTESIAN_POINT('',(67.24489519238,-11.97962936409,
    -8.999999999609));
#5597 = CARTESIAN_POINT('',(68.232361465589,-12.61042587875,
    -9.000000000513));
#5598 = CARTESIAN_POINT('',(69.193852101585,-13.21846752568,
    -8.999999999448));
#5599 = CARTESIAN_POINT('',(70.127022258563,-13.81759213339,
    -9.000000000489));
#5600 = CARTESIAN_POINT('',(71.029527036943,-14.42163752015,
    -8.999999999645));
#5601 = CARTESIAN_POINT('',(71.899021589284,-15.0444415136,
    -9.000000000208));
#5602 = CARTESIAN_POINT('',(72.73316102833,-15.69984193411,
    -8.999999999906));
#5603 = CARTESIAN_POINT('',(73.529600492327,-16.40167660679,
    -9.00000000003));
#5604 = CARTESIAN_POINT('',(74.285995106077,-17.1637833542,
    -8.999999999996));
#5605 = CARTESIAN_POINT('',(75.565937407242,-18.66280537353,
    -9.000000000001));
#5606 = CARTESIAN_POINT('',(76.105243354673,-19.37217049734,
    -9.000000000006));
#5607 = CARTESIAN_POINT('',(76.61654514734,-20.12392995233,
    -8.999999999975));
#5608 = CARTESIAN_POINT('',(77.098470091672,-20.91391831995,
    -9.000000000059));
#5609 = CARTESIAN_POINT('',(77.549645490448,-21.73797018031,
    -8.999999999897));
#5610 = CARTESIAN_POINT('',(77.968698653557,-22.59192011607,
    -9.00000000014));
#5611 = CARTESIAN_POINT('',(78.354256879882,-23.47160270597,
    -8.999999999846));
#5612 = CARTESIAN_POINT('',(78.704947482299,-24.37285253373,
    -9.000000000137));
#5613 = CARTESIAN_POINT('',(79.019397758862,-25.29150417778,
    -8.999999999901));
#5614 = CARTESIAN_POINT('',(79.296235020769,-26.22339222127,
    -9.000000000056));
#5615 = CARTESIAN_POINT('',(79.534086569475,-27.16435124383,
    -8.999999999975));
#5616 = CARTESIAN_POINT('',(79.731579712418,-28.11021582725,
    -9.000000000007));
#5617 = CARTESIAN_POINT('',(79.887341754058,-29.05682055227,
    -8.999999999999));
#5618 = CARTESIAN_POINT('',(80.139735356336,-31.16987012468,
    -8.999999999999));
#5619 = CARTESIAN_POINT('',(80.213157180848,-32.33447059204,
    -9.000000000007));
#5620 = CARTESIAN_POINT('',(80.225974913799,-33.49407985529,
    -8.999999999977));
#5621 = CARTESIAN_POINT('',(80.183897997203,-34.6489763688,
    -9.000000000052));
#5622 = CARTESIAN_POINT('',(80.09263586882,-35.79943858416,
    -8.999999999907));
#5623 = CARTESIAN_POINT('',(79.957897974612,-36.94574495828,
    -9.000000000134));
#5624 = CARTESIAN_POINT('',(79.785393747514,-38.08817393967,
    -8.999999999844));
#5625 = CARTESIAN_POINT('',(79.580832637761,-39.22700398794,
    -9.000000000146));
#5626 = CARTESIAN_POINT('',(79.349924076312,-40.36251355038,
    -8.99999999989));
#5627 = CARTESIAN_POINT('',(79.098377512107,-41.49498108575,
    -9.000000000065));
#5628 = CARTESIAN_POINT('',(78.831902380131,-42.6246850439,
    -8.999999999972));
#5629 = CARTESIAN_POINT('',(78.556208124268,-43.75190388038,
    -9.000000000008));
#5630 = CARTESIAN_POINT('',(78.27700418386,-44.87691604783,-9.));
#5631 = CARTESIAN_POINT('',(77.716675515834,-47.14870893631,
    -8.999999999998));
#5632 = CARTESIAN_POINT('',(77.435652315585,-48.29540066289,
    -9.000000000019));
#5633 = CARTESIAN_POINT('',(77.156263161849,-49.44035441253,
    -8.999999999943));
#5634 = CARTESIAN_POINT('',(76.877840821242,-50.58384942072,
    -9.00000000012));
#5635 = CARTESIAN_POINT('',(76.599718051045,-51.72616491672,
    -8.999999999808));
#5636 = CARTESIAN_POINT('',(76.321227625484,-52.86758014109,
    -9.000000000244));
#5637 = CARTESIAN_POINT('',(76.041702293739,-54.00837431764,
    -8.999999999747));
#5638 = CARTESIAN_POINT('',(75.76047483579,-55.14882669084,
    -9.000000000215));
#5639 = CARTESIAN_POINT('',(75.476877999749,-56.28921648374,
    -8.99999999985));
#5640 = CARTESIAN_POINT('',(75.19024456161,-57.42982293818,
    -9.000000000085));
#5641 = CARTESIAN_POINT('',(74.899907276741,-58.57092528204,
    -8.999999999962));
#5642 = CARTESIAN_POINT('',(74.605198913336,-59.71280275192,
    -9.000000000012));
#5643 = CARTESIAN_POINT('',(74.305452232983,-60.85573457992,
    -8.999999999998));
#5644 = CARTESIAN_POINT('',(73.759230093197,-62.9019566688,
    -9.000000000001));
#5645 = CARTESIAN_POINT('',(73.514915192176,-63.80474192967,
    -8.999999999997));
#5646 = CARTESIAN_POINT('',(73.263465662885,-64.70642502648,
    -9.000000000006));
#5647 = CARTESIAN_POINT('',(73.001291870992,-65.60507520305,
    -8.999999999993));
#5648 = CARTESIAN_POINT('',(72.724804182484,-66.4987617031,
    -9.000000000002));
#5649 = CARTESIAN_POINT('',(72.430412963339,-67.38555377096,
    -9.000000000012));
#5650 = CARTESIAN_POINT('',(72.114528578603,-68.26352064934,
    -8.999999999969));
#5651 = CARTESIAN_POINT('',(71.773561395824,-69.13073158396,
    -9.000000000045));
#5652 = CARTESIAN_POINT('',(71.403921778365,-69.98525581626,
    -8.999999999955));
#5653 = CARTESIAN_POINT('',(71.002020094765,-70.82516259249,
    -9.000000000033));
#5654 = CARTESIAN_POINT('',(70.564266708586,-71.64852115456,
    -8.999999999982));
#5655 = CARTESIAN_POINT('',(70.087071987172,-72.45340074754,
    -9.000000000006));
#5656 = CARTESIAN_POINT('',(69.566846295603,-73.23787061467,
    -8.999999999999));
#5657 = CARTESIAN_POINT('',(68.528355372896,-74.63412997938,
    -9.000000000001));
#5658 = CARTESIAN_POINT('',(68.024434942957,-75.25279347133,
    -8.999999999999));
#5659 = CARTESIAN_POINT('',(67.489722564085,-75.85195099955,
    -8.999999999998));
#5660 = CARTESIAN_POINT('',(66.925702090521,-76.42756308809,
    -9.000000000014));
#5661 = CARTESIAN_POINT('',(66.333857375252,-76.97559025971,
    -8.999999999961));
#5662 = CARTESIAN_POINT('',(65.71567227446,-77.49199304045,
    -9.000000000072));
#5663 = CARTESIAN_POINT('',(65.072630638144,-77.97273195003,
    -8.999999999903));
#5664 = CARTESIAN_POINT('',(64.406216325747,-78.41376751778,
    -9.000000000099));
#5665 = CARTESIAN_POINT('',(63.717913185095,-78.81106026125,
    -8.999999999921));
#5666 = CARTESIAN_POINT('',(63.009205075663,-79.16057070977,
    -9.000000000049));
#5667 = CARTESIAN_POINT('',(62.281575847342,-79.458259383,
    -8.999999999976));
#5668 = CARTESIAN_POINT('',(61.536509356495,-79.70008680712,
    -9.000000000008));
#5669 = CARTESIAN_POINT('',(60.775489455927,-79.88201350473,
    -8.999999999998));
#5670 = CARTESIAN_POINT('',(59.251492398272,-80.11388135316,
    -9.000000000002));
#5671 = CARTESIAN_POINT('',(58.489504612326,-80.16819448346,
    -8.99999999999));
#5672 = CARTESIAN_POINT('',(57.718722915019,-80.16520963671,
    -9.00000000003));
#5673 = CARTESIAN_POINT('',(56.943833577742,-80.1071970571,
    -8.999999999934));
#5674 = CARTESIAN_POINT('',(56.169522875339,-79.99642699284,
    -9.000000000113));
#5675 = CARTESIAN_POINT('',(55.400477076116,-79.83516968421,
    -8.999999999846));
#5676 = CARTESIAN_POINT('',(54.641382458567,-79.6256953843,
    -9.000000000171));
#5677 = CARTESIAN_POINT('',(53.89692528795,-79.37027432899,
    -8.999999999845));
#5678 = CARTESIAN_POINT('',(53.17179184397,-79.07117677355,
    -9.000000000114));
#5679 = CARTESIAN_POINT('',(52.470668393032,-78.73067295487,
    -8.999999999932));
#5680 = CARTESIAN_POINT('',(51.798241211868,-78.3510331245,
    -9.000000000032));
#5681 = CARTESIAN_POINT('',(51.15919657048,-77.93452752418,
    -8.999999999988));
#5682 = CARTESIAN_POINT('',(50.558220742508,-77.4834264011,
    -9.000000000003));
#5683 = CARTESIAN_POINT('',(49.036094625946,-76.16524544772,
    -8.999999999995));
#5684 = CARTESIAN_POINT('',(48.199670011756,-75.23410818651,
    -9.000000000024));
#5685 = CARTESIAN_POINT('',(47.479445733863,-74.21608653987,
    -8.999999999932));
#5686 = CARTESIAN_POINT('',(46.864141371579,-73.12067883664,
    -9.00000000014));
#5687 = CARTESIAN_POINT('',(46.342476497769,-71.95738339353,
    -8.999999999777));
#5688 = CARTESIAN_POINT('',(45.903170696829,-70.73569854924,
    -9.000000000285));
#5689 = CARTESIAN_POINT('',(45.534943536229,-69.4651226097,
    -8.999999999705));
#5690 = CARTESIAN_POINT('',(45.226514604147,-68.15515392168,
    -9.000000000251));
#5691 = CARTESIAN_POINT('',(44.966603467447,-66.81529078898,
    -8.999999999825));
#5692 = CARTESIAN_POINT('',(44.743929711538,-65.45503155372,
    -9.000000000099));
#5693 = CARTESIAN_POINT('',(44.547212908188,-64.0838745291,
    -8.999999999956));
#5694 = CARTESIAN_POINT('',(44.365172637595,-62.71131804665,
    -9.000000000014));
#5695 = CARTESIAN_POINT('',(44.186528475648,-61.3468604283,
    -8.999999999998));
#5696 = CARTESIAN_POINT('',(43.790750169622,-58.48907618431,
    -9.000000000002));
#5697 = CARTESIAN_POINT('',(43.571578233553,-57.00029775515,
    -8.999999999995));
#5698 = CARTESIAN_POINT('',(43.344771030459,-55.53129576563,
    -9.000000000011));
#5699 = CARTESIAN_POINT('',(43.112615398763,-54.07970126809,
    -8.999999999984));
#5700 = CARTESIAN_POINT('',(42.877398177184,-52.64314531619,
    -9.000000000018));
#5701 = CARTESIAN_POINT('',(42.641406204295,-51.21925896177,
    -8.999999999987));
#5702 = CARTESIAN_POINT('',(42.406926318347,-49.80567325869,
    -9.000000000004));
#5703 = CARTESIAN_POINT('',(42.17624535865,-48.40001925906,
    -9.000000000005));
#5704 = CARTESIAN_POINT('',(41.951650162711,-46.9999280161,
    -8.999999999991));
#5705 = CARTESIAN_POINT('',(41.735427570256,-45.60303058262,
    -9.000000000008));
#5706 = CARTESIAN_POINT('',(41.529864418879,-44.20695801135,
    -8.999999999995));
#5707 = CARTESIAN_POINT('',(41.337247547815,-42.8093413553,
    -9.000000000002));
#5708 = CARTESIAN_POINT('',(41.159863795283,-41.40781166721,
    -8.999999999999));
#5709 = CARTESIAN_POINT('',(40.746924328469,-37.77133476381,
    -9.000000000002));
#5710 = CARTESIAN_POINT('',(40.537755640106,-35.52692618133,
    -8.999999999992));
#5711 = CARTESIAN_POINT('',(40.368503616356,-33.26851589509,
    -9.000000000024));
#5712 = CARTESIAN_POINT('',(40.235177937435,-30.99784554691,
    -8.999999999949));
#5713 = CARTESIAN_POINT('',(40.133788286366,-28.71665678027,
    -9.000000000086));
#5714 = CARTESIAN_POINT('',(40.060344341019,-26.42669123562,
    -8.999999999884));
#5715 = CARTESIAN_POINT('',(40.010855787093,-24.12969055797,
    -9.000000000128));
#5716 = CARTESIAN_POINT('',(39.981332300285,-21.82739638658,
    -8.999999999883));
#5717 = CARTESIAN_POINT('',(39.967783567117,-19.52155036681,
    -9.000000000087));
#5718 = CARTESIAN_POINT('',(39.96621926417,-17.21389413855,
    -8.999999999947));
#5719 = CARTESIAN_POINT('',(39.972649075749,-14.90616934585,
    -9.000000000025));
#5720 = CARTESIAN_POINT('',(39.98308268112,-12.60011763009,
    -8.999999999992));
#5721 = CARTESIAN_POINT('',(39.993529762269,-10.29748063407,
    -9.000000000002));
#5722 = CARTESIAN_POINT('',(40.00363773292,-6.708297703435,
    -8.999999999999));
#5723 = CARTESIAN_POINT('',(40.006018395395,-5.41822532033,
    -9.000000000003));
#5724 = CARTESIAN_POINT('',(40.007316342065,-4.129605680351,
    -8.999999999991));
#5725 = CARTESIAN_POINT('',(40.007705928241,-2.84226161348,
    -9.000000000021));
#5726 = CARTESIAN_POINT('',(40.007361507665,-1.556015948962,
    -8.999999999962));
#5727 = CARTESIAN_POINT('',(40.00645743702,-0.270691517431,
    -9.000000000055));
#5728 = CARTESIAN_POINT('',(40.005168068469,1.013888852657,
    -8.999999999937));
#5729 = CARTESIAN_POINT('',(40.003667759939,2.297902329966,
    -9.000000000057));
#5730 = CARTESIAN_POINT('',(40.002130863221,3.581526086386,
    -8.999999999959));
#5731 = CARTESIAN_POINT('',(40.000731735575,4.864937290747,
    -9.000000000023));
#5732 = CARTESIAN_POINT('',(39.999644730179,6.148313114328,
    -8.99999999999));
#5733 = CARTESIAN_POINT('',(39.99904420275,7.43183072677,-9.000000000003
    ));
#5734 = CARTESIAN_POINT('',(39.999104507708,8.715667298609,
    -8.999999999999));
#5735 = CARTESIAN_POINT('',(40.000795993148,11.141629067905,-9.));
#5736 = CARTESIAN_POINT('',(40.002251887372,12.28365013941,
    -8.999999999998));
#5737 = CARTESIAN_POINT('',(40.004172092295,13.426012447328,
    -9.000000000004));
#5738 = CARTESIAN_POINT('',(40.00636101753,14.568665224207,
    -8.999999999995));
#5739 = CARTESIAN_POINT('',(40.008623072583,15.711557703246,
    -9.000000000002));
#5740 = CARTESIAN_POINT('',(40.010762667425,16.85463911641,
    -9.000000000008));
#5741 = CARTESIAN_POINT('',(40.012584210828,17.997858697571,
    -8.999999999976));
#5742 = CARTESIAN_POINT('',(40.013892113824,19.141165678121,
    -9.000000000035));
#5743 = CARTESIAN_POINT('',(40.014490784151,20.284509292219,
    -8.999999999966));
#5744 = CARTESIAN_POINT('',(40.014184633355,21.427838771352,
    -9.000000000025));
#5745 = CARTESIAN_POINT('',(40.012778069445,22.571103349234,
    -8.999999999987));
#5746 = CARTESIAN_POINT('',(40.010075503079,23.714252257998,
    -9.000000000005));
#5747 = CARTESIAN_POINT('',(40.005881343324,24.857234730712,
    -8.999999999999));
#5748 = CARTESIAN_POINT('',(39.996009634104,26.77534184046,
    -9.000000000001));
#5749 = CARTESIAN_POINT('',(39.992010703768,27.552347781105,
    -9.000000000002));
#5750 = CARTESIAN_POINT('',(39.988003208992,28.331017821935,
    -9.000000000002));
#5751 = CARTESIAN_POINT('',(39.983987149777,29.11135196295,
    -9.000000000003));
#5752 = CARTESIAN_POINT('',(39.979962526121,29.89335020415,
    -9.000000000004));
#5753 = CARTESIAN_POINT('',(39.975929338025,30.677012545535,
    -9.000000000005));
#5754 = CARTESIAN_POINT('',(39.97188758549,31.462338987106,
    -9.000000000005));
#5755 = CARTESIAN_POINT('',(39.967837268514,32.249329528861,
    -9.000000000006));
#5756 = CARTESIAN_POINT('',(39.963778387099,33.037984170801,
    -9.000000000007));
#5757 = CARTESIAN_POINT('',(39.959710941244,33.828302912927,
    -9.000000000008));
#5758 = CARTESIAN_POINT('',(39.955634930948,34.620285755238,
    -9.000000000009));
#5759 = CARTESIAN_POINT('',(39.951550356213,35.413932697733,
    -9.000000000009));
#5760 = CARTESIAN_POINT('',(39.947457217038,36.209243740414,
    -9.00000000001));
#5761 = CARTESIAN_POINT('',(39.943355513423,37.00621888328,
    -9.000000000011));
#5762 = PCURVE('',#4351,#5763);
#5763 = DEFINITIONAL_REPRESENTATION('',(#5764),#6014);
#5764 = B_SPLINE_CURVE_WITH_KNOTS('',14,(#5765,#5766,#5767,#5768,#5769,
    #5770,#5771,#5772,#5773,#5774,#5775,#5776,#5777,#5778,#5779,#5780,
    #5781,#5782,#5783,#5784,#5785,#5786,#5787,#5788,#5789,#5790,#5791,
    #5792,#5793,#5794,#5795,#5796,#5797,#5798,#5799,#5800,#5801,#5802,
    #5803,#5804,#5805,#5806,#5807,#5808,#5809,#5810,#5811,#5812,#5813,
    #5814,#5815,#5816,#5817,#5818,#5819,#5820,#5821,#5822,#5823,#5824,
    #5825,#5826,#5827,#5828,#5829,#5830,#5831,#5832,#5833,#5834,#5835,
    #5836,#5837,#5838,#5839,#5840,#5841,#5842,#5843,#5844,#5845,#5846,
    #5847,#5848,#5849,#5850,#5851,#5852,#5853,#5854,#5855,#5856,#5857,
    #5858,#5859,#5860,#5861,#5862,#5863,#5864,#5865,#5866,#5867,#5868,
    #5869,#5870,#5871,#5872,#5873,#5874,#5875,#5876,#5877,#5878,#5879,
    #5880,#5881,#5882,#5883,#5884,#5885,#5886,#5887,#5888,#5889,#5890,
    #5891,#5892,#5893,#5894,#5895,#5896,#5897,#5898,#5899,#5900,#5901,
    #5902,#5903,#5904,#5905,#5906,#5907,#5908,#5909,#5910,#5911,#5912,
    #5913,#5914,#5915,#5916,#5917,#5918,#5919,#5920,#5921,#5922,#5923,
    #5924,#5925,#5926,#5927,#5928,#5929,#5930,#5931,#5932,#5933,#5934,
    #5935,#5936,#5937,#5938,#5939,#5940,#5941,#5942,#5943,#5944,#5945,
    #5946,#5947,#5948,#5949,#5950,#5951,#5952,#5953,#5954,#5955,#5956,
    #5957,#5958,#5959,#5960,#5961,#5962,#5963,#5964,#5965,#5966,#5967,
    #5968,#5969,#5970,#5971,#5972,#5973,#5974,#5975,#5976,#5977,#5978,
    #5979,#5980,#5981,#5982,#5983,#5984,#5985,#5986,#5987,#5988,#5989,
    #5990,#5991,#5992,#5993,#5994,#5995,#5996,#5997,#5998,#5999,#6000,
    #6001,#6002,#6003,#6004,#6005,#6006,#6007,#6008,#6009,#6010,#6011,
    #6012,#6013),.UNSPECIFIED.,.F.,.F.,(15,13,13,13,13,13,13,13,13,13,13
    ,13,13,13,13,13,13,13,13,15),(1.456797704203E-13,16.348367827368,
    34.960780664234,45.880631880429,52.292989308671,58.705346736913,
    64.188756004388,69.672165271863,86.301078476613,99.481553995437,
    115.8299218228,132.55130421049,145.73177972931,156.69859826426,
    167.2838447527,185.56187564428,206.06638494413,238.526470427,
    256.77635960691,272.99848332239),.UNSPECIFIED.);
#5765 = CARTESIAN_POINT('',(-1.59872115546E-14,-6.));
#5766 = CARTESIAN_POINT('',(1.151751106897,-5.999999999996));
#5767 = CARTESIAN_POINT('',(2.303502213815,-6.000000000016));
#5768 = CARTESIAN_POINT('',(3.455253320657,-5.999999999954));
#5769 = CARTESIAN_POINT('',(4.607004427686,-6.000000000094));
#5770 = CARTESIAN_POINT('',(5.758755534361,-5.99999999985));
#5771 = CARTESIAN_POINT('',(6.910506641578,-6.000000000193));
#5772 = CARTESIAN_POINT('',(8.06225774811,-5.999999999799));
#5773 = CARTESIAN_POINT('',(9.214008855365,-6.000000000172));
#5774 = CARTESIAN_POINT('',(10.365759961976,-5.999999999879));
#5775 = CARTESIAN_POINT('',(11.517511069074,-6.000000000069));
#5776 = CARTESIAN_POINT('',(12.66926217586,-5.999999999968));
#5777 = CARTESIAN_POINT('',(13.821013282813,-6.000000000011));
#5778 = CARTESIAN_POINT('',(14.972764389693,-5.999999999998));
#5779 = CARTESIAN_POINT('',(17.435769764511,-6.000000000002));
#5780 = CARTESIAN_POINT('',(18.747024032365,-5.99999999999));
#5781 = CARTESIAN_POINT('',(20.058278300446,-6.000000000029));
#5782 = CARTESIAN_POINT('',(21.369532567944,-5.999999999941));
#5783 = CARTESIAN_POINT('',(22.680786836596,-6.000000000095));
#5784 = CARTESIAN_POINT('',(23.992041103387,-5.999999999875));
#5785 = CARTESIAN_POINT('',(25.303295372681,-6.000000000135));
#5786 = CARTESIAN_POINT('',(26.614549639145,-5.99999999988));
#5787 = CARTESIAN_POINT('',(27.925803908293,-6.000000000087));
#5788 = CARTESIAN_POINT('',(29.237058175325,-5.99999999995));
#5789 = CARTESIAN_POINT('',(30.548312443723,-6.000000000023));
#5790 = CARTESIAN_POINT('',(31.859566711417,-5.999999999993));
#5791 = CARTESIAN_POINT('',(33.170820979387,-6.000000000001));
#5792 = CARTESIAN_POINT('',(35.251384505441,-6.));
#5793 = CARTESIAN_POINT('',(36.02069376362,-5.999999999999));
#5794 = CARTESIAN_POINT('',(36.79000302173,-6.000000000003));
#5795 = CARTESIAN_POINT('',(37.559312280024,-5.999999999994));
#5796 = CARTESIAN_POINT('',(38.328621537922,-6.000000000007));
#5797 = CARTESIAN_POINT('',(39.097930796499,-5.999999999994));
#5798 = CARTESIAN_POINT('',(39.867240054148,-6.000000000006));
#5799 = CARTESIAN_POINT('',(40.636549312816,-5.999999999994));
#5800 = CARTESIAN_POINT('',(41.405858570576,-6.000000000007));
#5801 = CARTESIAN_POINT('',(42.175167828995,-5.999999999994));
#5802 = CARTESIAN_POINT('',(42.944477087027,-6.000000000004));
#5803 = CARTESIAN_POINT('',(43.713786345238,-5.999999999998));
#5804 = CARTESIAN_POINT('',(44.483095603389,-6.000000000001));
#5805 = CARTESIAN_POINT('',(45.704158813003,-5.999999999999));
#5806 = CARTESIAN_POINT('',(46.155912764471,-6.000000000008));
#5807 = CARTESIAN_POINT('',(46.607666715879,-5.999999999975));
#5808 = CARTESIAN_POINT('',(47.059420667397,-6.00000000005));
#5809 = CARTESIAN_POINT('',(47.511174618821,-5.999999999923));
#5810 = CARTESIAN_POINT('',(47.962928570166,-6.000000000093));
#5811 = CARTESIAN_POINT('',(48.414682521934,-5.999999999908));
#5812 = CARTESIAN_POINT('',(48.866436472896,-6.000000000074));
#5813 = CARTESIAN_POINT('',(49.318190424883,-5.999999999951));
#5814 = CARTESIAN_POINT('',(49.769944375899,-6.000000000027));
#5815 = CARTESIAN_POINT('',(50.221698327625,-5.999999999989));
#5816 = CARTESIAN_POINT('',(50.673452278948,-6.000000000003));
#5817 = CARTESIAN_POINT('',(51.125206230445,-6.));
#5818 = CARTESIAN_POINT('',(52.028714133331,-6.));
#5819 = CARTESIAN_POINT('',(52.480468084849,-6.000000000003));
#5820 = CARTESIAN_POINT('',(52.932222036073,-5.999999999988));
#5821 = CARTESIAN_POINT('',(53.383975988096,-6.000000000031));
#5822 = CARTESIAN_POINT('',(53.835729938455,-5.999999999942));
#5823 = CARTESIAN_POINT('',(54.287483891571,-6.000000000083));
#5824 = CARTESIAN_POINT('',(54.739237840987,-5.999999999905));
#5825 = CARTESIAN_POINT('',(55.190991794461,-6.000000000086));
#5826 = CARTESIAN_POINT('',(55.642745744287,-5.999999999938));
#5827 = CARTESIAN_POINT('',(56.094499696787,-6.000000000035));
#5828 = CARTESIAN_POINT('',(56.54625364772,-5.999999999986));
#5829 = CARTESIAN_POINT('',(56.99800759935,-6.000000000003));
#5830 = CARTESIAN_POINT('',(57.449761550782,-6.000000000001));
#5831 = CARTESIAN_POINT('',(58.287824567426,-5.999999999997));
#5832 = CARTESIAN_POINT('',(58.674133632882,-6.000000000021));
#5833 = CARTESIAN_POINT('',(59.060442697285,-5.999999999934));
#5834 = CARTESIAN_POINT('',(59.446751764499,-6.000000000143));
#5835 = CARTESIAN_POINT('',(59.833060826088,-5.999999999761));
#5836 = CARTESIAN_POINT('',(60.219369896649,-6.000000000322));
#5837 = CARTESIAN_POINT('',(60.605678955494,-5.999999999646));
#5838 = CARTESIAN_POINT('',(60.991988027025,-6.000000000319));
#5839 = CARTESIAN_POINT('',(61.378297087107,-5.999999999765));
#5840 = CARTESIAN_POINT('',(61.764606155796,-6.000000000141));
#5841 = CARTESIAN_POINT('',(62.150915219132,-5.999999999934));
#5842 = CARTESIAN_POINT('',(62.537224285177,-6.000000000023));
#5843 = CARTESIAN_POINT('',(62.923533350146,-5.999999999995));
#5844 = CARTESIAN_POINT('',(63.696151480701,-6.000000000005));
#5845 = CARTESIAN_POINT('',(64.082460545633,-5.999999999975));
#5846 = CARTESIAN_POINT('',(64.468769611802,-6.000000000071));
#5847 = CARTESIAN_POINT('',(64.855078674887,-5.999999999851));
#5848 = CARTESIAN_POINT('',(65.24138774393,-6.000000000244));
#5849 = CARTESIAN_POINT('',(65.627696803663,-5.999999999677));
#5850 = CARTESIAN_POINT('',(66.014005875404,-6.000000000349));
#5851 = CARTESIAN_POINT('',(66.400314934237,-5.99999999969));
#5852 = CARTESIAN_POINT('',(66.786624004673,-6.000000000225));
#5853 = CARTESIAN_POINT('',(67.172933066406,-5.999999999868));
#5854 = CARTESIAN_POINT('',(67.559242133534,-6.00000000006));
#5855 = CARTESIAN_POINT('',(67.945551197959,-5.99999999998));
#5856 = CARTESIAN_POINT('',(68.331860263426,-6.000000000003));
#5857 = CARTESIAN_POINT('',(69.889685004727,-5.999999999992));
#5858 = CARTESIAN_POINT('',(71.061200681436,-6.000000000032));
#5859 = CARTESIAN_POINT('',(72.232716356092,-5.999999999913));
#5860 = CARTESIAN_POINT('',(73.40423203578,-6.000000000177));
#5861 = CARTESIAN_POINT('',(74.575747705824,-5.999999999715));
#5862 = CARTESIAN_POINT('',(75.747263390865,-6.000000000372));
#5863 = CARTESIAN_POINT('',(76.918779056619,-5.999999999602));
#5864 = CARTESIAN_POINT('',(78.090294743076,-6.000000000351));
#5865 = CARTESIAN_POINT('',(79.261810410934,-5.999999999747));
#5866 = CARTESIAN_POINT('',(80.433326092733,-6.000000000148));
#5867 = CARTESIAN_POINT('',(81.604841765909,-5.999999999933));
#5868 = CARTESIAN_POINT('',(82.776357443377,-6.000000000021));
#5869 = CARTESIAN_POINT('',(83.94787311922,-5.999999999997));
#5870 = CARTESIAN_POINT('',(86.047960224062,-6.000000000001));
#5871 = CARTESIAN_POINT('',(86.976531652619,-6.000000000003));
#5872 = CARTESIAN_POINT('',(87.905103081119,-5.999999999986));
#5873 = CARTESIAN_POINT('',(88.833674509947,-6.000000000033));
#5874 = CARTESIAN_POINT('',(89.76224593801,-5.999999999944));
#5875 = CARTESIAN_POINT('',(90.69081736731,-6.000000000074));
#5876 = CARTESIAN_POINT('',(91.619388795083,-5.999999999922));
#5877 = CARTESIAN_POINT('',(92.547960224329,-6.000000000066));
#5878 = CARTESIAN_POINT('',(93.476531652466,-5.999999999956));
#5879 = CARTESIAN_POINT('',(94.405103081244,-6.000000000023));
#5880 = CARTESIAN_POINT('',(95.333674509749,-5.999999999991));
#5881 = CARTESIAN_POINT('',(96.262245938331,-6.000000000002));
#5882 = CARTESIAN_POINT('',(97.190817366904,-6.));
#5883 = CARTESIAN_POINT('',(99.271139902371,-5.999999999998));
#5884 = CARTESIAN_POINT('',(100.42289100928,-6.00000000001));
#5885 = CARTESIAN_POINT('',(101.57464211613,-5.99999999997));
#5886 = CARTESIAN_POINT('',(102.72639322316,-6.000000000066));
#5887 = CARTESIAN_POINT('',(103.87814432979,-5.999999999887));
#5888 = CARTESIAN_POINT('',(105.02989543718,-6.000000000155));
#5889 = CARTESIAN_POINT('',(106.18164654336,-5.999999999827));
#5890 = CARTESIAN_POINT('',(107.33339765108,-6.000000000158));
#5891 = CARTESIAN_POINT('',(108.48514875726,-5.999999999883));
#5892 = CARTESIAN_POINT('',(109.63689986463,-6.000000000069));
#5893 = CARTESIAN_POINT('',(110.78865097131,-5.999999999969));
#5894 = CARTESIAN_POINT('',(111.94040207827,-6.000000000009));
#5895 = CARTESIAN_POINT('',(113.09215318518,-5.999999999999));
#5896 = CARTESIAN_POINT('',(115.42193447078,-5.999999999999));
#5897 = CARTESIAN_POINT('',(116.5999646498,-6.000000000009));
#5898 = CARTESIAN_POINT('',(117.77799482762,-5.99999999997));
#5899 = CARTESIAN_POINT('',(118.9560250085,-6.000000000064));
#5900 = CARTESIAN_POINT('',(120.13405518351,-5.999999999897));
#5901 = CARTESIAN_POINT('',(121.31208536748,-6.000000000131));
#5902 = CARTESIAN_POINT('',(122.49011554027,-5.999999999865));
#5903 = CARTESIAN_POINT('',(123.66814572464,-6.000000000115));
#5904 = CARTESIAN_POINT('',(124.84617589899,-5.99999999992));
#5905 = CARTESIAN_POINT('',(126.02420608058,-6.000000000045));
#5906 = CARTESIAN_POINT('',(127.20223625782,-5.99999999998));
#5907 = CARTESIAN_POINT('',(128.3802664372,-6.000000000007));
#5908 = CARTESIAN_POINT('',(129.55829661575,-5.999999999999));
#5909 = CARTESIAN_POINT('',(131.66489822314,-6.000000000001));
#5910 = CARTESIAN_POINT('',(132.59346965155,-5.999999999997));
#5911 = CARTESIAN_POINT('',(133.52204108062,-6.000000000007));
#5912 = CARTESIAN_POINT('',(134.45061250806,-5.999999999988));
#5913 = CARTESIAN_POINT('',(135.3791839386,-6.000000000015));
#5914 = CARTESIAN_POINT('',(136.30775536445,-5.999999999987));
#5915 = CARTESIAN_POINT('',(137.23632679607,-6.000000000006));
#5916 = CARTESIAN_POINT('',(138.16489822184,-6.));
#5917 = CARTESIAN_POINT('',(139.09346965254,-5.999999999996));
#5918 = CARTESIAN_POINT('',(140.02204107977,-6.000000000004));
#5919 = CARTESIAN_POINT('',(140.95061250904,-5.999999999998));
#5920 = CARTESIAN_POINT('',(141.87918393732,-6.000000000001));
#5921 = CARTESIAN_POINT('',(142.80775536599,-6.));
#5922 = CARTESIAN_POINT('',(144.50894492497,-6.));
#5923 = CARTESIAN_POINT('',(145.28156305558,-6.000000000003));
#5924 = CARTESIAN_POINT('',(146.05418118547,-5.99999999999));
#5925 = CARTESIAN_POINT('',(146.82679931738,-6.000000000027));
#5926 = CARTESIAN_POINT('',(147.59941744496,-5.999999999947));
#5927 = CARTESIAN_POINT('',(148.37203557999,-6.000000000083));
#5928 = CARTESIAN_POINT('',(149.14465370458,-5.999999999899));
#5929 = CARTESIAN_POINT('',(149.91727184114,-6.000000000097));
#5930 = CARTESIAN_POINT('',(150.68988996643,-5.999999999925));
#5931 = CARTESIAN_POINT('',(151.46250810043,-6.000000000045));
#5932 = CARTESIAN_POINT('',(152.23512622894,-5.999999999979));
#5933 = CARTESIAN_POINT('',(153.00774436023,-6.000000000007));
#5934 = CARTESIAN_POINT('',(153.78036249043,-5.999999999999));
#5935 = CARTESIAN_POINT('',(155.29871680017,-6.000000000001));
#5936 = CARTESIAN_POINT('',(156.04445297919,-5.999999999998));
#5937 = CARTESIAN_POINT('',(156.79018915901,-6.000000000007));
#5938 = CARTESIAN_POINT('',(157.53592533675,-5.999999999983));
#5939 = CARTESIAN_POINT('',(158.28166151872,-6.000000000033));
#5940 = CARTESIAN_POINT('',(159.02739769374,-5.99999999995));
#5941 = CARTESIAN_POINT('',(159.77313387813,-6.00000000006));
#5942 = CARTESIAN_POINT('',(160.51887005208,-5.999999999942));
#5943 = CARTESIAN_POINT('',(161.26460623567,-6.000000000045));
#5944 = CARTESIAN_POINT('',(162.01034241188,-5.999999999972));
#5945 = CARTESIAN_POINT('',(162.75607859275,-6.000000000014));
#5946 = CARTESIAN_POINT('',(163.50181477123,-5.999999999995));
#5947 = CARTESIAN_POINT('',(164.24755095068,-6.000000000001));
#5948 = CARTESIAN_POINT('',(166.28098401385,-5.999999999997));
#5949 = CARTESIAN_POINT('',(167.56868089842,-6.000000000012));
#5950 = CARTESIAN_POINT('',(168.85637778101,-5.999999999964));
#5951 = CARTESIAN_POINT('',(170.14407466849,-6.000000000074));
#5952 = CARTESIAN_POINT('',(171.43177154671,-5.999999999883));
#5953 = CARTESIAN_POINT('',(172.71946843894,-6.000000000149));
#5954 = CARTESIAN_POINT('',(174.00716531385,-5.999999999846));
#5955 = CARTESIAN_POINT('',(175.29486220652,-6.000000000131));
#5956 = CARTESIAN_POINT('',(176.58255908396,-5.999999999909));
#5957 = CARTESIAN_POINT('',(177.87025597233,-6.000000000051));
#5958 = CARTESIAN_POINT('',(179.15795285418,-5.999999999977));
#5959 = CARTESIAN_POINT('',(180.4456497392,-6.000000000007));
#5960 = CARTESIAN_POINT('',(181.73334662303,-5.999999999999));
#5961 = CARTESIAN_POINT('',(184.46559696549,-6.000000000001));
#5962 = CARTESIAN_POINT('',(185.91015042364,-6.));
#5963 = CARTESIAN_POINT('',(187.35470388232,-5.999999999998));
#5964 = CARTESIAN_POINT('',(188.79925733988,-6.000000000008));
#5965 = CARTESIAN_POINT('',(190.24381079926,-5.999999999982));
#5966 = CARTESIAN_POINT('',(191.68836425628,-6.000000000031));
#5967 = CARTESIAN_POINT('',(193.13291771583,-5.99999999996));
#5968 = CARTESIAN_POINT('',(194.57747117308,-6.000000000041));
#5969 = CARTESIAN_POINT('',(196.02202463212,-5.999999999966));
#5970 = CARTESIAN_POINT('',(197.46657808998,-6.000000000022));
#5971 = CARTESIAN_POINT('',(198.91113154847,-5.999999999989));
#5972 = CARTESIAN_POINT('',(200.35568500672,-6.000000000004));
#5973 = CARTESIAN_POINT('',(201.80023846501,-5.999999999999));
#5974 = CARTESIAN_POINT('',(205.53162200815,-6.000000000001));
#5975 = CARTESIAN_POINT('',(207.81845209271,-5.999999999995));
#5976 = CARTESIAN_POINT('',(210.10528217829,-6.000000000014));
#5977 = CARTESIAN_POINT('',(212.3921122613,-5.999999999971));
#5978 = CARTESIAN_POINT('',(214.67894234925,-6.000000000046));
#5979 = CARTESIAN_POINT('',(216.96577242955,-5.999999999941));
#5980 = CARTESIAN_POINT('',(219.25260251968,-6.000000000064));
#5981 = CARTESIAN_POINT('',(221.53943259918,-5.999999999942));
#5982 = CARTESIAN_POINT('',(223.82626268837,-6.000000000043));
#5983 = CARTESIAN_POINT('',(226.11309277016,-5.999999999974));
#5984 = CARTESIAN_POINT('',(228.39992285662,-6.000000000012));
#5985 = CARTESIAN_POINT('',(230.68675294071,-5.999999999996));
#5986 = CARTESIAN_POINT('',(232.97358302571,-6.000000000001));
#5987 = CARTESIAN_POINT('',(236.54612739619,-6.));
#5988 = CARTESIAN_POINT('',(237.83184168191,-6.000000000001));
#5989 = CARTESIAN_POINT('',(239.11755596763,-5.999999999998));
#5990 = CARTESIAN_POINT('',(240.40327025334,-6.000000000004));
#5991 = CARTESIAN_POINT('',(241.68898453899,-5.999999999993));
#5992 = CARTESIAN_POINT('',(242.97469882491,-6.000000000009));
#5993 = CARTESIAN_POINT('',(244.2604131103,-5.999999999991));
#5994 = CARTESIAN_POINT('',(245.54612739635,-6.000000000006));
#5995 = CARTESIAN_POINT('',(246.83184168183,-5.999999999998));
#5996 = CARTESIAN_POINT('',(248.11755596765,-6.));
#5997 = CARTESIAN_POINT('',(249.40327025333,-6.));
#5998 = CARTESIAN_POINT('',(250.68898453906,-6.));
#5999 = CARTESIAN_POINT('',(251.97469882476,-6.));
#6000 = CARTESIAN_POINT('',(254.40327025336,-6.));
#6001 = CARTESIAN_POINT('',(255.54612739604,-5.999999999998));
#6002 = CARTESIAN_POINT('',(256.68898453951,-6.000000000005));
#6003 = CARTESIAN_POINT('',(257.83184168098,-5.999999999991));
#6004 = CARTESIAN_POINT('',(258.97469882613,-6.000000000013));
#6005 = CARTESIAN_POINT('',(260.11755596611,-5.999999999988));
#6006 = CARTESIAN_POINT('',(261.26041311173,-6.000000000006));
#6007 = CARTESIAN_POINT('',(262.40327025257,-6.));
#6008 = CARTESIAN_POINT('',(263.54612739652,-5.999999999997));
#6009 = CARTESIAN_POINT('',(264.68898453897,-6.000000000003));
#6010 = CARTESIAN_POINT('',(265.83184168191,-5.999999999999));
#6011 = CARTESIAN_POINT('',(266.97469882478,-6.000000000001));
#6012 = CARTESIAN_POINT('',(268.11755596762,-6.));
#6013 = CARTESIAN_POINT('',(269.26041311048,-6.));
#6014 = ( GEOMETRIC_REPRESENTATION_CONTEXT(2) 
PARAMETRIC_REPRESENTATION_CONTEXT() REPRESENTATION_CONTEXT('2D SPACE',''
  ) );
#6015 = PCURVE('',#6016,#6842);
#6016 = ( BOUNDED_SURFACE() B_SPLINE_SURFACE(2,14,(
    (#6017,#6018,#6019,#6020,#6021,#6022,#6023,#6024,#6025,#6026,#6027
      ,#6028,#6029,#6030,#6031,#6032,#6033,#6034,#6035,#6036,#6037,#6038
      ,#6039,#6040,#6041,#6042,#6043,#6044,#6045,#6046,#6047,#6048,#6049
      ,#6050,#6051,#6052,#6053,#6054,#6055,#6056,#6057,#6058,#6059,#6060
      ,#6061,#6062,#6063,#6064,#6065,#6066,#6067,#6068,#6069,#6070,#6071
      ,#6072,#6073,#6074,#6075,#6076,#6077,#6078,#6079,#6080,#6081,#6082
      ,#6083,#6084,#6085,#6086,#6087,#6088,#6089,#6090,#6091,#6092,#6093
      ,#6094,#6095,#6096,#6097,#6098,#6099,#6100,#6101,#6102,#6103,#6104
      ,#6105,#6106,#6107,#6108,#6109,#6110,#6111,#6112,#6113,#6114,#6115
      ,#6116,#6117,#6118,#6119,#6120,#6121,#6122,#6123,#6124,#6125,#6126
      ,#6127,#6128,#6129,#6130,#6131,#6132,#6133,#6134,#6135,#6136,#6137
      ,#6138,#6139,#6140,#6141,#6142,#6143,#6144,#6145,#6146,#6147,#6148
      ,#6149,#6150,#6151,#6152,#6153,#6154,#6155,#6156,#6157,#6158,#6159
      ,#6160,#6161,#6162,#6163,#6164,#6165,#6166,#6167,#6168,#6169,#6170
      ,#6171,#6172,#6173,#6174,#6175,#6176,#6177,#6178,#6179,#6180,#6181
      ,#6182,#6183,#6184,#6185,#6186,#6187,#6188,#6189,#6190,#6191,#6192
      ,#6193,#6194,#6195,#6196,#6197,#6198,#6199,#6200,#6201,#6202,#6203
      ,#6204,#6205,#6206,#6207,#6208,#6209,#6210,#6211,#6212,#6213,#6214
      ,#6215,#6216,#6217,#6218,#6219,#6220,#6221,#6222,#6223,#6224,#6225
      ,#6226,#6227,#6228,#6229,#6230,#6231,#6232,#6233,#6234,#6235,#6236
      ,#6237,#6238,#6239,#6240,#6241,#6242,#6243,#6244,#6245,#6246,#6247
      ,#6248,#6249,#6250,#6251,#6252,#6253,#6254,#6255,#6256,#6257,#6258
      ,#6259,#6260,#6261,#6262,#6263,#6264,#6265,#6266,#6267,#6268,#6269
      ,#6270,#6271,#6272,#6273,#6274,#6275,#6276,#6277,#6278,#6279,#6280
      ,#6281,#6282,#6283,#6284,#6285,#6286,#6287,#6288,#6289,#6290,#6291
      )
    ,(#6292,#6293,#6294,#6295,#6296,#6297,#6298,#6299,#6300,#6301,#6302
      ,#6303,#6304,#6305,#6306,#6307,#6308,#6309,#6310,#6311,#6312,#6313
      ,#6314,#6315,#6316,#6317,#6318,#6319,#6320,#6321,#6322,#6323,#6324
      ,#6325,#6326,#6327,#6328,#6329,#6330,#6331,#6332,#6333,#6334,#6335
      ,#6336,#6337,#6338,#6339,#6340,#6341,#6342,#6343,#6344,#6345,#6346
      ,#6347,#6348,#6349,#6350,#6351,#6352,#6353,#6354,#6355,#6356,#6357
      ,#6358,#6359,#6360,#6361,#6362,#6363,#6364,#6365,#6366,#6367,#6368
      ,#6369,#6370,#6371,#6372,#6373,#6374,#6375,#6376,#6377,#6378,#6379
      ,#6380,#6381,#6382,#6383,#6384,#6385,#6386,#6387,#6388,#6389,#6390
      ,#6391,#6392,#6393,#6394,#6395,#6396,#6397,#6398,#6399,#6400,#6401
      ,#6402,#6403,#6404,#6405,#6406,#6407,#6408,#6409,#6410,#6411,#6412
      ,#6413,#6414,#6415,#6416,#6417,#6418,#6419,#6420,#6421,#6422,#6423
      ,#6424,#6425,#6426,#6427,#6428,#6429,#6430,#6431,#6432,#6433,#6434
      ,#6435,#6436,#6437,#6438,#6439,#6440,#6441,#6442,#6443,#6444,#6445
      ,#6446,#6447,#6448,#6449,#6450,#6451,#6452,#6453,#6454,#6455,#6456
      ,#6457,#6458,#6459,#6460,#6461,#6462,#6463,#6464,#6465,#6466,#6467
      ,#6468,#6469,#6470,#6471,#6472,#6473,#6474,#6475,#6476,#6477,#6478
      ,#6479,#6480,#6481,#6482,#6483,#6484,#6485,#6486,#6487,#6488,#6489
      ,#6490,#6491,#6492,#6493,#6494,#6495,#6496,#6497,#6498,#6499,#6500
      ,#6501,#6502,#6503,#6504,#6505,#6506,#6507,#6508,#6509,#6510,#6511
      ,#6512,#6513,#6514,#6515,#6516,#6517,#6518,#6519,#6520,#6521,#6522
      ,#6523,#6524,#6525,#6526,#6527,#6528,#6529,#6530,#6531,#6532,#6533
      ,#6534,#6535,#6536,#6537,#6538,#6539,#6540,#6541,#6542,#6543,#6544
      ,#6545,#6546,#6547,#6548,#6549,#6550,#6551,#6552,#6553,#6554,#6555
      ,#6556,#6557,#6558,#6559,#6560,#6561,#6562,#6563,#6564,#6565,#6566
      )
    ,(#6567,#6568,#6569,#6570,#6571,#6572,#6573,#6574,#6575,#6576,#6577
      ,#6578,#6579,#6580,#6581,#6582,#6583,#6584,#6585,#6586,#6587,#6588
      ,#6589,#6590,#6591,#6592,#6593,#6594,#6595,#6596,#6597,#6598,#6599
      ,#6600,#6601,#6602,#6603,#6604,#6605,#6606,#6607,#6608,#6609,#6610
      ,#6611,#6612,#6613,#6614,#6615,#6616,#6617,#6618,#6619,#6620,#6621
      ,#6622,#6623,#6624,#6625,#6626,#6627,#6628,#6629,#6630,#6631,#6632
      ,#6633,#6634,#6635,#6636,#6637,#6638,#6639,#6640,#6641,#6642,#6643
      ,#6644,#6645,#6646,#6647,#6648,#6649,#6650,#6651,#6652,#6653,#6654
      ,#6655,#6656,#6657,#6658,#6659,#6660,#6661,#6662,#6663,#6664,#6665
      ,#6666,#6667,#6668,#6669,#6670,#6671,#6672,#6673,#6674,#6675,#6676
      ,#6677,#6678,#6679,#6680,#6681,#6682,#6683,#6684,#6685,#6686,#6687
      ,#6688,#6689,#6690,#6691,#6692,#6693,#6694,#6695,#6696,#6697,#6698
      ,#6699,#6700,#6701,#6702,#6703,#6704,#6705,#6706,#6707,#6708,#6709
      ,#6710,#6711,#6712,#6713,#6714,#6715,#6716,#6717,#6718,#6719,#6720
      ,#6721,#6722,#6723,#6724,#6725,#6726,#6727,#6728,#6729,#6730,#6731
      ,#6732,#6733,#6734,#6735,#6736,#6737,#6738,#6739,#6740,#6741,#6742
      ,#6743,#6744,#6745,#6746,#6747,#6748,#6749,#6750,#6751,#6752,#6753
      ,#6754,#6755,#6756,#6757,#6758,#6759,#6760,#6761,#6762,#6763,#6764
      ,#6765,#6766,#6767,#6768,#6769,#6770,#6771,#6772,#6773,#6774,#6775
      ,#6776,#6777,#6778,#6779,#6780,#6781,#6782,#6783,#6784,#6785,#6786
      ,#6787,#6788,#6789,#6790,#6791,#6792,#6793,#6794,#6795,#6796,#6797
      ,#6798,#6799,#6800,#6801,#6802,#6803,#6804,#6805,#6806,#6807,#6808
      ,#6809,#6810,#6811,#6812,#6813,#6814,#6815,#6816,#6817,#6818,#6819
      ,#6820,#6821,#6822,#6823,#6824,#6825,#6826,#6827,#6828,#6829,#6830
      ,#6831,#6832,#6833,#6834,#6835,#6836,#6837,#6838,#6839,#6840,#6841
)),.UNSPECIFIED.,.F.,.F.,.F.) B_SPLINE_SURFACE_WITH_KNOTS((3,3),(15,13,
    13,13,13,13,13,13,13,13,13,13,13,13,13,13,13,13,13,13,13,15),(0.,
    272.99848332239),(-8.443143151595,1.456797704203E-13,16.348367827368
    ,34.960780664234,45.880631880429,52.292989308671,58.705346736913,
    64.188756004388,69.672165271863,86.301078476613,99.481553995437,
    115.8299218228,132.55130421049,145.73177972931,156.69859826426,
    167.2838447527,185.56187564428,206.06638494413,238.526470427,
    256.77635960691,272.99848332239,284.00484796765),.UNSPECIFIED.) 
GEOMETRIC_REPRESENTATION_ITEM() RATIONAL_B_SPLINE_SURFACE((
    (1.,1.,1.,1.,1.,1.,1.,1.,1.,1.,1.,1.,1.,1.,1.,1.,1.,1.,1.,1.,1.,1.
      ,1.,1.,1.,1.,1.,1.,1.,1.,1.,1.,1.,1.,1.,1.,1.,1.,1.,1.,1.,1.,1.,1.
      ,1.,1.,1.,1.,1.,1.,1.,1.,1.,1.,1.,1.,1.,1.,1.,1.,1.,1.,1.,1.,1.,1.
      ,1.,1.,1.,1.,1.,1.,1.,1.,1.,1.,1.,1.,1.,1.,1.,1.,1.,1.,1.,1.,1.,1.
      ,1.,1.,1.,1.,1.,1.,1.,1.,1.,1.,1.,1.,1.,1.,1.,1.,1.,1.,1.,1.,1.,1.
      ,1.,1.,1.,1.,1.,1.,1.,1.,1.,1.,1.,1.,1.,1.,1.,1.,1.,1.,1.,1.,1.,1.
      ,1.,1.,1.,1.,1.,1.,1.,1.,1.,1.,1.,1.,1.,1.,1.,1.,1.,1.,1.,1.,1.,1.
      ,1.,1.,1.,1.,1.,1.,1.,1.,1.,1.,1.,1.,1.,1.,1.,1.,1.,1.,1.,1.,1.,1.
      ,1.,1.,1.,1.,1.,1.,1.,1.,1.,1.,1.,1.,1.,1.,1.,1.,1.,1.,1.,1.,1.,1.
      ,1.,1.,1.,1.,1.,1.,1.,1.,1.,1.,1.,1.,1.,1.,1.,1.,1.,1.,1.,1.,1.,1.
      ,1.,1.,1.,1.,1.,1.,1.,1.,1.,1.,1.,1.,1.,1.,1.,1.,1.,1.,1.,1.,1.,1.
      ,1.,1.,1.,1.,1.,1.,1.,1.,1.,1.,1.,1.,1.,1.,1.,1.,1.,1.,1.,1.,1.,1.
      ,1.,1.,1.,1.,1.,1.,1.,1.,1.,1.,1.)
    ,(0.707106781187,0.707106781187,0.707106781187,0.707106781187
      ,0.707106781187,0.707106781187,0.707106781187,0.707106781187
      ,0.707106781187,0.707106781187,0.707106781187,0.707106781187
      ,0.707106781187,0.707106781187,0.707106781186,0.707106781188
      ,0.707106781182,0.707106781196,0.707106781172,0.707106781206
      ,0.707106781165,0.707106781205,0.707106781173,0.707106781195
      ,0.707106781183,0.707106781188,0.707106781186,0.707106781187
      ,0.707106781185,0.707106781191,0.707106781178,0.707106781201
      ,0.707106781167,0.707106781208,0.707106781167,0.707106781201
      ,0.707106781178,0.707106781191,0.707106781185,0.707106781187
      ,0.707106781187,0.707106781186,0.707106781187,0.707106781185
      ,0.707106781189,0.707106781183,0.707106781191,0.707106781182
      ,0.70710678119,0.707106781184,0.707106781188,0.707106781186
      ,0.707106781187,0.707106781186,0.707106781188,0.707106781183
      ,0.707106781193,0.707106781176,0.707106781199,0.707106781173
      ,0.707106781198,0.707106781179,0.707106781191,0.707106781185
      ,0.707106781187,0.707106781186,0.707106781187,0.707106781187
      ,0.707106781186,0.707106781188,0.707106781183,0.707106781192
      ,0.707106781181,0.707106781192,0.707106781183,0.707106781188
      ,0.707106781186,0.707106781186,0.707106781187,0.707106781186
      ,0.707106781189,0.707106781178,0.707106781204,0.707106781157
      ,0.707106781225,0.707106781145,0.707106781224,0.707106781159
      ,0.707106781203,0.707106781179,0.707106781189,0.707106781186
      ,0.707106781187,0.707106781183,0.707106781196,0.707106781168
      ,0.707106781218,0.707106781145,0.707106781232,0.707106781146
      ,0.707106781216,0.707106781169,0.707106781194,0.707106781184
      ,0.707106781187,0.707106781186,0.707106781189,0.707106781179
      ,0.707106781201,0.707106781164,0.707106781216,0.707106781156
      ,0.707106781213,0.707106781168,0.707106781197,0.707106781182
      ,0.707106781188,0.707106781186,0.707106781187,0.707106781187
      ,0.707106781186,0.707106781187,0.707106781185,0.707106781188
      ,0.707106781186,0.707106781186,0.707106781187,0.707106781186
      ,0.707106781187,0.707106781186,0.707106781187,0.707106781186
      ,0.707106781187,0.707106781184,0.707106781193,0.707106781176
      ,0.707106781201,0.707106781169,0.707106781203,0.707106781175
      ,0.707106781194,0.707106781183,0.707106781187,0.707106781186
      ,0.707106781186,0.707106781188,0.707106781182,0.707106781196
      ,0.707106781172,0.707106781206,0.707106781166,0.707106781204
      ,0.707106781174,0.707106781194,0.707106781183,0.707106781188
      ,0.707106781186,0.707106781187,0.707106781186,0.707106781187
      ,0.707106781186,0.707106781187,0.707106781187,0.707106781185
      ,0.707106781189,0.707106781184,0.707106781188,0.707106781186
      ,0.707106781187,0.707106781186,0.707106781187,0.707106781186
      ,0.707106781187,0.707106781185,0.707106781187,0.707106781187
      ,0.707106781185,0.707106781188,0.707106781185,0.707106781188
      ,0.707106781186,0.707106781187,0.707106781186,0.707106781187
      ,0.707106781186,0.707106781189,0.707106781181,0.707106781196
      ,0.707106781174,0.7071067812,0.707106781174,0.707106781195
      ,0.707106781181,0.707106781189,0.707106781186,0.707106781187
      ,0.707106781186,0.707106781189,0.70710678118,0.7071067812
      ,0.707106781165,0.707106781215,0.707106781156,0.707106781213
      ,0.707106781167,0.707106781198,0.707106781182,0.707106781188
      ,0.707106781186,0.707106781187,0.707106781186,0.707106781188
      ,0.707106781185,0.707106781188,0.707106781185,0.707106781187
      ,0.707106781186,0.707106781186,0.707106781187,0.707106781186
      ,0.707106781187,0.707106781186,0.707106781187,0.707106781185
      ,0.70710678119,0.707106781179,0.7071067812,0.707106781169
      ,0.707106781206,0.707106781169,0.7071067812,0.707106781178
      ,0.70710678119,0.707106781185,0.707106781187,0.707106781186
      ,0.707106781187,0.707106781187,0.707106781186,0.707106781187
      ,0.707106781185,0.707106781188,0.707106781186,0.707106781187
      ,0.707106781186,0.707106781187,0.707106781187,0.707106781186
      ,0.707106781187,0.707106781186,0.707106781189,0.707106781181
      ,0.707106781196,0.707106781174,0.707106781199,0.707106781175
      ,0.707106781195,0.707106781182,0.707106781189,0.707106781186
      ,0.707106781187,0.707106781186,0.707106781186,0.707106781186
      ,0.707106781186,0.707106781186,0.707106781186,0.707106781186
      ,0.707106781186,0.707106781186,0.707106781186,0.707106781186
      ,0.707106781186,0.707106781186,0.707106781187)
    ,(1.,1.,1.,1.,1.,1.,1.,1.,1.,1.,1.,1.,1.,1.,1.,1.,1.,1.,1.,1.,1.,1.
      ,1.,1.,1.,1.,1.,1.,1.,1.,1.,1.,1.,1.,1.,1.,1.,1.,1.,1.,1.,1.,1.,1.
      ,1.,1.,1.,1.,1.,1.,1.,1.,1.,1.,1.,1.,1.,1.,1.,1.,1.,1.,1.,1.,1.,1.
      ,1.,1.,1.,1.,1.,1.,1.,1.,1.,1.,1.,1.,1.,1.,1.,1.,1.,1.,1.,1.,1.,1.
      ,1.,1.,1.,1.,1.,1.,1.,1.,1.,1.,1.,1.,1.,1.,1.,1.,1.,1.,1.,1.,1.,1.
      ,1.,1.,1.,1.,1.,1.,1.,1.,1.,1.,1.,1.,1.,1.,1.,1.,1.,1.,1.,1.,1.,1.
      ,1.,1.,1.,1.,1.,1.,1.,1.,1.,1.,1.,1.,1.,1.,1.,1.,1.,1.,1.,1.,1.,1.
      ,1.,1.,1.,1.,1.,1.,1.,1.,1.,1.,1.,1.,1.,1.,1.,1.,1.,1.,1.,1.,1.,1.
      ,1.,1.,1.,1.,1.,1.,1.,1.,1.,1.,1.,1.,1.,1.,1.,1.,1.,1.,1.,1.,1.,1.
      ,1.,1.,1.,1.,1.,1.,1.,1.,1.,1.,1.,1.,1.,1.,1.,1.,1.,1.,1.,1.,1.,1.
      ,1.,1.,1.,1.,1.,1.,1.,1.,1.,1.,1.,1.,1.,1.,1.,1.,1.,1.,1.,1.,1.,1.
      ,1.,1.,1.,1.,1.,1.,1.,1.,1.,1.,1.,1.,1.,1.,1.,1.,1.,1.,1.,1.,1.,1.
,1.,1.,1.,1.,1.,1.,1.,1.,1.,1.,1.
  ))) REPRESENTATION_ITEM('') SURFACE() );
#6017 = CARTESIAN_POINT('',(31.557523998743,26.106137865645,
    -8.999999999998));
#6018 = CARTESIAN_POINT('',(32.426077527696,26.095218507664,-9.));
#6019 = CARTESIAN_POINT('',(33.253781898363,26.084812700738,
    -9.000000000002));
#6020 = CARTESIAN_POINT('',(34.040637110742,26.074920444869,
    -9.000000000004));
#6021 = CARTESIAN_POINT('',(34.786643164836,26.065541740055,
    -9.000000000005));
#6022 = CARTESIAN_POINT('',(35.491800060642,26.056676586298,
    -9.000000000006));
#6023 = CARTESIAN_POINT('',(36.156107798162,26.048324983596,
    -9.000000000007));
#6024 = CARTESIAN_POINT('',(36.779566377395,26.040486931951,
    -9.000000000007));
#6025 = CARTESIAN_POINT('',(37.362175798342,26.033162431361,
    -9.000000000007));
#6026 = CARTESIAN_POINT('',(37.903936061001,26.026351481828,
    -9.000000000007));
#6027 = CARTESIAN_POINT('',(38.404847165374,26.02005408335,
    -9.000000000006));
#6028 = CARTESIAN_POINT('',(38.864909111461,26.014270235929,
    -9.000000000005));
#6029 = CARTESIAN_POINT('',(39.284121899261,26.008999939563,
    -9.000000000004));
#6030 = CARTESIAN_POINT('',(39.662485528774,26.004243194254,
    -9.000000000002));
#6031 = CARTESIAN_POINT('',(40.653525662611,25.991783948326,
    -8.999999999996));
#6032 = CARTESIAN_POINT('',(41.420245911601,25.960237108882,
    -9.000000000019));
#6033 = CARTESIAN_POINT('',(42.29068254136,25.906013674641,
    -8.999999999947));
#6034 = CARTESIAN_POINT('',(43.255357348477,25.829767840382,
    -9.00000000011));
#6035 = CARTESIAN_POINT('',(44.304792124622,25.73215379684,
    -8.999999999822));
#6036 = CARTESIAN_POINT('',(45.429508670297,25.613825742022,
    -9.000000000232));
#6037 = CARTESIAN_POINT('',(46.620028772928,25.47543786315,
    -8.999999999754));
#6038 = CARTESIAN_POINT('',(47.866874236146,25.317644360841,
    -9.000000000214));
#6039 = CARTESIAN_POINT('',(49.160566846619,25.141099421651,
    -8.999999999846));
#6040 = CARTESIAN_POINT('',(50.491628406092,24.946457244674,
    -9.00000000009));
#6041 = CARTESIAN_POINT('',(51.850580704912,24.734372019497,
    -8.999999999958));
#6042 = CARTESIAN_POINT('',(53.227945540732,24.505497941811,
    -9.000000000015));
#6043 = CARTESIAN_POINT('',(54.614244707276,24.26048920403,
    -8.999999999997));
#6044 = CARTESIAN_POINT('',(57.57766511443,23.703436290636,
    -9.000000000004));
#6045 = CARTESIAN_POINT('',(59.154625284414,23.386807515185,
    -8.999999999983));
#6046 = CARTESIAN_POINT('',(60.714333363255,23.041810962426,
    -9.000000000046));
#6047 = CARTESIAN_POINT('',(62.240242201444,22.660143919276,
    -8.999999999907));
#6048 = CARTESIAN_POINT('',(63.715804655818,22.233503676927,
    -9.000000000147));
#6049 = CARTESIAN_POINT('',(65.124473571711,21.753587518659,
    -8.999999999809));
#6050 = CARTESIAN_POINT('',(66.44970181178,21.212092739896,
    -9.000000000206));
#6051 = CARTESIAN_POINT('',(67.674942216626,20.60071662038,
    -8.999999999816));
#6052 = CARTESIAN_POINT('',(68.78364765076,19.911156456996,
    -9.000000000136));
#6053 = CARTESIAN_POINT('',(69.759270956624,19.135109530752,
    -8.999999999919));
#6054 = CARTESIAN_POINT('',(70.585264993913,18.264273135071,
    -9.000000000037));
#6055 = CARTESIAN_POINT('',(71.24508261102,17.290344555249,
    -8.999999999988));
#6056 = CARTESIAN_POINT('',(71.722176662423,16.205021080959,
    -9.000000000002));
#6057 = CARTESIAN_POINT('',(72.162998184998,14.293017459278,-9.));
#6058 = CARTESIAN_POINT('',(72.257404670334,13.544833368528,-9.));
#6059 = CARTESIAN_POINT('',(72.283109208984,12.765467223964,
    -9.000000000001));
#6060 = CARTESIAN_POINT('',(72.240001553853,11.964938521751,-9.));
#6061 = CARTESIAN_POINT('',(72.127971458,11.153266758291,-8.999999999997
    ));
#6062 = CARTESIAN_POINT('',(71.946908674345,10.340471429412,
    -9.000000000007));
#6063 = CARTESIAN_POINT('',(71.696702955799,9.536572031965,
    -8.999999999992));
#6064 = CARTESIAN_POINT('',(71.377244055433,8.751588061329,
    -9.000000000004));
#6065 = CARTESIAN_POINT('',(70.988421726191,7.995539014647,
    -9.000000000002));
#6066 = CARTESIAN_POINT('',(70.530125720888,7.278444387287,
    -8.999999999995));
#6067 = CARTESIAN_POINT('',(70.002245792784,6.610323676113,
    -9.000000000005));
#6068 = CARTESIAN_POINT('',(69.40467169452,6.001196376942,
    -8.999999999997));
#6069 = CARTESIAN_POINT('',(68.737293179322,5.46108198619,
    -9.000000000002));
#6070 = CARTESIAN_POINT('',(67.567046537384,4.729243334856,
    -8.999999999998));
#6071 = CARTESIAN_POINT('',(67.109984570046,4.485739223022,
    -9.000000000012));
#6072 = CARTESIAN_POINT('',(66.631869795394,4.267310898406,
    -8.999999999964));
#6073 = CARTESIAN_POINT('',(66.135757913281,4.071781595005,
    -9.000000000074));
#6074 = CARTESIAN_POINT('',(65.624704618011,3.896974546664,
    -8.999999999884));
#6075 = CARTESIAN_POINT('',(65.10176561378,3.740712987409,
    -9.000000000144));
#6076 = CARTESIAN_POINT('',(64.569996590388,3.600820151144,
    -8.999999999853));
#6077 = CARTESIAN_POINT('',(64.032453255105,3.475119271726,
    -9.000000000123));
#6078 = CARTESIAN_POINT('',(63.492191297302,3.361433583286,
    -8.999999999915));
#6079 = CARTESIAN_POINT('',(62.952266421934,3.257586319506,
    -9.000000000048));
#6080 = CARTESIAN_POINT('',(62.415734322421,3.161400714553,
    -8.999999999979));
#6081 = CARTESIAN_POINT('',(61.885650699388,3.070700002209,
    -9.000000000006));
#6082 = CARTESIAN_POINT('',(61.365071249735,2.983307416484,
    -8.999999999999));
#6083 = CARTESIAN_POINT('',(60.349032094044,2.810784966099,-9.));
#6084 = CARTESIAN_POINT('',(59.853572387949,2.725655101428,
    -9.000000000004));
#6085 = CARTESIAN_POINT('',(59.373728251516,2.639479831285,
    -8.999999999982));
#6086 = CARTESIAN_POINT('',(58.912555383347,2.550082389404,
    -9.000000000045));
#6087 = CARTESIAN_POINT('',(58.473109480066,2.455286010144,
    -8.999999999918));
#6088 = CARTESIAN_POINT('',(58.058446242468,2.352913926746,
    -9.000000000115));
#6089 = CARTESIAN_POINT('',(57.671621364451,2.240789374071,
    -8.999999999874));
#6090 = CARTESIAN_POINT('',(57.3156905491,2.116735585038,-9.00000000011)
  );
#6091 = CARTESIAN_POINT('',(56.993709489508,1.978575794516,
    -8.999999999925));
#6092 = CARTESIAN_POINT('',(56.708733887692,1.824133235726,
    -9.00000000004));
#6093 = CARTESIAN_POINT('',(56.463819439139,1.651231143061,
    -8.999999999985));
#6094 = CARTESIAN_POINT('',(56.262021843191,1.457692750214,
    -9.000000000002));
#6095 = CARTESIAN_POINT('',(56.106396797437,1.241341291227,
    -9.000000000001));
#6096 = CARTESIAN_POINT('',(55.909016739673,0.79362144301,
    -8.999999999996));
#6097 = CARTESIAN_POINT('',(55.854031636158,0.568969071213,
    -9.000000000027));
#6098 = CARTESIAN_POINT('',(55.83348019736,0.327220861262,
    -8.999999999917));
#6099 = CARTESIAN_POINT('',(55.845797935588,6.955479003551E-02,
    -9.000000000179));
#6100 = CARTESIAN_POINT('',(55.889420352765,-0.202851166092,
    -8.999999999703));
#6101 = CARTESIAN_POINT('',(55.962782970127,-0.488819029848,
    -9.000000000394));
#6102 = CARTESIAN_POINT('',(56.064321279507,-0.787170825275,
    -8.999999999575));
#6103 = CARTESIAN_POINT('',(56.192470810111,-1.096728574807,
    -9.000000000376));
#6104 = CARTESIAN_POINT('',(56.345667051084,-1.416314302535,
    -8.999999999727));
#6105 = CARTESIAN_POINT('',(56.522345527946,-1.744750031112,
    -9.000000000162));
#6106 = CARTESIAN_POINT('',(56.720941738244,-2.080857784236,
    -8.999999999924));
#6107 = CARTESIAN_POINT('',(56.93989119765,-2.423459584975,
    -9.000000000027));
#6108 = CARTESIAN_POINT('',(57.177629412062,-2.771377456707,
    -8.999999999994));
#6109 = CARTESIAN_POINT('',(57.687554371254,-3.475489388675,
    -9.000000000006));
#6110 = CARTESIAN_POINT('',(57.959741115487,-3.831683448911,
    -8.999999999971));
#6111 = CARTESIAN_POINT('',(58.24758763472,-4.190837626708,
    -9.000000000082));
#6112 = CARTESIAN_POINT('',(58.549529434315,-4.551773945283,
    -8.999999999828));
#6113 = CARTESIAN_POINT('',(58.864002031013,-4.913314428075,
    -9.000000000281));
#6114 = CARTESIAN_POINT('',(59.189440920753,-5.274281098111,
    -8.999999999629));
#6115 = CARTESIAN_POINT('',(59.524281630918,-5.633495979026,
    -9.0000000004));
#6116 = CARTESIAN_POINT('',(59.866959649014,-5.989781093732,
    -8.999999999646));
#6117 = CARTESIAN_POINT('',(60.215910505279,-6.341958465838,
    -9.000000000256));
#6118 = CARTESIAN_POINT('',(60.569569691169,-6.688850118406,
    -8.99999999985));
#6119 = CARTESIAN_POINT('',(60.92637272789,-7.029278074851,
    -9.000000000069));
#6120 = CARTESIAN_POINT('',(61.284755117501,-7.362064358393,
    -8.999999999977));
#6121 = CARTESIAN_POINT('',(61.643152372234,-7.686030992354,
    -9.000000000004));
#6122 = CARTESIAN_POINT('',(63.082171317167,-8.952138190392,
    -8.99999999999));
#6123 = CARTESIAN_POINT('',(64.150091366685,-9.812332398736,
    -9.000000000043));
#6124 = CARTESIAN_POINT('',(65.201415275571,-10.59442044809,
    -8.999999999882));
#6125 = CARTESIAN_POINT('',(66.233798178081,-11.31224016269,
    -9.000000000242));
#6126 = CARTESIAN_POINT('',(67.24489519238,-11.97962936409,
    -8.999999999609));
#6127 = CARTESIAN_POINT('',(68.232361465589,-12.61042587875,
    -9.000000000513));
#6128 = CARTESIAN_POINT('',(69.193852101585,-13.21846752568,
    -8.999999999448));
#6129 = CARTESIAN_POINT('',(70.127022258563,-13.81759213339,
    -9.000000000489));
#6130 = CARTESIAN_POINT('',(71.029527036943,-14.42163752015,
    -8.999999999645));
#6131 = CARTESIAN_POINT('',(71.899021589284,-15.0444415136,
    -9.000000000208));
#6132 = CARTESIAN_POINT('',(72.73316102833,-15.69984193411,
    -8.999999999906));
#6133 = CARTESIAN_POINT('',(73.529600492327,-16.40167660679,
    -9.00000000003));
#6134 = CARTESIAN_POINT('',(74.285995106077,-17.1637833542,
    -8.999999999996));
#6135 = CARTESIAN_POINT('',(75.565937407242,-18.66280537353,
    -9.000000000001));
#6136 = CARTESIAN_POINT('',(76.105243354673,-19.37217049734,
    -9.000000000006));
#6137 = CARTESIAN_POINT('',(76.61654514734,-20.12392995233,
    -8.999999999975));
#6138 = CARTESIAN_POINT('',(77.098470091672,-20.91391831995,
    -9.000000000059));
#6139 = CARTESIAN_POINT('',(77.549645490448,-21.73797018031,
    -8.999999999897));
#6140 = CARTESIAN_POINT('',(77.968698653557,-22.59192011607,
    -9.00000000014));
#6141 = CARTESIAN_POINT('',(78.354256879882,-23.47160270597,
    -8.999999999846));
#6142 = CARTESIAN_POINT('',(78.704947482299,-24.37285253373,
    -9.000000000137));
#6143 = CARTESIAN_POINT('',(79.019397758862,-25.29150417778,
    -8.999999999901));
#6144 = CARTESIAN_POINT('',(79.296235020769,-26.22339222127,
    -9.000000000056));
#6145 = CARTESIAN_POINT('',(79.534086569475,-27.16435124383,
    -8.999999999975));
#6146 = CARTESIAN_POINT('',(79.731579712418,-28.11021582725,
    -9.000000000007));
#6147 = CARTESIAN_POINT('',(79.887341754058,-29.05682055227,
    -8.999999999999));
#6148 = CARTESIAN_POINT('',(80.139735356336,-31.16987012468,
    -8.999999999999));
#6149 = CARTESIAN_POINT('',(80.213157180848,-32.33447059204,
    -9.000000000007));
#6150 = CARTESIAN_POINT('',(80.225974913799,-33.49407985529,
    -8.999999999977));
#6151 = CARTESIAN_POINT('',(80.183897997203,-34.6489763688,
    -9.000000000052));
#6152 = CARTESIAN_POINT('',(80.09263586882,-35.79943858416,
    -8.999999999907));
#6153 = CARTESIAN_POINT('',(79.957897974612,-36.94574495828,
    -9.000000000134));
#6154 = CARTESIAN_POINT('',(79.785393747514,-38.08817393967,
    -8.999999999844));
#6155 = CARTESIAN_POINT('',(79.580832637761,-39.22700398794,
    -9.000000000146));
#6156 = CARTESIAN_POINT('',(79.349924076312,-40.36251355038,
    -8.99999999989));
#6157 = CARTESIAN_POINT('',(79.098377512107,-41.49498108575,
    -9.000000000065));
#6158 = CARTESIAN_POINT('',(78.831902380131,-42.6246850439,
    -8.999999999972));
#6159 = CARTESIAN_POINT('',(78.556208124268,-43.75190388038,
    -9.000000000008));
#6160 = CARTESIAN_POINT('',(78.27700418386,-44.87691604783,-9.));
#6161 = CARTESIAN_POINT('',(77.716675515834,-47.14870893631,
    -8.999999999998));
#6162 = CARTESIAN_POINT('',(77.435652315585,-48.29540066289,
    -9.000000000019));
#6163 = CARTESIAN_POINT('',(77.156263161849,-49.44035441253,
    -8.999999999943));
#6164 = CARTESIAN_POINT('',(76.877840821242,-50.58384942072,
    -9.00000000012));
#6165 = CARTESIAN_POINT('',(76.599718051045,-51.72616491672,
    -8.999999999808));
#6166 = CARTESIAN_POINT('',(76.321227625484,-52.86758014109,
    -9.000000000244));
#6167 = CARTESIAN_POINT('',(76.041702293739,-54.00837431764,
    -8.999999999747));
#6168 = CARTESIAN_POINT('',(75.76047483579,-55.14882669084,
    -9.000000000215));
#6169 = CARTESIAN_POINT('',(75.476877999749,-56.28921648374,
    -8.99999999985));
#6170 = CARTESIAN_POINT('',(75.19024456161,-57.42982293818,
    -9.000000000085));
#6171 = CARTESIAN_POINT('',(74.899907276741,-58.57092528204,
    -8.999999999962));
#6172 = CARTESIAN_POINT('',(74.605198913336,-59.71280275192,
    -9.000000000012));
#6173 = CARTESIAN_POINT('',(74.305452232983,-60.85573457992,
    -8.999999999998));
#6174 = CARTESIAN_POINT('',(73.759230093197,-62.9019566688,
    -9.000000000001));
#6175 = CARTESIAN_POINT('',(73.514915192176,-63.80474192967,
    -8.999999999997));
#6176 = CARTESIAN_POINT('',(73.263465662885,-64.70642502648,
    -9.000000000006));
#6177 = CARTESIAN_POINT('',(73.001291870992,-65.60507520305,
    -8.999999999993));
#6178 = CARTESIAN_POINT('',(72.724804182484,-66.4987617031,
    -9.000000000002));
#6179 = CARTESIAN_POINT('',(72.430412963339,-67.38555377096,
    -9.000000000012));
#6180 = CARTESIAN_POINT('',(72.114528578603,-68.26352064934,
    -8.999999999969));
#6181 = CARTESIAN_POINT('',(71.773561395824,-69.13073158396,
    -9.000000000045));
#6182 = CARTESIAN_POINT('',(71.403921778365,-69.98525581626,
    -8.999999999955));
#6183 = CARTESIAN_POINT('',(71.002020094765,-70.82516259249,
    -9.000000000033));
#6184 = CARTESIAN_POINT('',(70.564266708586,-71.64852115456,
    -8.999999999982));
#6185 = CARTESIAN_POINT('',(70.087071987172,-72.45340074754,
    -9.000000000006));
#6186 = CARTESIAN_POINT('',(69.566846295603,-73.23787061467,
    -8.999999999999));
#6187 = CARTESIAN_POINT('',(68.528355372896,-74.63412997938,
    -9.000000000001));
#6188 = CARTESIAN_POINT('',(68.024434942957,-75.25279347133,
    -8.999999999999));
#6189 = CARTESIAN_POINT('',(67.489722564085,-75.85195099955,
    -8.999999999998));
#6190 = CARTESIAN_POINT('',(66.925702090521,-76.42756308809,
    -9.000000000014));
#6191 = CARTESIAN_POINT('',(66.333857375252,-76.97559025971,
    -8.999999999961));
#6192 = CARTESIAN_POINT('',(65.71567227446,-77.49199304045,
    -9.000000000072));
#6193 = CARTESIAN_POINT('',(65.072630638144,-77.97273195003,
    -8.999999999903));
#6194 = CARTESIAN_POINT('',(64.406216325747,-78.41376751778,
    -9.000000000099));
#6195 = CARTESIAN_POINT('',(63.717913185095,-78.81106026125,
    -8.999999999921));
#6196 = CARTESIAN_POINT('',(63.009205075663,-79.16057070977,
    -9.000000000049));
#6197 = CARTESIAN_POINT('',(62.281575847342,-79.458259383,
    -8.999999999976));
#6198 = CARTESIAN_POINT('',(61.536509356495,-79.70008680712,
    -9.000000000008));
#6199 = CARTESIAN_POINT('',(60.775489455927,-79.88201350473,
    -8.999999999998));
#6200 = CARTESIAN_POINT('',(59.251492398272,-80.11388135316,
    -9.000000000002));
#6201 = CARTESIAN_POINT('',(58.489504612326,-80.16819448346,
    -8.99999999999));
#6202 = CARTESIAN_POINT('',(57.718722915019,-80.16520963671,
    -9.00000000003));
#6203 = CARTESIAN_POINT('',(56.943833577742,-80.1071970571,
    -8.999999999934));
#6204 = CARTESIAN_POINT('',(56.169522875339,-79.99642699284,
    -9.000000000113));
#6205 = CARTESIAN_POINT('',(55.400477076116,-79.83516968421,
    -8.999999999846));
#6206 = CARTESIAN_POINT('',(54.641382458567,-79.6256953843,
    -9.000000000171));
#6207 = CARTESIAN_POINT('',(53.89692528795,-79.37027432899,
    -8.999999999845));
#6208 = CARTESIAN_POINT('',(53.17179184397,-79.07117677355,
    -9.000000000114));
#6209 = CARTESIAN_POINT('',(52.470668393032,-78.73067295487,
    -8.999999999932));
#6210 = CARTESIAN_POINT('',(51.798241211868,-78.3510331245,
    -9.000000000032));
#6211 = CARTESIAN_POINT('',(51.15919657048,-77.93452752418,
    -8.999999999988));
#6212 = CARTESIAN_POINT('',(50.558220742508,-77.4834264011,
    -9.000000000003));
#6213 = CARTESIAN_POINT('',(49.036094625946,-76.16524544772,
    -8.999999999995));
#6214 = CARTESIAN_POINT('',(48.199670011756,-75.23410818651,
    -9.000000000024));
#6215 = CARTESIAN_POINT('',(47.479445733863,-74.21608653987,
    -8.999999999932));
#6216 = CARTESIAN_POINT('',(46.864141371579,-73.12067883664,
    -9.00000000014));
#6217 = CARTESIAN_POINT('',(46.342476497769,-71.95738339353,
    -8.999999999777));
#6218 = CARTESIAN_POINT('',(45.903170696829,-70.73569854924,
    -9.000000000285));
#6219 = CARTESIAN_POINT('',(45.534943536229,-69.4651226097,
    -8.999999999705));
#6220 = CARTESIAN_POINT('',(45.226514604147,-68.15515392168,
    -9.000000000251));
#6221 = CARTESIAN_POINT('',(44.966603467447,-66.81529078898,
    -8.999999999825));
#6222 = CARTESIAN_POINT('',(44.743929711538,-65.45503155372,
    -9.000000000099));
#6223 = CARTESIAN_POINT('',(44.547212908188,-64.0838745291,
    -8.999999999956));
#6224 = CARTESIAN_POINT('',(44.365172637595,-62.71131804665,
    -9.000000000014));
#6225 = CARTESIAN_POINT('',(44.186528475648,-61.3468604283,
    -8.999999999998));
#6226 = CARTESIAN_POINT('',(43.790750169622,-58.48907618431,
    -9.000000000002));
#6227 = CARTESIAN_POINT('',(43.571578233553,-57.00029775515,
    -8.999999999995));
#6228 = CARTESIAN_POINT('',(43.344771030459,-55.53129576563,
    -9.000000000011));
#6229 = CARTESIAN_POINT('',(43.112615398763,-54.07970126809,
    -8.999999999984));
#6230 = CARTESIAN_POINT('',(42.877398177184,-52.64314531619,
    -9.000000000018));
#6231 = CARTESIAN_POINT('',(42.641406204295,-51.21925896177,
    -8.999999999987));
#6232 = CARTESIAN_POINT('',(42.406926318347,-49.80567325869,
    -9.000000000004));
#6233 = CARTESIAN_POINT('',(42.17624535865,-48.40001925906,
    -9.000000000005));
#6234 = CARTESIAN_POINT('',(41.951650162711,-46.9999280161,
    -8.999999999991));
#6235 = CARTESIAN_POINT('',(41.735427570256,-45.60303058262,
    -9.000000000008));
#6236 = CARTESIAN_POINT('',(41.529864418879,-44.20695801135,
    -8.999999999995));
#6237 = CARTESIAN_POINT('',(41.337247547815,-42.8093413553,
    -9.000000000002));
#6238 = CARTESIAN_POINT('',(41.159863795283,-41.40781166721,
    -8.999999999999));
#6239 = CARTESIAN_POINT('',(40.746924328469,-37.77133476381,
    -9.000000000002));
#6240 = CARTESIAN_POINT('',(40.537755640106,-35.52692618133,
    -8.999999999992));
#6241 = CARTESIAN_POINT('',(40.368503616356,-33.26851589509,
    -9.000000000024));
#6242 = CARTESIAN_POINT('',(40.235177937435,-30.99784554691,
    -8.999999999949));
#6243 = CARTESIAN_POINT('',(40.133788286366,-28.71665678027,
    -9.000000000086));
#6244 = CARTESIAN_POINT('',(40.060344341019,-26.42669123562,
    -8.999999999884));
#6245 = CARTESIAN_POINT('',(40.010855787093,-24.12969055797,
    -9.000000000128));
#6246 = CARTESIAN_POINT('',(39.981332300285,-21.82739638658,
    -8.999999999883));
#6247 = CARTESIAN_POINT('',(39.967783567117,-19.52155036681,
    -9.000000000087));
#6248 = CARTESIAN_POINT('',(39.96621926417,-17.21389413855,
    -8.999999999947));
#6249 = CARTESIAN_POINT('',(39.972649075749,-14.90616934585,
    -9.000000000025));
#6250 = CARTESIAN_POINT('',(39.98308268112,-12.60011763009,
    -8.999999999992));
#6251 = CARTESIAN_POINT('',(39.993529762269,-10.29748063407,
    -9.000000000002));
#6252 = CARTESIAN_POINT('',(40.00363773292,-6.708297703435,
    -8.999999999999));
#6253 = CARTESIAN_POINT('',(40.006018395395,-5.41822532033,
    -9.000000000003));
#6254 = CARTESIAN_POINT('',(40.007316342065,-4.129605680351,
    -8.999999999991));
#6255 = CARTESIAN_POINT('',(40.007705928241,-2.84226161348,
    -9.000000000021));
#6256 = CARTESIAN_POINT('',(40.007361507665,-1.556015948962,
    -8.999999999962));
#6257 = CARTESIAN_POINT('',(40.00645743702,-0.270691517431,
    -9.000000000055));
#6258 = CARTESIAN_POINT('',(40.005168068469,1.013888852657,
    -8.999999999937));
#6259 = CARTESIAN_POINT('',(40.003667759939,2.297902329966,
    -9.000000000057));
#6260 = CARTESIAN_POINT('',(40.002130863221,3.581526086386,
    -8.999999999959));
#6261 = CARTESIAN_POINT('',(40.000731735575,4.864937290747,
    -9.000000000023));
#6262 = CARTESIAN_POINT('',(39.999644730179,6.148313114328,
    -8.99999999999));
#6263 = CARTESIAN_POINT('',(39.99904420275,7.43183072677,-9.000000000003
    ));
#6264 = CARTESIAN_POINT('',(39.999104507708,8.715667298609,
    -8.999999999999));
#6265 = CARTESIAN_POINT('',(40.000795993148,11.141629067905,-9.));
#6266 = CARTESIAN_POINT('',(40.002251887372,12.28365013941,
    -8.999999999998));
#6267 = CARTESIAN_POINT('',(40.004172092295,13.426012447328,
    -9.000000000004));
#6268 = CARTESIAN_POINT('',(40.00636101753,14.568665224207,
    -8.999999999995));
#6269 = CARTESIAN_POINT('',(40.008623072583,15.711557703246,
    -9.000000000002));
#6270 = CARTESIAN_POINT('',(40.010762667425,16.85463911641,
    -9.000000000008));
#6271 = CARTESIAN_POINT('',(40.012584210828,17.997858697571,
    -8.999999999976));
#6272 = CARTESIAN_POINT('',(40.013892113824,19.141165678121,
    -9.000000000035));
#6273 = CARTESIAN_POINT('',(40.014490784151,20.284509292219,
    -8.999999999966));
#6274 = CARTESIAN_POINT('',(40.014184633355,21.427838771352,
    -9.000000000025));
#6275 = CARTESIAN_POINT('',(40.012778069445,22.571103349234,
    -8.999999999987));
#6276 = CARTESIAN_POINT('',(40.010075503079,23.714252257998,
    -9.000000000005));
#6277 = CARTESIAN_POINT('',(40.005881343324,24.857234730712,
    -8.999999999999));
#6278 = CARTESIAN_POINT('',(39.996009634104,26.77534184046,
    -9.000000000001));
#6279 = CARTESIAN_POINT('',(39.992010703768,27.552347781105,
    -9.000000000002));
#6280 = CARTESIAN_POINT('',(39.988003208992,28.331017821935,
    -9.000000000002));
#6281 = CARTESIAN_POINT('',(39.983987149777,29.11135196295,
    -9.000000000003));
#6282 = CARTESIAN_POINT('',(39.979962526121,29.89335020415,
    -9.000000000004));
#6283 = CARTESIAN_POINT('',(39.975929338025,30.677012545535,
    -9.000000000005));
#6284 = CARTESIAN_POINT('',(39.97188758549,31.462338987106,
    -9.000000000005));
#6285 = CARTESIAN_POINT('',(39.967837268514,32.249329528861,
    -9.000000000006));
#6286 = CARTESIAN_POINT('',(39.963778387099,33.037984170801,
    -9.000000000007));
#6287 = CARTESIAN_POINT('',(39.959710941244,33.828302912927,
    -9.000000000008));
#6288 = CARTESIAN_POINT('',(39.955634930948,34.620285755238,
    -9.000000000009));
#6289 = CARTESIAN_POINT('',(39.951550356213,35.413932697733,
    -9.000000000009));
#6290 = CARTESIAN_POINT('',(39.947457217038,36.209243740414,
    -9.00000000001));
#6291 = CARTESIAN_POINT('',(39.943355513423,37.00621888328,
    -9.000000000011));
#6292 = CARTESIAN_POINT('',(31.557523998742,26.106137865558,-15.));
#6293 = CARTESIAN_POINT('',(32.426077527688,26.095218507579,-15.));
#6294 = CARTESIAN_POINT('',(33.253781898348,26.084812700657,-15.));
#6295 = CARTESIAN_POINT('',(34.040637110723,26.074920444791,-15.));
#6296 = CARTESIAN_POINT('',(34.786643164811,26.065541739982,-15.));
#6297 = CARTESIAN_POINT('',(35.491800060614,26.056676586229,-15.));
#6298 = CARTESIAN_POINT('',(36.156107798132,26.048324983533,-15.));
#6299 = CARTESIAN_POINT('',(36.779566377364,26.040486931894,-15.));
#6300 = CARTESIAN_POINT('',(37.362175798311,26.033162431311,-15.));
#6301 = CARTESIAN_POINT('',(37.903936060972,26.026351481784,-15.));
#6302 = CARTESIAN_POINT('',(38.404847165348,26.020054083314,-15.));
#6303 = CARTESIAN_POINT('',(38.864909111439,26.014270235901,-15.));
#6304 = CARTESIAN_POINT('',(39.284121899244,26.008999939544,-15.));
#6305 = CARTESIAN_POINT('',(39.662485528765,26.004243194244,-15.));
#6306 = CARTESIAN_POINT('',(40.653525662629,25.991783948345,-15.));
#6307 = CARTESIAN_POINT('',(41.420245911517,25.960237108792,-15.));
#6308 = CARTESIAN_POINT('',(42.290682541598,25.906013674899,
    -14.99999999999));
#6309 = CARTESIAN_POINT('',(43.255357347979,25.829767839832,
    -15.00000000001));
#6310 = CARTESIAN_POINT('',(44.304792125436,25.732153797763,
    -14.99999999998));
#6311 = CARTESIAN_POINT('',(45.42950866923,25.613825740766,
    -15.00000000002));
#6312 = CARTESIAN_POINT('',(46.62002877407,25.475437864552,
    -14.99999999997));
#6313 = CARTESIAN_POINT('',(47.866874235142,25.317644359551,
    -15.00000000002));
#6314 = CARTESIAN_POINT('',(49.160566847349,25.141099422628,
    -14.99999999998));
#6315 = CARTESIAN_POINT('',(50.491628405655,24.94645724407,-15.));
#6316 = CARTESIAN_POINT('',(51.850580705121,24.734372019793,
    -14.99999999999));
#6317 = CARTESIAN_POINT('',(53.227945540656,24.505497941702,-15.));
#6318 = CARTESIAN_POINT('',(54.614244707293,24.260489204055,-15.));
#6319 = CARTESIAN_POINT('',(57.577665114407,23.703436290605,-15.));
#6320 = CARTESIAN_POINT('',(59.154625284526,23.386807515335,-15.));
#6321 = CARTESIAN_POINT('',(60.714333362931,23.041810961993,
    -14.99999999999));
#6322 = CARTESIAN_POINT('',(62.240242202127,22.66014392019,-15.));
#6323 = CARTESIAN_POINT('',(63.715804654685,22.233503675404,
    -14.99999999999));
#6324 = CARTESIAN_POINT('',(65.124473573247,21.753587520716,
    -15.00000000001));
#6325 = CARTESIAN_POINT('',(66.449701810056,21.212092737617,
    -14.99999999998));
#6326 = CARTESIAN_POINT('',(67.674942218226,20.600716622453,
    -15.00000000001));
#6327 = CARTESIAN_POINT('',(68.783647649543,19.91115645546,
    -14.99999999999));
#6328 = CARTESIAN_POINT('',(69.75927095737,19.135109531667,-15.));
#6329 = CARTESIAN_POINT('',(70.585264993559,18.264273134649,
    -14.99999999999));
#6330 = CARTESIAN_POINT('',(71.245082611139,17.290344555387,-15.));
#6331 = CARTESIAN_POINT('',(71.722176662402,16.205021080936,-15.));
#6332 = CARTESIAN_POINT('',(72.162998185004,14.293017459284,-15.));
#6333 = CARTESIAN_POINT('',(72.257404670331,13.544833368529,
    -14.99999999999));
#6334 = CARTESIAN_POINT('',(72.283109208984,12.765467223939,-15.));
#6335 = CARTESIAN_POINT('',(72.240001553842,11.964938521823,
    -14.99999999998));
#6336 = CARTESIAN_POINT('',(72.127971458041,11.153266758151,
    -15.00000000001));
#6337 = CARTESIAN_POINT('',(71.946908674274,10.340471429624,
    -14.99999999997));
#6338 = CARTESIAN_POINT('',(71.696702955872,9.5365720317,-15.00000000003
    ));
#6339 = CARTESIAN_POINT('',(71.377244055394,8.751588061602,
    -14.99999999997));
#6340 = CARTESIAN_POINT('',(70.988421726187,7.995539014417,
    -15.00000000002));
#6341 = CARTESIAN_POINT('',(70.530125720919,7.278444387443,
    -14.99999999998));
#6342 = CARTESIAN_POINT('',(70.00224579275,6.61032367603,-15.));
#6343 = CARTESIAN_POINT('',(69.404671694544,6.001196376975,
    -14.99999999999));
#6344 = CARTESIAN_POINT('',(68.737293179309,5.46108198618,-15.));
#6345 = CARTESIAN_POINT('',(67.5670465374,4.729243334863,-15.));
#6346 = CARTESIAN_POINT('',(67.109984569941,4.48573922298,-15.));
#6347 = CARTESIAN_POINT('',(66.6318697957,4.267310898525,-14.99999999999
    ));
#6348 = CARTESIAN_POINT('',(66.135757912657,4.071781594764,-15.));
#6349 = CARTESIAN_POINT('',(65.624704618987,3.896974547043,
    -14.99999999998));
#6350 = CARTESIAN_POINT('',(65.101765612561,3.740712986932,
    -15.00000000001));
#6351 = CARTESIAN_POINT('',(64.56999659163,3.600820151631,
    -14.99999999998));
#6352 = CARTESIAN_POINT('',(64.032453254058,3.475119271318,
    -15.00000000001));
#6353 = CARTESIAN_POINT('',(63.492191298031,3.361433583567,
    -14.99999999998));
#6354 = CARTESIAN_POINT('',(62.95226642152,3.257586319349,-15.));
#6355 = CARTESIAN_POINT('',(62.415734322606,3.161400714624,
    -14.99999999999));
#6356 = CARTESIAN_POINT('',(61.885650699331,3.070700002185,-15.));
#6357 = CARTESIAN_POINT('',(61.365071249742,2.983307416489,-15.));
#6358 = CARTESIAN_POINT('',(60.349032094043,2.810784966093,
    -14.99999999999));
#6359 = CARTESIAN_POINT('',(59.853572387928,2.725655101452,-15.));
#6360 = CARTESIAN_POINT('',(59.373728251607,2.63947983122,
    -14.99999999998));
#6361 = CARTESIAN_POINT('',(58.912555383108,2.550082389529,
    -15.00000000002));
#6362 = CARTESIAN_POINT('',(58.473109480512,2.455286009959,
    -14.99999999995));
#6363 = CARTESIAN_POINT('',(58.058446241837,2.352913926964,
    -15.00000000006));
#6364 = CARTESIAN_POINT('',(57.671621365143,2.240789373862,
    -14.99999999992));
#6365 = CARTESIAN_POINT('',(57.315690548504,2.116735585202,
    -15.00000000006));
#6366 = CARTESIAN_POINT('',(56.993709489911,1.978575794411,
    -14.99999999995));
#6367 = CARTESIAN_POINT('',(56.708733887485,1.824133235782,
    -15.00000000002));
#6368 = CARTESIAN_POINT('',(56.463819439212,1.651231143036,
    -14.99999999998));
#6369 = CARTESIAN_POINT('',(56.262021843183,1.457692750223,-15.));
#6370 = CARTESIAN_POINT('',(56.106396797427,1.241341291225,
    -14.99999999999));
#6371 = CARTESIAN_POINT('',(55.909016739698,0.793621443014,-15.));
#6372 = CARTESIAN_POINT('',(55.854031635988,0.568969071194,-15.));
#6373 = CARTESIAN_POINT('',(55.833480197884,0.327220861314,-15.));
#6374 = CARTESIAN_POINT('',(55.845797934458,6.955478993525E-02,
    -14.99999999999));
#6375 = CARTESIAN_POINT('',(55.889420354644,-0.202851165945,-15.));
#6376 = CARTESIAN_POINT('',(55.962782967622,-0.488819030017,
    -14.99999999999));
#6377 = CARTESIAN_POINT('',(56.064321282228,-0.787170825117,-15.));
#6378 = CARTESIAN_POINT('',(56.192470807684,-1.096728574924,
    -14.99999999999));
#6379 = CARTESIAN_POINT('',(56.345667052861,-1.416314302467,-15.));
#6380 = CARTESIAN_POINT('',(56.522345526888,-1.744750031141,
    -14.99999999999));
#6381 = CARTESIAN_POINT('',(56.720941738744,-2.080857784227,-15.));
#6382 = CARTESIAN_POINT('',(56.939891197474,-2.423459584977,
    -14.99999999999));
#6383 = CARTESIAN_POINT('',(57.177629412101,-2.771377456707,-15.));
#6384 = CARTESIAN_POINT('',(57.687554371212,-3.475489388675,
    -14.99999999999));
#6385 = CARTESIAN_POINT('',(57.959741115689,-3.83168344891,-15.));
#6386 = CARTESIAN_POINT('',(58.247587634143,-4.190837626707,
    -14.99999999999));
#6387 = CARTESIAN_POINT('',(58.549529435529,-4.551773945288,
    -15.00000000002));
#6388 = CARTESIAN_POINT('',(58.864002029005,-4.913314428062,
    -14.99999999996));
#6389 = CARTESIAN_POINT('',(59.189440923435,-5.274281098132,
    -15.00000000005));
#6390 = CARTESIAN_POINT('',(59.524281627988,-5.633495979005,
    -14.99999999994));
#6391 = CARTESIAN_POINT('',(59.86695965164,-5.98978109375,
    -15.00000000005));
#6392 = CARTESIAN_POINT('',(60.215910503354,-6.341958465826,
    -14.99999999995));
#6393 = CARTESIAN_POINT('',(60.569569692308,-6.688850118415,
    -15.00000000002));
#6394 = CARTESIAN_POINT('',(60.926372727364,-7.029278074844,
    -14.99999999998));
#6395 = CARTESIAN_POINT('',(61.284755117675,-7.362064358398,-15.));
#6396 = CARTESIAN_POINT('',(61.643152372204,-7.686030992351,-15.));
#6397 = CARTESIAN_POINT('',(63.082171317236,-8.952138190405,-15.));
#6398 = CARTESIAN_POINT('',(64.150091366396,-9.81233239867,-15.));
#6399 = CARTESIAN_POINT('',(65.201415276367,-10.59442044829,
    -14.99999999999));
#6400 = CARTESIAN_POINT('',(66.233798176435,-11.31224016225,
    -15.00000000001));
#6401 = CARTESIAN_POINT('',(67.244895195068,-11.97962936485,
    -14.99999999996));
#6402 = CARTESIAN_POINT('',(68.232361462033,-12.61042587771,
    -15.00000000004));
#6403 = CARTESIAN_POINT('',(69.193852105442,-13.21846752686,
    -14.99999999994));
#6404 = CARTESIAN_POINT('',(70.127022255123,-13.81759213231,
    -15.00000000005));
#6405 = CARTESIAN_POINT('',(71.029527039457,-14.42163752098,
    -14.99999999995));
#6406 = CARTESIAN_POINT('',(71.899021587802,-15.0444415131,
    -15.00000000002));
#6407 = CARTESIAN_POINT('',(72.733161029009,-15.69984193435,
    -14.99999999998));
#6408 = CARTESIAN_POINT('',(73.529600492108,-16.40167660671,-15.));
#6409 = CARTESIAN_POINT('',(74.285995106109,-17.16378335421,
    -14.99999999999));
#6410 = CARTESIAN_POINT('',(75.565937407237,-18.66280537353,-15.));
#6411 = CARTESIAN_POINT('',(76.105243354628,-19.37217049733,
    -14.99999999999));
#6412 = CARTESIAN_POINT('',(76.616545147525,-20.1239299524,-15.));
#6413 = CARTESIAN_POINT('',(77.098470091243,-20.91391831979,
    -14.99999999999));
#6414 = CARTESIAN_POINT('',(77.549645491173,-21.73797018059,
    -15.00000000001));
#6415 = CARTESIAN_POINT('',(77.968698652597,-22.59192011569,
    -14.99999999997));
#6416 = CARTESIAN_POINT('',(78.3542568809,-23.47160270639,
    -15.00000000002));
#6417 = CARTESIAN_POINT('',(78.704947481427,-24.37285253336,
    -14.99999999997));
#6418 = CARTESIAN_POINT('',(79.019397759464,-25.29150417804,
    -15.00000000001));
#6419 = CARTESIAN_POINT('',(79.29623502044,-26.22339222112,
    -14.99999999998));
#6420 = CARTESIAN_POINT('',(79.534086569611,-27.16435124389,-15.));
#6421 = CARTESIAN_POINT('',(79.731579712382,-28.11021582724,
    -14.99999999999));
#6422 = CARTESIAN_POINT('',(79.887341754059,-29.05682055227,-15.));
#6423 = CARTESIAN_POINT('',(80.139735356346,-31.16987012468,
    -14.99999999999));
#6424 = CARTESIAN_POINT('',(80.213157180773,-32.334470592,-15.));
#6425 = CARTESIAN_POINT('',(80.225974914035,-33.49407985541,
    -14.99999999999));
#6426 = CARTESIAN_POINT('',(80.18389799668,-34.64897636853,
    -15.00000000001));
#6427 = CARTESIAN_POINT('',(80.092635869727,-35.79943858465,
    -14.99999999997));
#6428 = CARTESIAN_POINT('',(79.957897973339,-36.94574495755,
    -15.00000000003));
#6429 = CARTESIAN_POINT('',(79.785393748964,-38.08817394054,
    -14.99999999996));
#6430 = CARTESIAN_POINT('',(79.580832636428,-39.2270039871,
    -15.00000000003));
#6431 = CARTESIAN_POINT('',(79.349924077293,-40.36251355104,
    -14.99999999997));
#6432 = CARTESIAN_POINT('',(79.098377511541,-41.49498108535,
    -15.00000000001));
#6433 = CARTESIAN_POINT('',(78.831902380374,-42.62468504408,
    -14.99999999999));
#6434 = CARTESIAN_POINT('',(78.556208124202,-43.75190388033,-15.));
#6435 = CARTESIAN_POINT('',(78.277004183861,-44.87691604783,-15.));
#6436 = CARTESIAN_POINT('',(77.716675515853,-47.14870893632,-15.));
#6437 = CARTESIAN_POINT('',(77.43565231544,-48.29540066277,-15.));
#6438 = CARTESIAN_POINT('',(77.156263162296,-49.44035441289,
    -14.99999999999));
#6439 = CARTESIAN_POINT('',(76.877840820308,-50.58384941995,-15.));
#6440 = CARTESIAN_POINT('',(76.599718052536,-51.726164918,
    -14.99999999999));
#6441 = CARTESIAN_POINT('',(76.321227623588,-52.86758013939,
    -15.00000000001));
#6442 = CARTESIAN_POINT('',(76.041702295697,-54.00837431946,
    -14.99999999998));
#6443 = CARTESIAN_POINT('',(75.760474834131,-55.14882668924,
    -15.00000000001));
#6444 = CARTESIAN_POINT('',(75.476878000901,-56.2892164849,
    -14.99999999999));
#6445 = CARTESIAN_POINT('',(75.190244560962,-57.4298229375,-15.));
#6446 = CARTESIAN_POINT('',(74.899907277029,-58.57092528235,
    -14.99999999999));
#6447 = CARTESIAN_POINT('',(74.605198913243,-59.71280275182,-15.));
#6448 = CARTESIAN_POINT('',(74.305452232999,-60.85573457994,-15.));
#6449 = CARTESIAN_POINT('',(73.75923009319,-62.90195666879,-15.));
#6450 = CARTESIAN_POINT('',(73.514915192195,-63.8047419297,
    -14.99999999999));
#6451 = CARTESIAN_POINT('',(73.263465662851,-64.70642502641,-15.));
#6452 = CARTESIAN_POINT('',(73.001291871027,-65.60507520316,
    -14.99999999999));
#6453 = CARTESIAN_POINT('',(72.724804182497,-66.49876170296,
    -15.00000000001));
#6454 = CARTESIAN_POINT('',(72.430412963212,-67.38555377106,
    -14.99999999998));
#6455 = CARTESIAN_POINT('',(72.114528578875,-68.26352064933,
    -15.00000000002));
#6456 = CARTESIAN_POINT('',(71.773561395461,-69.13073158387,
    -14.99999999997));
#6457 = CARTESIAN_POINT('',(71.403921778711,-69.98525581639,
    -15.00000000001));
#6458 = CARTESIAN_POINT('',(71.00202009452,-70.82516259238,
    -14.99999999998));
#6459 = CARTESIAN_POINT('',(70.564266708713,-71.64852115463,-15.));
#6460 = CARTESIAN_POINT('',(70.087071987127,-72.45340074752,
    -14.99999999999));
#6461 = CARTESIAN_POINT('',(69.566846295611,-73.23787061468,-15.));
#6462 = CARTESIAN_POINT('',(68.528355372892,-74.63412997937,
    -14.99999999999));
#6463 = CARTESIAN_POINT('',(68.024434942957,-75.25279347135,-15.));
#6464 = CARTESIAN_POINT('',(67.489722564116,-75.85195099951,
    -14.99999999999));
#6465 = CARTESIAN_POINT('',(66.925702090392,-76.42756308813,
    -15.00000000002));
#6466 = CARTESIAN_POINT('',(66.333857375577,-76.97559025973,
    -14.99999999996));
#6467 = CARTESIAN_POINT('',(65.715672273888,-77.49199304033,
    -15.00000000004));
#6468 = CARTESIAN_POINT('',(65.07263063889,-77.97273195026,
    -14.99999999994));
#6469 = CARTESIAN_POINT('',(64.406216325,-78.41376751752,-15.00000000004
    ));
#6470 = CARTESIAN_POINT('',(63.71791318568,-78.81106026146,
    -14.99999999996));
#6471 = CARTESIAN_POINT('',(63.009205075304,-79.16057070964,
    -15.00000000002));
#6472 = CARTESIAN_POINT('',(62.281575847512,-79.45825938307,
    -14.99999999999));
#6473 = CARTESIAN_POINT('',(61.536509356436,-79.7000868071,-15.));
#6474 = CARTESIAN_POINT('',(60.77548945594,-79.88201350474,-15.));
#6475 = CARTESIAN_POINT('',(59.25149239826,-80.11388135315,-15.));
#6476 = CARTESIAN_POINT('',(58.489504612387,-80.16819448352,-15.));
#6477 = CARTESIAN_POINT('',(57.718722914838,-80.1652096365,
    -14.99999999999));
#6478 = CARTESIAN_POINT('',(56.943833578137,-80.10719705759,
    -15.00000000001));
#6479 = CARTESIAN_POINT('',(56.169522874667,-79.99642699197,
    -14.99999999997));
#6480 = CARTESIAN_POINT('',(55.400477077028,-79.83516968542,
    -15.00000000004));
#6481 = CARTESIAN_POINT('',(54.641382457564,-79.62569538294,
    -14.99999999995));
#6482 = CARTESIAN_POINT('',(53.896925288852,-79.37027433022,
    -15.00000000004));
#6483 = CARTESIAN_POINT('',(53.171791843307,-79.07117677265,
    -14.99999999997));
#6484 = CARTESIAN_POINT('',(52.470668393427,-78.73067295541,
    -15.00000000001));
#6485 = CARTESIAN_POINT('',(51.798241211682,-78.35103312424,
    -14.99999999999));
#6486 = CARTESIAN_POINT('',(51.159196570546,-77.93452752427,-15.));
#6487 = CARTESIAN_POINT('',(50.558220742493,-77.48342640107,-15.));
#6488 = CARTESIAN_POINT('',(49.036094625972,-76.16524544777,-15.));
#6489 = CARTESIAN_POINT('',(48.199670011637,-75.23410818627,
    -14.99999999999));
#6490 = CARTESIAN_POINT('',(47.479445734194,-74.21608654056,-15.));
#6491 = CARTESIAN_POINT('',(46.864141370907,-73.12067883521,
    -14.99999999998));
#6492 = CARTESIAN_POINT('',(46.342476498829,-71.95738339581,
    -15.00000000003));
#6493 = CARTESIAN_POINT('',(45.903170695493,-70.73569854632,
    -14.99999999995));
#6494 = CARTESIAN_POINT('',(45.534943537599,-69.46512261274,
    -15.00000000004));
#6495 = CARTESIAN_POINT('',(45.226514602995,-68.15515391908,
    -14.99999999995));
#6496 = CARTESIAN_POINT('',(44.966603468243,-66.8152907908,
    -15.00000000003));
#6497 = CARTESIAN_POINT('',(44.743929711092,-65.45503155269,
    -14.99999999998));
#6498 = CARTESIAN_POINT('',(44.547212908384,-64.08387452955,
    -15.00000000001));
#6499 = CARTESIAN_POINT('',(44.365172637533,-62.7113180465,
    -14.99999999999));
#6500 = CARTESIAN_POINT('',(44.186528475658,-61.34686042832,-15.));
#6501 = CARTESIAN_POINT('',(43.790750169615,-58.4890761843,-15.));
#6502 = CARTESIAN_POINT('',(43.57157823357,-57.00029775518,
    -14.99999999999));
#6503 = CARTESIAN_POINT('',(43.34477103043,-55.53129576558,-15.));
#6504 = CARTESIAN_POINT('',(43.112615398792,-54.07970126815,
    -14.99999999999));
#6505 = CARTESIAN_POINT('',(42.877398177181,-52.64314531616,
    -15.00000000001));
#6506 = CARTESIAN_POINT('',(42.641406204239,-51.21925896174,
    -14.99999999998));
#6507 = CARTESIAN_POINT('',(42.406926318471,-49.80567325879,
    -15.00000000001));
#6508 = CARTESIAN_POINT('',(42.176245358483,-48.40001925892,
    -14.99999999998));
#6509 = CARTESIAN_POINT('',(41.951650162873,-46.99992801622,
    -15.00000000001));
#6510 = CARTESIAN_POINT('',(41.735427570138,-45.60303058253,
    -14.99999999999));
#6511 = CARTESIAN_POINT('',(41.529864418944,-44.2069580114,-15.));
#6512 = CARTESIAN_POINT('',(41.33724754779,-42.80934135528,
    -14.99999999999));
#6513 = CARTESIAN_POINT('',(41.159863795288,-41.40781166722,-15.));
#6514 = CARTESIAN_POINT('',(40.746924328461,-37.7713347638,-15.));
#6515 = CARTESIAN_POINT('',(40.537755640137,-35.52692618137,-15.));
#6516 = CARTESIAN_POINT('',(40.368503616272,-33.26851589497,
    -14.99999999999));
#6517 = CARTESIAN_POINT('',(40.235177937607,-30.99784554714,
    -15.00000000001));
#6518 = CARTESIAN_POINT('',(40.13378828609,-28.71665677994,
    -14.99999999998));
#6519 = CARTESIAN_POINT('',(40.06034434138,-26.42669123601,
    -15.00000000002));
#6520 = CARTESIAN_POINT('',(40.010855786704,-24.12969055761,
    -14.99999999996));
#6521 = CARTESIAN_POINT('',(39.98133230063,-21.82739638683,
    -15.00000000003));
#6522 = CARTESIAN_POINT('',(39.967783566866,-19.52155036667,
    -14.99999999997));
#6523 = CARTESIAN_POINT('',(39.966219264318,-17.2138941386,
    -15.00000000001));
#6524 = CARTESIAN_POINT('',(39.972649075679,-14.90616934584,
    -14.99999999999));
#6525 = CARTESIAN_POINT('',(39.983082681146,-12.60011763009,-15.));
#6526 = CARTESIAN_POINT('',(39.993529762262,-10.29748063407,-15.));
#6527 = CARTESIAN_POINT('',(40.003637732927,-6.708297703436,-15.));
#6528 = CARTESIAN_POINT('',(40.006018395358,-5.418225320318,-15.));
#6529 = CARTESIAN_POINT('',(40.007316342183,-4.129605680393,-15.));
#6530 = CARTESIAN_POINT('',(40.007705927981,-2.842261613384,-15.));
#6531 = CARTESIAN_POINT('',(40.007361508107,-1.556015949128,-15.));
#6532 = CARTESIAN_POINT('',(40.006457436423,-0.270691517201,
    -14.99999999999));
#6533 = CARTESIAN_POINT('',(40.00516806912,1.0138888524,-15.));
#6534 = CARTESIAN_POINT('',(40.003667759364,2.2979023302,-14.99999999999
    ));
#6535 = CARTESIAN_POINT('',(40.002130863633,3.581526086213,-15.));
#6536 = CARTESIAN_POINT('',(40.000731735337,4.86493729085,-15.));
#6537 = CARTESIAN_POINT('',(39.999644730284,6.148313114283,-15.));
#6538 = CARTESIAN_POINT('',(39.999044202717,7.431830726781,-15.));
#6539 = CARTESIAN_POINT('',(39.999104507712,8.715667298611,-15.));
#6540 = CARTESIAN_POINT('',(40.000795993147,11.141629067898,-15.));
#6541 = CARTESIAN_POINT('',(40.002251887359,12.283650139466,
    -14.99999999999));
#6542 = CARTESIAN_POINT('',(40.004172092349,13.426012447145,-15.));
#6543 = CARTESIAN_POINT('',(40.006361017391,14.568665224624,
    -14.99999999999));
#6544 = CARTESIAN_POINT('',(40.008623072861,15.711557702516,-15.));
#6545 = CARTESIAN_POINT('',(40.010762666978,16.854639117438,
    -14.99999999999));
#6546 = CARTESIAN_POINT('',(40.012584211409,17.997858696389,-15.));
#6547 = CARTESIAN_POINT('',(40.013892113219,19.14116567924,
    -14.99999999999));
#6548 = CARTESIAN_POINT('',(40.014490784655,20.28450929135,-15.));
#6549 = CARTESIAN_POINT('',(40.014184633024,21.427838771896,
    -14.99999999999));
#6550 = CARTESIAN_POINT('',(40.012778069612,22.571103348966,-15.));
#6551 = CARTESIAN_POINT('',(40.010075503017,23.714252258095,-15.));
#6552 = CARTESIAN_POINT('',(40.005881343338,24.857234730691,-15.));
#6553 = CARTESIAN_POINT('',(39.996009634095,26.775341840475,-15.));
#6554 = CARTESIAN_POINT('',(39.99201070375,27.552347781132,-15.));
#6555 = CARTESIAN_POINT('',(39.988003208965,28.331017821973,-15.));
#6556 = CARTESIAN_POINT('',(39.98398714974,29.111351962996,-15.));
#6557 = CARTESIAN_POINT('',(39.979962526075,29.893350204203,-15.));
#6558 = CARTESIAN_POINT('',(39.97592933797,30.677012545592,-15.));
#6559 = CARTESIAN_POINT('',(39.971887585425,31.462338987164,-15.));
#6560 = CARTESIAN_POINT('',(39.96783726844,32.249329528919,-15.));
#6561 = CARTESIAN_POINT('',(39.963778387015,33.037984170856,-15.));
#6562 = CARTESIAN_POINT('',(39.959710941151,33.828302912976,-15.));
#6563 = CARTESIAN_POINT('',(39.955634930846,34.620285755278,-15.));
#6564 = CARTESIAN_POINT('',(39.951550356102,35.413932697763,-15.));
#6565 = CARTESIAN_POINT('',(39.947457216917,36.20924374043,-15.));
#6566 = CARTESIAN_POINT('',(39.943355513293,37.006218883279,-15.));
#6567 = CARTESIAN_POINT('',(31.482098629054,20.106611966673,-15.));
#6568 = CARTESIAN_POINT('',(32.447085643654,20.094480257665,-15.));
#6569 = CARTESIAN_POINT('',(33.356387579098,20.083048615254,-15.));
#6570 = CARTESIAN_POINT('',(34.210004435387,20.072317039441,-15.));
#6571 = CARTESIAN_POINT('',(35.007936212521,20.062285530225,
    -15.00000000001));
#6572 = CARTESIAN_POINT('',(35.750182910499,20.052954087607,
    -15.00000000001));
#6573 = CARTESIAN_POINT('',(36.436744529322,20.044322711586,
    -15.00000000001));
#6574 = CARTESIAN_POINT('',(37.067621068989,20.036391402163,
    -15.00000000001));
#6575 = CARTESIAN_POINT('',(37.642812529501,20.029160159337,
    -15.00000000001));
#6576 = CARTESIAN_POINT('',(38.162318910858,20.022628983109,
    -15.00000000001));
#6577 = CARTESIAN_POINT('',(38.626140213059,20.016797873478,
    -15.00000000001));
#6578 = CARTESIAN_POINT('',(39.034276436105,20.011666830445,-15.));
#6579 = CARTESIAN_POINT('',(39.386727579995,20.007235854009,-15.));
#6580 = CARTESIAN_POINT('',(39.68349364473,20.003504944171,-15.));
#6581 = CARTESIAN_POINT('',(40.391377165536,19.994605511563,
    -14.99999999999));
#6582 = CARTESIAN_POINT('',(41.040414780753,19.970757880591,
    -15.00000000003));
#6583 = CARTESIAN_POINT('',(41.816425754089,19.922971459119,
    -14.9999999999));
#6584 = CARTESIAN_POINT('',(42.704666855209,19.853740874222,
    -15.00000000018));
#6585 = CARTESIAN_POINT('',(43.687874868623,19.762947608351,
    -14.99999999969));
#6586 = CARTESIAN_POINT('',(44.752205060263,19.651068118878,
    -15.00000000039));
#6587 = CARTESIAN_POINT('',(45.887128550529,19.519344868585,
    -14.99999999958));
#6588 = CARTESIAN_POINT('',(47.081514601453,19.368525016437,
    -15.00000000035));
#6589 = CARTESIAN_POINT('',(48.323622995968,19.19901965564,
    -14.99999999974));
#6590 = CARTESIAN_POINT('',(49.603276204956,19.011769110388,
    -15.00000000014));
#6591 = CARTESIAN_POINT('',(50.910855370319,18.807884510445,
    -14.99999999993));
#6592 = CARTESIAN_POINT('',(52.234750559562,18.587757451943,
    -15.00000000002));
#6593 = CARTESIAN_POINT('',(53.565270649943,18.352586434453,
    -14.99999999999));
#6594 = CARTESIAN_POINT('',(56.401514198758,17.819439761042,-15.));
#6595 = CARTESIAN_POINT('',(57.875665682058,17.522990391093,
    -14.99999999997));
#6596 = CARTESIAN_POINT('',(59.298294410799,17.207136303706,
    -15.00000000007));
#6597 = CARTESIAN_POINT('',(60.637586792321,16.867298018597,
    -14.99999999985));
#6598 = CARTESIAN_POINT('',(61.914515784888,16.499702992008,
    -15.00000000023));
#6599 = CARTESIAN_POINT('',(62.994953379959,16.096789932317,
    -14.99999999969));
#6600 = CARTESIAN_POINT('',(64.069979560537,15.693066428287,
    -15.00000000033));
#6601 = CARTESIAN_POINT('',(64.780709312104,15.20709686056,
    -14.99999999969));
#6602 = CARTESIAN_POINT('',(65.488078657555,14.842712174023,
    -15.00000000022));
#6603 = CARTESIAN_POINT('',(65.834408829426,14.344212687204,
    -14.99999999986));
#6604 = CARTESIAN_POINT('',(65.955661274188,14.116566898634,
    -15.00000000006));
#6605 = CARTESIAN_POINT('',(66.028897767358,14.00114683667,
    -14.99999999997));
#6606 = CARTESIAN_POINT('',(66.099313427342,13.886532183914,-15.));
#6607 = CARTESIAN_POINT('',(66.185097853857,13.514453857849,
    -14.99999999999));
#6608 = CARTESIAN_POINT('',(66.220263357173,13.295778051937,-15.));
#6609 = CARTESIAN_POINT('',(66.238689368705,13.010593968252,-15.));
#6610 = CARTESIAN_POINT('',(66.227759721718,12.678857666105,-15.));
#6611 = CARTESIAN_POINT('',(66.182310915984,12.320457725671,
    -14.99999999999));
#6612 = CARTESIAN_POINT('',(66.101721489305,11.953405192041,
    -15.00000000001));
#6613 = CARTESIAN_POINT('',(65.987857992552,11.593915534893,
    -14.99999999998));
#6614 = CARTESIAN_POINT('',(65.844829152267,11.256824103752,-15.));
#6615 = CARTESIAN_POINT('',(65.679738990788,10.955189323164,-15.));
#6616 = CARTESIAN_POINT('',(65.502807265967,10.698588385456,
    -14.99999999999));
#6617 = CARTESIAN_POINT('',(65.325341489518,10.490498330118,-15.));
#6618 = CARTESIAN_POINT('',(65.155099088925,10.326281295487,
    -14.99999999999));
#6619 = CARTESIAN_POINT('',(64.990570906294,10.194656246417,-15.));
#6620 = CARTESIAN_POINT('',(64.717691764898,10.024005465945,
    -14.99999999999));
#6621 = CARTESIAN_POINT('',(64.569873979269,9.941374301898,
    -15.00000000002));
#6622 = CARTESIAN_POINT('',(64.371630552264,9.845058904524,
    -14.99999999993));
#6623 = CARTESIAN_POINT('',(64.123898157939,9.741421199184,
    -15.00000000013));
#6624 = CARTESIAN_POINT('',(63.830156441833,9.635704716706,
    -14.99999999978));
#6625 = CARTESIAN_POINT('',(63.495080205972,9.531486080759,
    -15.00000000027));
#6626 = CARTESIAN_POINT('',(63.123676931665,9.430774760532,
    -14.99999999972));
#6627 = CARTESIAN_POINT('',(62.720791442773,9.334393519884,
    -15.00000000023));
#6628 = CARTESIAN_POINT('',(62.290865821441,9.242376423499,
    -14.99999999983));
#6629 = CARTESIAN_POINT('',(61.837849464125,9.154225542878,
    -15.00000000009));
#6630 = CARTESIAN_POINT('',(61.36516042921,9.068971958479,
    -14.99999999995));
#6631 = CARTESIAN_POINT('',(60.875605981182,8.985090934499,
    -15.00000000001));
#6632 = CARTESIAN_POINT('',(60.371176580703,8.900425575569,
    -14.99999999999));
#6633 = CARTESIAN_POINT('',(59.334091843333,8.724329606079,-15.));
#6634 = CARTESIAN_POINT('',(58.801593230527,8.633057427092,-15.));
#6635 = CARTESIAN_POINT('',(58.254318395572,8.533754795821,
    -14.99999999997));
#6636 = CARTESIAN_POINT('',(57.7011379379,8.434044467676,-15.00000000006
    ));
#6637 = CARTESIAN_POINT('',(57.105985305934,8.291209416697,
    -14.99999999987));
#6638 = CARTESIAN_POINT('',(56.558600946003,8.194248499925,
    -15.00000000017));
#6639 = CARTESIAN_POINT('',(55.855745989855,7.958900201515,
    -14.9999999998));
#6640 = CARTESIAN_POINT('',(55.319703615523,7.821264950768,
    -15.00000000016));
#6641 = CARTESIAN_POINT('',(54.481613770537,7.505490382641,
    -14.99999999988));
#6642 = CARTESIAN_POINT('',(53.830922966268,7.148625103186,
    -15.00000000005));
#6643 = CARTESIAN_POINT('',(52.896198704384,6.704247321379,
    -14.99999999997));
#6644 = CARTESIAN_POINT('',(51.91588107249,5.869189489273,-15.));
#6645 = CARTESIAN_POINT('',(51.085977378594,4.727220322939,-15.));
#6646 = CARTESIAN_POINT('',(50.017174121057,2.302839472481,
    -14.99999999999));
#6647 = CARTESIAN_POINT('',(49.748776151334,1.152957132482,
    -15.00000000004));
#6648 = CARTESIAN_POINT('',(49.707485084369,7.239152750397E-02,
    -14.99999999985));
#6649 = CARTESIAN_POINT('',(49.831736260571,-0.846475442142,
    -15.00000000031));
#6650 = CARTESIAN_POINT('',(49.991151370789,-1.631101412231,
    -14.99999999948));
#6651 = CARTESIAN_POINT('',(50.206747966598,-2.348917864528,
    -15.00000000068));
#6652 = CARTESIAN_POINT('',(50.448836644051,-2.991344744203,
    -14.99999999925));
#6653 = CARTESIAN_POINT('',(50.704094051207,-3.582333705857,
    -15.00000000066));
#6654 = CARTESIAN_POINT('',(50.985582181624,-4.149736542773,
    -14.99999999951));
#6655 = CARTESIAN_POINT('',(51.275534668859,-4.678035766993,
    -15.00000000028));
#6656 = CARTESIAN_POINT('',(51.582442000862,-5.192793747268,
    -14.99999999986));
#6657 = CARTESIAN_POINT('',(51.900930805612,-5.688204746788,
    -15.00000000004));
#6658 = CARTESIAN_POINT('',(52.231514354853,-6.171047878731,
    -14.99999999998));
#6659 = CARTESIAN_POINT('',(52.914697088217,-7.114396710026,
    -15.00000000001));
#6660 = CARTESIAN_POINT('',(53.267314896982,-7.574996371862,
    -14.99999999994));
#6661 = CARTESIAN_POINT('',(53.630170115064,-8.02669101927,
    -15.00000000015));
#6662 = CARTESIAN_POINT('',(54.002459945314,-8.470763379249,
    -14.99999999967));
#6663 = CARTESIAN_POINT('',(54.383339696589,-8.90787610877,
    -15.00000000054));
#6664 = CARTESIAN_POINT('',(54.771908708063,-9.338268547795,
    -14.99999999928));
#6665 = CARTESIAN_POINT('',(55.16720836326,-9.761895167671,
    -15.00000000077));
#6666 = CARTESIAN_POINT('',(55.568229912654,-10.17851756068,
    -14.9999999993));
#6667 = CARTESIAN_POINT('',(55.973930275318,-10.58776187321,
    -15.0000000005));
#6668 = CARTESIAN_POINT('',(56.383253435664,-10.98915351415,
    -14.9999999997));
#6669 = CARTESIAN_POINT('',(56.795155640323,-11.38214104656,
    -15.00000000013));
#6670 = CARTESIAN_POINT('',(57.20863205795,-11.76612109936,
    -14.99999999995));
#6671 = CARTESIAN_POINT('',(57.622742996798,-12.14047619325,-15.));
#6672 = CARTESIAN_POINT('',(59.291808317083,-13.60898751717,
    -14.99999999998));
#6673 = CARTESIAN_POINT('',(60.524236641584,-14.60118240194,
    -15.00000000007));
#6674 = CARTESIAN_POINT('',(61.723555539077,-15.49181814895,
    -14.99999999981));
#6675 = CARTESIAN_POINT('',(62.879388338501,-16.29216005103,
    -15.00000000038));
#6676 = CARTESIAN_POINT('',(63.979941111954,-17.01485291633,
    -14.99999999937));
#6677 = CARTESIAN_POINT('',(65.014615657047,-17.67292125098,
    -15.00000000081));
#6678 = CARTESIAN_POINT('',(65.974737497698,-18.27921561763,
    -14.99999999913));
#6679 = CARTESIAN_POINT('',(66.852861515798,-18.84572073932,
    -15.00000000076));
#6680 = CARTESIAN_POINT('',(67.642959667064,-19.38225563092,
    -14.99999999944));
#6681 = CARTESIAN_POINT('',(68.342741405566,-19.89550478418,
    -15.00000000032));
#6682 = CARTESIAN_POINT('',(68.957032969838,-20.39045926883,
    -14.99999999985));
#6683 = CARTESIAN_POINT('',(69.499177795917,-20.87565622814,
    -15.00000000004));
#6684 = CARTESIAN_POINT('',(69.987442143655,-21.3695217302,
    -14.99999999999));
#6685 = CARTESIAN_POINT('',(70.793416307159,-22.31344945022,-15.));
#6686 = CARTESIAN_POINT('',(71.152468466791,-22.78290637617,-15.));
#6687 = CARTESIAN_POINT('',(71.507771007682,-23.30113486501,
    -14.99999999996));
#6688 = CARTESIAN_POINT('',(71.853759946867,-23.86371453987,
    -15.00000000008));
#6689 = CARTESIAN_POINT('',(72.185674627669,-24.46556679554,
    -14.99999999984));
#6690 = CARTESIAN_POINT('',(72.499470815378,-25.10125332805,
    -15.0000000002));
#6691 = CARTESIAN_POINT('',(72.791724097758,-25.76515655116,
    -14.99999999978));
#6692 = CARTESIAN_POINT('',(73.059534778488,-26.45156777851,
    -15.00000000018));
#6693 = CARTESIAN_POINT('',(73.300445312678,-27.15470898874,
    -14.99999999986));
#6694 = CARTESIAN_POINT('',(73.512381503529,-27.86871406682,
    -15.00000000007));
#6695 = CARTESIAN_POINT('',(73.693628501729,-28.58759533461,
    -14.99999999996));
#6696 = CARTESIAN_POINT('',(73.842852808037,-29.30522125632,-15.));
#6697 = CARTESIAN_POINT('',(73.959181357766,-30.01533114821,-15.));
#6698 = CARTESIAN_POINT('',(74.145505417689,-31.57524380689,
    -14.99999999999));
#6699 = CARTESIAN_POINT('',(74.201389639646,-32.44919212339,
    -15.00000000001));
#6700 = CARTESIAN_POINT('',(74.21313691227,-33.33857230817,
    -14.99999999995));
#6701 = CARTESIAN_POINT('',(74.182826374392,-34.24726806865,
    -15.0000000001));
#6702 = CARTESIAN_POINT('',(74.112254573405,-35.17770933438,
    -14.99999999981));
#6703 = CARTESIAN_POINT('',(74.003435703623,-36.13103920025,
    -15.00000000026));
#6704 = CARTESIAN_POINT('',(73.858881609163,-37.10747487158,
    -14.99999999969));
#6705 = CARTESIAN_POINT('',(73.68171335979,-38.10671342682,
    -15.00000000028));
#6706 = CARTESIAN_POINT('',(73.475654426633,-39.12827966521,
    -14.99999999978));
#6707 = CARTESIAN_POINT('',(73.24495423588,-40.17176001674,
    -15.00000000012));
#6708 = CARTESIAN_POINT('',(72.994289004798,-41.2369128998,
    -14.99999999994));
#6709 = CARTESIAN_POINT('',(72.728685525617,-42.32369262506,
    -15.00000000001));
#6710 = CARTESIAN_POINT('',(72.453511766428,-43.43227039121,-15.));
#6711 = CARTESIAN_POINT('',(71.889277444897,-45.71989833575,
    -14.99999999999));
#6712 = CARTESIAN_POINT('',(71.606886616091,-46.87218257937,
    -15.00000000002));
#6713 = CARTESIAN_POINT('',(71.326732330544,-48.02028544923,
    -14.9999999999));
#6714 = CARTESIAN_POINT('',(71.048145145884,-49.16446463903,
    -15.00000000019));
#6715 = CARTESIAN_POINT('',(70.770458131179,-50.30498537314,
    -14.99999999969));
#6716 = CARTESIAN_POINT('',(70.493006891015,-51.44212042489,
    -15.00000000039));
#6717 = CARTESIAN_POINT('',(70.215129526972,-52.57615008727,
    -14.99999999959));
#6718 = CARTESIAN_POINT('',(69.936166688897,-53.707362212,
    -15.00000000034));
#6719 = CARTESIAN_POINT('',(69.655461517338,-54.83605216559,
    -14.99999999976));
#6720 = CARTESIAN_POINT('',(69.37235969846,-55.96252287131,
    -15.00000000013));
#6721 = CARTESIAN_POINT('',(69.086209419425,-57.08708477504,
    -14.99999999994));
#6722 = CARTESIAN_POINT('',(68.796361399201,-58.21005586891,
    -15.00000000001));
#6723 = CARTESIAN_POINT('',(68.502168870637,-59.33176167748,
    -14.99999999999));
#6724 = CARTESIAN_POINT('',(67.967160701945,-61.33597471239,-15.));
#6725 = CARTESIAN_POINT('',(67.733478965842,-62.19921506335,
    -14.99999999999));
#6726 = CARTESIAN_POINT('',(67.498533282172,-63.04046964214,-15.));
#6727 = CARTESIAN_POINT('',(67.259344078557,-63.85786337156,
    -14.99999999999));
#6728 = CARTESIAN_POINT('',(67.013243723165,-64.64950491266,
    -14.99999999999));
#6729 = CARTESIAN_POINT('',(66.757880345197,-65.4135301388,
    -15.00000000002));
#6730 = CARTESIAN_POINT('',(66.491259093649,-66.1481762482,
    -14.99999999994));
#6731 = CARTESIAN_POINT('',(66.211756503321,-66.85191704588,
    -15.00000000007));
#6732 = CARTESIAN_POINT('',(65.918063268606,-67.52366119501,
    -14.99999999993));
#6733 = CARTESIAN_POINT('',(65.609030390217,-68.16298646833,
    -15.00000000004));
#6734 = CARTESIAN_POINT('',(65.283413255888,-68.77035428392,
    -14.99999999997));
#6735 = CARTESIAN_POINT('',(64.939527911498,-69.3472200607,-15.));
#6736 = CARTESIAN_POINT('',(64.574853361915,-69.89592616609,
    -14.99999999999));
#6737 = CARTESIAN_POINT('',(63.86178286559,-70.85465516065,-15.));
#6738 = CARTESIAN_POINT('',(63.516700565135,-71.27825015166,-15.));
#6739 = CARTESIAN_POINT('',(63.153461674005,-71.68455474916,
    -14.99999999998));
#6740 = CARTESIAN_POINT('',(62.775759646405,-72.06853842635,
    -15.00000000004));
#6741 = CARTESIAN_POINT('',(62.387483931888,-72.42568463558,
    -14.99999999989));
#6742 = CARTESIAN_POINT('',(61.992727173338,-72.75200037303,
    -15.00000000017));
#6743 = CARTESIAN_POINT('',(61.59591245166,-73.04408796869,
    -14.99999999978));
#6744 = CARTESIAN_POINT('',(61.201816844334,-73.29933805893,
    -15.00000000021));
#6745 = CARTESIAN_POINT('',(60.815353143226,-73.51622995267,
    -14.99999999983));
#6746 = CARTESIAN_POINT('',(60.441057385556,-73.69465321781,
    -15.0000000001));
#6747 = CARTESIAN_POINT('',(60.082315364327,-73.8360914783,
    -14.99999999995));
#6748 = CARTESIAN_POINT('',(59.740447119798,-73.94343705916,
    -15.00000000001));
#6749 = CARTESIAN_POINT('',(59.413853948998,-74.02013232062,
    -14.99999999999));
#6750 = CARTESIAN_POINT('',(58.792188907492,-74.11471526941,-15.));
#6751 = CARTESIAN_POINT('',(58.453899806013,-74.14106046259,
    -14.99999999998));
#6752 = CARTESIAN_POINT('',(58.084964118548,-74.14321176152,
    -15.00000000004));
#6753 = CARTESIAN_POINT('',(57.690478321819,-74.11761082154,
    -14.9999999999));
#6754 = CARTESIAN_POINT('',(57.277131437091,-74.06199745884,
    -15.00000000016));
#6755 = CARTESIAN_POINT('',(56.852385091804,-73.97558785763,
    -14.99999999977));
#6756 = CARTESIAN_POINT('',(56.423954673772,-73.85894927056,
    -15.00000000025));
#6757 = CARTESIAN_POINT('',(55.999517070222,-73.713787052,
    -14.99999999976));
#6758 = CARTESIAN_POINT('',(55.586565980158,-73.54278607081,
    -15.00000000017));
#6759 = CARTESIAN_POINT('',(55.192330907596,-73.34957440312,
    -14.99999999989));
#6760 = CARTESIAN_POINT('',(54.823671498061,-73.13880346359,
    -15.00000000004));
#6761 = CARTESIAN_POINT('',(54.486853998512,-72.91626459112,
    -14.99999999998));
#6762 = CARTESIAN_POINT('',(54.187112119514,-72.68888830694,-15.));
#6763 = CARTESIAN_POINT('',(53.480278694941,-72.0767613962,
    -14.99999999999));
#6764 = CARTESIAN_POINT('',(53.08778336318,-71.64082852208,
    -15.00000000003));
#6765 = CARTESIAN_POINT('',(52.716365791625,-71.13413861871,
    -14.99999999989));
#6766 = CARTESIAN_POINT('',(52.345781217856,-70.52399162698,
    -15.00000000022));
#6767 = CARTESIAN_POINT('',(51.98803001421,-69.78696757755,
    -14.99999999963));
#6768 = CARTESIAN_POINT('',(51.658649751542,-68.92528741102,
    -15.00000000046));
#6769 = CARTESIAN_POINT('',(51.364036979159,-67.95420153656,
    -14.99999999951));
#6770 = CARTESIAN_POINT('',(51.10386078703,-66.88779573716,
    -15.00000000042));
#6771 = CARTESIAN_POINT('',(50.875172782266,-65.73803978571,
    -14.9999999997));
#6772 = CARTESIAN_POINT('',(50.672750732892,-64.51912213543,
    -15.00000000016));
#6773 = CARTESIAN_POINT('',(50.488533996102,-63.24488063597,
    -14.99999999992));
#6774 = CARTESIAN_POINT('',(50.312999809929,-61.92344556288,
    -15.00000000002));
#6775 = CARTESIAN_POINT('',(50.135550450245,-60.56526431703,
    -14.99999999999));
#6776 = CARTESIAN_POINT('',(49.727578471104,-57.6194335925,-15.));
#6777 = CARTESIAN_POINT('',(49.502594422622,-56.09155399127,
    -14.99999999998));
#6778 = CARTESIAN_POINT('',(49.270877050998,-54.5913930807,
    -15.00000000002));
#6779 = CARTESIAN_POINT('',(49.03496574889,-53.11702694129,
    -14.99999999995));
#6780 = CARTESIAN_POINT('',(48.797363137159,-51.66647894132,
    -15.00000000005));
#6781 = CARTESIAN_POINT('',(48.560517134866,-50.23771423468,
    -14.99999999993));
#6782 = CARTESIAN_POINT('',(48.326807229109,-48.82863366602,
    -15.00000000004));
#6783 = CARTESIAN_POINT('',(48.098534934964,-47.43706707355,
    -14.99999999996));
#6784 = CARTESIAN_POINT('',(47.877918453741,-46.06076599636,
    -15.00000000001));
#6785 = CARTESIAN_POINT('',(47.667091525266,-44.69739578476,
    -14.99999999999));
#6786 = CARTESIAN_POINT('',(47.468106473689,-43.34452710927,
    -14.99999999999));
#6787 = CARTESIAN_POINT('',(47.282941451026,-41.99962687661,-15.));
#6788 = CARTESIAN_POINT('',(47.113511872745,-40.66004854347,
    -14.99999999999));
#6789 = CARTESIAN_POINT('',(46.72133505766,-37.20641418612,-15.));
#6790 = CARTESIAN_POINT('',(46.521421911188,-35.06376869468,
    -14.99999999998));
#6791 = CARTESIAN_POINT('',(46.358681168691,-32.89696269734,
    -15.00000000004));
#6792 = CARTESIAN_POINT('',(46.229742047623,-30.707923274,-14.9999999999
    ));
#6793 = CARTESIAN_POINT('',(46.13113878092,-28.49860386062,
    -15.00000000014));
#6794 = CARTESIAN_POINT('',(46.059319862655,-26.27096402015,
    -14.9999999998));
#6795 = CARTESIAN_POINT('',(46.010656215232,-24.02695239358,
    -15.00000000021));
#6796 = CARTESIAN_POINT('',(45.981448228752,-21.76849279789,
    -14.9999999998));
#6797 = CARTESIAN_POINT('',(45.967931738545,-19.497473515,
    -15.00000000014));
#6798 = CARTESIAN_POINT('',(45.966282865012,-17.21573972125,
    -14.99999999991));
#6799 = CARTESIAN_POINT('',(45.972621790988,-14.92508910732,
    -15.00000000003));
#6800 = CARTESIAN_POINT('',(45.98301541233,-12.62727064597,
    -14.99999999998));
#6801 = CARTESIAN_POINT('',(45.993478908933,-10.32398653888,-15.));
#6802 = CARTESIAN_POINT('',(46.003629153401,-6.719792836408,
    -14.99999999999));
#6803 = CARTESIAN_POINT('',(46.006017826314,-5.424996728496,-15.));
#6804 = CARTESIAN_POINT('',(46.007318768938,-4.132336923389,
    -14.99999999998));
#6805 = CARTESIAN_POINT('',(46.007708193552,-2.84164066816,
    -15.00000000003));
#6806 = CARTESIAN_POINT('',(46.007361980207,-1.552734532168,
    -14.99999999994));
#6807 = CARTESIAN_POINT('',(46.006455678763,-0.2654444084,
    -15.00000000007));
#6808 = CARTESIAN_POINT('',(46.005164505363,1.020404488585,
    -14.99999999991));
#6809 = CARTESIAN_POINT('',(46.003663347449,2.304987620017,
    -15.00000000007));
#6810 = CARTESIAN_POINT('',(46.002126757884,3.588481125776,
    -14.99999999995));
#6811 = CARTESIAN_POINT('',(46.000728960646,4.871061821765,
    -15.00000000002));
#6812 = CARTESIAN_POINT('',(45.999643846253,6.152907201951,
    -14.99999999998));
#6813 = CARTESIAN_POINT('',(45.999044974819,7.434195437028,-15.));
#6814 = CARTESIAN_POINT('',(45.999105574356,8.715105375149,
    -14.99999999999));
#6815 = CARTESIAN_POINT('',(46.000792290179,11.134226467334,-15.));
#6816 = CARTESIAN_POINT('',(46.002244693106,12.273911517912,
    -14.99999999999));
#6817 = CARTESIAN_POINT('',(46.004161814466,13.414819538702,
    -15.00000000002));
#6818 = CARTESIAN_POINT('',(46.006349183342,14.556898646236,
    -14.99999999995));
#6819 = CARTESIAN_POINT('',(46.008611794456,15.700097228625,
    -15.00000000007));
#6820 = CARTESIAN_POINT('',(46.010754107147,16.844363944761,
    -14.99999999992));
#6821 = CARTESIAN_POINT('',(46.012580046324,17.989647725528,
    -15.00000000006));
#6822 = CARTESIAN_POINT('',(46.01389300235,19.135897772307,
    -14.99999999996));
#6823 = CARTESIAN_POINT('',(46.014495829625,20.283063558507,
    -15.00000000001));
#6824 = CARTESIAN_POINT('',(46.014190849586,21.431094828241,
    -14.99999999999));
#6825 = CARTESIAN_POINT('',(46.012779846868,22.57994159731,-15.));
#6826 = CARTESIAN_POINT('',(46.01006407291,23.729554152565,-15.));
#6827 = CARTESIAN_POINT('',(46.005844243334,24.879883052272,-15.));
#6828 = CARTESIAN_POINT('',(45.9959014328,26.811805391448,-15.));
#6829 = CARTESIAN_POINT('',(45.991878183373,27.593536614836,-15.));
#6830 = CARTESIAN_POINT('',(45.98785079116,28.376072796092,-15.));
#6831 = CARTESIAN_POINT('',(45.983819256158,29.159413935216,-15.));
#6832 = CARTESIAN_POINT('',(45.97978357837,29.943560032208,-15.));
#6833 = CARTESIAN_POINT('',(45.975743757793,30.728511087069,-15.));
#6834 = CARTESIAN_POINT('',(45.97169979443,31.514267099798,-15.));
#6835 = CARTESIAN_POINT('',(45.967651688279,32.300828070395,-15.));
#6836 = CARTESIAN_POINT('',(45.96359943934,33.08819399886,-15.));
#6837 = CARTESIAN_POINT('',(45.959543047614,33.876364885193,-15.));
#6838 = CARTESIAN_POINT('',(45.955482513101,34.665340729394,-15.));
#6839 = CARTESIAN_POINT('',(45.9514178358,35.455121531464,-15.));
#6840 = CARTESIAN_POINT('',(45.947349015712,36.245707291402,-15.));
#6841 = CARTESIAN_POINT('',(45.943276052837,37.037098009208,-15.));
#6842 = DEFINITIONAL_REPRESENTATION('',(#6843),#6847);
#6843 = LINE('',#6844,#6845);
#6844 = CARTESIAN_POINT('',(0.,0.));
#6845 = VECTOR('',#6846,1.);
#6846 = DIRECTION('',(0.,1.));
#6847 = ( GEOMETRIC_REPRESENTATION_CONTEXT(2) 
PARAMETRIC_REPRESENTATION_CONTEXT() REPRESENTATION_CONTEXT('2D SPACE',''
  ) );
#6848 = ORIENTED_EDGE('',*,*,#5461,.T.);
#6849 = FACE_BOUND('',#6850,.T.);
#6850 = EDGE_LOOP('',(#6851,#6887,#6927,#6961));
#6851 = ORIENTED_EDGE('',*,*,#6852,.F.);
#6852 = EDGE_CURVE('',#6853,#6855,#6857,.T.);
#6853 = VERTEX_POINT('',#6854);
#6854 = CARTESIAN_POINT('',(56.3,-79.9372669949,4.6));
#6855 = VERTEX_POINT('',#6856);
#6856 = CARTESIAN_POINT('',(56.3,-79.9372669949,-4.6));
#6857 = SURFACE_CURVE('',#6858,(#6864,#6873),.PCURVE_S1.);
#6858 = B_SPLINE_CURVE_WITH_KNOTS('',4,(#6859,#6860,#6861,#6862,#6863),
  .UNSPECIFIED.,.F.,.F.,(5,5),(0.,1.),.PIECEWISE_BEZIER_KNOTS.);
#6859 = CARTESIAN_POINT('',(56.3,-79.9372669949,4.6));
#6860 = CARTESIAN_POINT('',(56.3,-79.9372669949,2.3));
#6861 = CARTESIAN_POINT('',(56.3,-79.9372669949,0.));
#6862 = CARTESIAN_POINT('',(56.3,-79.9372669949,-2.3));
#6863 = CARTESIAN_POINT('',(56.3,-79.9372669949,-4.6));
#6864 = PCURVE('',#4351,#6865);
#6865 = DEFINITIONAL_REPRESENTATION('',(#6866),#6872);
#6866 = B_SPLINE_CURVE_WITH_KNOTS('',4,(#6867,#6868,#6869,#6870,#6871),
  .UNSPECIFIED.,.F.,.F.,(5,5),(0.,1.),.PIECEWISE_BEZIER_KNOTS.);
#6867 = CARTESIAN_POINT('',(158.16340850078,-19.6));
#6868 = CARTESIAN_POINT('',(158.16340850078,-17.3));
#6869 = CARTESIAN_POINT('',(158.16340850078,-15.));
#6870 = CARTESIAN_POINT('',(158.16340850078,-12.7));
#6871 = CARTESIAN_POINT('',(158.16340850078,-10.4));
#6872 = ( GEOMETRIC_REPRESENTATION_CONTEXT(2) 
PARAMETRIC_REPRESENTATION_CONTEXT() REPRESENTATION_CONTEXT('2D SPACE',''
  ) );
#6873 = PCURVE('',#6874,#6879);
#6874 = PLANE('',#6875);
#6875 = AXIS2_PLACEMENT_3D('',#6876,#6877,#6878);
#6876 = CARTESIAN_POINT('',(56.3,-83.,-4.6));
#6877 = DIRECTION('',(1.,0.,-0.));
#6878 = DIRECTION('',(0.,0.,1.));
#6879 = DEFINITIONAL_REPRESENTATION('',(#6880),#6886);
#6880 = B_SPLINE_CURVE_WITH_KNOTS('',4,(#6881,#6882,#6883,#6884,#6885),
  .UNSPECIFIED.,.F.,.F.,(5,5),(0.,1.),.PIECEWISE_BEZIER_KNOTS.);
#6881 = CARTESIAN_POINT('',(9.2,-3.062733005091));
#6882 = CARTESIAN_POINT('',(6.9,-3.062733005091));
#6883 = CARTESIAN_POINT('',(4.6,-3.062733005091));
#6884 = CARTESIAN_POINT('',(2.3,-3.062733005091));
#6885 = CARTESIAN_POINT('',(0.,-3.062733005091));
#6886 = ( GEOMETRIC_REPRESENTATION_CONTEXT(2) 
PARAMETRIC_REPRESENTATION_CONTEXT() REPRESENTATION_CONTEXT('2D SPACE',''
  ) );
#6887 = ORIENTED_EDGE('',*,*,#6888,.T.);
#6888 = EDGE_CURVE('',#6853,#6889,#6891,.T.);
#6889 = VERTEX_POINT('',#6890);
#6890 = CARTESIAN_POINT('',(59.7,-80.04110225056,4.6));
#6891 = SURFACE_CURVE('',#6892,(#6900,#6911),.PCURVE_S1.);
#6892 = B_SPLINE_CURVE_WITH_KNOTS('',6,(#6893,#6894,#6895,#6896,#6897,
    #6898,#6899),.UNSPECIFIED.,.F.,.F.,(7,7),(0.,1.),
  .PIECEWISE_BEZIER_KNOTS.);
#6893 = CARTESIAN_POINT('',(56.3,-79.9372669949,4.6));
#6894 = CARTESIAN_POINT('',(56.863505703665,-80.03499203709,4.6));
#6895 = CARTESIAN_POINT('',(57.431421733638,-80.10256931442,4.6));
#6896 = CARTESIAN_POINT('',(58.001585893764,-80.13862370092,4.6));
#6897 = CARTESIAN_POINT('',(58.571587477749,-80.14154692801,4.6));
#6898 = CARTESIAN_POINT('',(59.138719049109,-80.10960481556,4.6));
#6899 = CARTESIAN_POINT('',(59.7,-80.04110225056,4.6));
#6900 = PCURVE('',#4351,#6901);
#6901 = DEFINITIONAL_REPRESENTATION('',(#6902),#6910);
#6902 = B_SPLINE_CURVE_WITH_KNOTS('',6,(#6903,#6904,#6905,#6906,#6907,
    #6908,#6909),.UNSPECIFIED.,.F.,.F.,(7,7),(0.,1.),
  .PIECEWISE_BEZIER_KNOTS.);
#6903 = CARTESIAN_POINT('',(158.16340850078,-19.6));
#6904 = CARTESIAN_POINT('',(157.61437692525,-19.6));
#6905 = CARTESIAN_POINT('',(157.0645595958,-19.6));
#6906 = CARTESIAN_POINT('',(156.51347171319,-19.6));
#6907 = CARTESIAN_POINT('',(155.96085344598,-19.6));
#6908 = CARTESIAN_POINT('',(155.40662505352,-19.6));
#6909 = CARTESIAN_POINT('',(154.85091407216,-19.6));
#6910 = ( GEOMETRIC_REPRESENTATION_CONTEXT(2) 
PARAMETRIC_REPRESENTATION_CONTEXT() REPRESENTATION_CONTEXT('2D SPACE',''
  ) );
#6911 = PCURVE('',#6912,#6917);
#6912 = PLANE('',#6913);
#6913 = AXIS2_PLACEMENT_3D('',#6914,#6915,#6916);
#6914 = CARTESIAN_POINT('',(56.3,-83.,4.6));
#6915 = DIRECTION('',(0.,0.,1.));
#6916 = DIRECTION('',(1.,0.,-0.));
#6917 = DEFINITIONAL_REPRESENTATION('',(#6918),#6926);
#6918 = B_SPLINE_CURVE_WITH_KNOTS('',6,(#6919,#6920,#6921,#6922,#6923,
    #6924,#6925),.UNSPECIFIED.,.F.,.F.,(7,7),(0.,1.),
  .PIECEWISE_BEZIER_KNOTS.);
#6919 = CARTESIAN_POINT('',(0.,3.062733005091));
#6920 = CARTESIAN_POINT('',(0.563505703665,2.965007962908));
#6921 = CARTESIAN_POINT('',(1.131421733638,2.897430685579));
#6922 = CARTESIAN_POINT('',(1.701585893764,2.861376299075));
#6923 = CARTESIAN_POINT('',(2.271587477749,2.858453071989));
#6924 = CARTESIAN_POINT('',(2.838719049109,2.890395184436));
#6925 = CARTESIAN_POINT('',(3.4,2.958897749438));
#6926 = ( GEOMETRIC_REPRESENTATION_CONTEXT(2) 
PARAMETRIC_REPRESENTATION_CONTEXT() REPRESENTATION_CONTEXT('2D SPACE',''
  ) );
#6927 = ORIENTED_EDGE('',*,*,#6928,.T.);
#6928 = EDGE_CURVE('',#6889,#6929,#6931,.T.);
#6929 = VERTEX_POINT('',#6930);
#6930 = CARTESIAN_POINT('',(59.7,-80.04110225056,-4.6));
#6931 = SURFACE_CURVE('',#6932,(#6938,#6947),.PCURVE_S1.);
#6932 = B_SPLINE_CURVE_WITH_KNOTS('',4,(#6933,#6934,#6935,#6936,#6937),
  .UNSPECIFIED.,.F.,.F.,(5,5),(0.,1.),.PIECEWISE_BEZIER_KNOTS.);
#6933 = CARTESIAN_POINT('',(59.7,-80.04110225056,4.6));
#6934 = CARTESIAN_POINT('',(59.7,-80.04110225056,2.3));
#6935 = CARTESIAN_POINT('',(59.7,-80.04110225056,0.));
#6936 = CARTESIAN_POINT('',(59.7,-80.04110225056,-2.3));
#6937 = CARTESIAN_POINT('',(59.7,-80.04110225056,-4.6));
#6938 = PCURVE('',#4351,#6939);
#6939 = DEFINITIONAL_REPRESENTATION('',(#6940),#6946);
#6940 = B_SPLINE_CURVE_WITH_KNOTS('',4,(#6941,#6942,#6943,#6944,#6945),
  .UNSPECIFIED.,.F.,.F.,(5,5),(0.,1.),.PIECEWISE_BEZIER_KNOTS.);
#6941 = CARTESIAN_POINT('',(154.85091407216,-19.6));
#6942 = CARTESIAN_POINT('',(154.85091407216,-17.3));
#6943 = CARTESIAN_POINT('',(154.85091407216,-15.));
#6944 = CARTESIAN_POINT('',(154.85091407216,-12.7));
#6945 = CARTESIAN_POINT('',(154.85091407216,-10.4));
#6946 = ( GEOMETRIC_REPRESENTATION_CONTEXT(2) 
PARAMETRIC_REPRESENTATION_CONTEXT() REPRESENTATION_CONTEXT('2D SPACE',''
  ) );
#6947 = PCURVE('',#6948,#6953);
#6948 = PLANE('',#6949);
#6949 = AXIS2_PLACEMENT_3D('',#6950,#6951,#6952);
#6950 = CARTESIAN_POINT('',(59.7,-83.,-4.6));
#6951 = DIRECTION('',(1.,0.,-0.));
#6952 = DIRECTION('',(0.,0.,1.));
#6953 = DEFINITIONAL_REPRESENTATION('',(#6954),#6960);
#6954 = B_SPLINE_CURVE_WITH_KNOTS('',4,(#6955,#6956,#6957,#6958,#6959),
  .UNSPECIFIED.,.F.,.F.,(5,5),(0.,1.),.PIECEWISE_BEZIER_KNOTS.);
#6955 = CARTESIAN_POINT('',(9.2,-2.958897749438));
#6956 = CARTESIAN_POINT('',(6.9,-2.958897749438));
#6957 = CARTESIAN_POINT('',(4.6,-2.958897749438));
#6958 = CARTESIAN_POINT('',(2.3,-2.958897749438));
#6959 = CARTESIAN_POINT('',(0.,-2.958897749438));
#6960 = ( GEOMETRIC_REPRESENTATION_CONTEXT(2) 
PARAMETRIC_REPRESENTATION_CONTEXT() REPRESENTATION_CONTEXT('2D SPACE',''
  ) );
#6961 = ORIENTED_EDGE('',*,*,#6962,.F.);
#6962 = EDGE_CURVE('',#6855,#6929,#6963,.T.);
#6963 = SURFACE_CURVE('',#6964,(#6972,#6983),.PCURVE_S1.);
#6964 = B_SPLINE_CURVE_WITH_KNOTS('',6,(#6965,#6966,#6967,#6968,#6969,
    #6970,#6971),.UNSPECIFIED.,.F.,.F.,(7,7),(0.,1.),
  .PIECEWISE_BEZIER_KNOTS.);
#6965 = CARTESIAN_POINT('',(56.3,-79.9372669949,-4.6));
#6966 = CARTESIAN_POINT('',(56.863505703665,-80.03499203709,-4.6));
#6967 = CARTESIAN_POINT('',(57.431421733638,-80.10256931442,-4.6));
#6968 = CARTESIAN_POINT('',(58.001585893764,-80.13862370092,-4.6));
#6969 = CARTESIAN_POINT('',(58.571587477749,-80.14154692801,-4.6));
#6970 = CARTESIAN_POINT('',(59.138719049109,-80.10960481556,-4.6));
#6971 = CARTESIAN_POINT('',(59.7,-80.04110225056,-4.6));
#6972 = PCURVE('',#4351,#6973);
#6973 = DEFINITIONAL_REPRESENTATION('',(#6974),#6982);
#6974 = B_SPLINE_CURVE_WITH_KNOTS('',6,(#6975,#6976,#6977,#6978,#6979,
    #6980,#6981),.UNSPECIFIED.,.F.,.F.,(7,7),(0.,1.),
  .PIECEWISE_BEZIER_KNOTS.);
#6975 = CARTESIAN_POINT('',(158.16340850078,-10.4));
#6976 = CARTESIAN_POINT('',(157.61437692525,-10.4));
#6977 = CARTESIAN_POINT('',(157.0645595958,-10.4));
#6978 = CARTESIAN_POINT('',(156.51347171319,-10.4));
#6979 = CARTESIAN_POINT('',(155.96085344598,-10.4));
#6980 = CARTESIAN_POINT('',(155.40662505352,-10.4));
#6981 = CARTESIAN_POINT('',(154.85091407216,-10.4));
#6982 = ( GEOMETRIC_REPRESENTATION_CONTEXT(2) 
PARAMETRIC_REPRESENTATION_CONTEXT() REPRESENTATION_CONTEXT('2D SPACE',''
  ) );
#6983 = PCURVE('',#6984,#6989);
#6984 = PLANE('',#6985);
#6985 = AXIS2_PLACEMENT_3D('',#6986,#6987,#6988);
#6986 = CARTESIAN_POINT('',(56.3,-83.,-4.6));
#6987 = DIRECTION('',(0.,0.,1.));
#6988 = DIRECTION('',(1.,0.,-0.));
#6989 = DEFINITIONAL_REPRESENTATION('',(#6990),#6998);
#6990 = B_SPLINE_CURVE_WITH_KNOTS('',6,(#6991,#6992,#6993,#6994,#6995,
    #6996,#6997),.UNSPECIFIED.,.F.,.F.,(7,7),(0.,1.),
  .PIECEWISE_BEZIER_KNOTS.);
#6991 = CARTESIAN_POINT('',(0.,3.062733005091));
#6992 = CARTESIAN_POINT('',(0.563505703665,2.965007962908));
#6993 = CARTESIAN_POINT('',(1.131421733638,2.897430685579));
#6994 = CARTESIAN_POINT('',(1.701585893764,2.861376299075));
#6995 = CARTESIAN_POINT('',(2.271587477749,2.858453071989));
#6996 = CARTESIAN_POINT('',(2.838719049109,2.890395184436));
#6997 = CARTESIAN_POINT('',(3.4,2.958897749438));
#6998 = ( GEOMETRIC_REPRESENTATION_CONTEXT(2) 
PARAMETRIC_REPRESENTATION_CONTEXT() REPRESENTATION_CONTEXT('2D SPACE',''
  ) );
#6999 = ADVANCED_FACE('',(#7000),#4628,.T.);
#7000 = FACE_BOUND('',#7001,.T.);
#7001 = EDGE_LOOP('',(#7002,#7142,#7686,#7687));
#7002 = ORIENTED_EDGE('',*,*,#7003,.T.);
#7003 = EDGE_CURVE('',#4071,#7004,#7006,.T.);
#7004 = VERTEX_POINT('',#7005);
#7005 = CARTESIAN_POINT('',(46.012878166367,19.483083341429,15.));
#7006 = SEAM_CURVE('',#7007,(#7050,#7096),.PCURVE_S1.);
#7007 = B_SPLINE_CURVE_WITH_KNOTS('',6,(#7008,#7009,#7010,#7011,#7012,
    #7013,#7014,#7015,#7016,#7017,#7018,#7019,#7020,#7021,#7022,#7023,
    #7024,#7025,#7026,#7027,#7028,#7029,#7030,#7031,#7032,#7033,#7034,
    #7035,#7036,#7037,#7038,#7039,#7040,#7041,#7042,#7043,#7044,#7045,
    #7046,#7047,#7048,#7049),.UNSPECIFIED.,.F.,.F.,(7,5,5,5,5,5,5,5,7),(
    0.,0.12319244863,0.247128450768,0.370693306579,0.494692840868,
    0.618323555947,0.743543260844,0.870077436092,1.),.UNSPECIFIED.);
#7008 = CARTESIAN_POINT('',(40.,26.,9.));
#7009 = CARTESIAN_POINT('',(40.000000000002,25.999999999998,
    9.174339273976));
#7010 = CARTESIAN_POINT('',(40.006110614905,25.99384372621,9.35119515629
    ));
#7011 = CARTESIAN_POINT('',(40.018662558178,25.98119856501,
    9.530238257902));
#7012 = CARTESIAN_POINT('',(40.037963834511,25.96173923153,
    9.711083109348));
#7013 = CARTESIAN_POINT('',(40.064284776525,25.935161187857,
    9.893292301185));
#7014 = CARTESIAN_POINT('',(40.131603934526,25.867021918985,
    10.260574015153));
#7015 = CARTESIAN_POINT('',(40.172689790552,25.825371339985,
    10.445657366006));
#7016 = CARTESIAN_POINT('',(40.221322256427,25.775967780705,
    10.631137286505));
#7017 = CARTESIAN_POINT('',(40.277669288649,25.718573130477,
    10.81647354765));
#7018 = CARTESIAN_POINT('',(40.341829373205,25.653005485844,
    11.001088333332));
#7019 = CARTESIAN_POINT('',(40.485599140367,25.50553311013,
    11.367132332733));
#7020 = CARTESIAN_POINT('',(40.565161825799,25.423678079528,
    11.548569417134));
#7021 = CARTESIAN_POINT('',(40.652530407363,25.333487280805,
    11.728104842317));
#7022 = CARTESIAN_POINT('',(40.747644943963,25.234931680678,
    11.905127690295));
#7023 = CARTESIAN_POINT('',(40.850362469144,25.128070412661,
    12.079027850693));
#7024 = CARTESIAN_POINT('',(41.070933221898,24.897648257088,
    12.420003935974));
#7025 = CARTESIAN_POINT('',(41.188838435819,24.774029963748,
    12.58705385265));
#7026 = CARTESIAN_POINT('',(41.313940534703,24.642363990761,
    12.749771183043));
#7027 = CARTESIAN_POINT('',(41.44592320386,24.502908340397,
    12.907584012832));
#7028 = CARTESIAN_POINT('',(41.584393567977,24.356014480905,
    13.059963684297));
#7029 = CARTESIAN_POINT('',(41.872961907563,24.048683368929,
    13.352490334479));
#7030 = CARTESIAN_POINT('',(42.023024170239,23.888287572218,
    13.492672441853));
#7031 = CARTESIAN_POINT('',(42.178625880038,23.721364382806,
    13.626528673377));
#7032 = CARTESIAN_POINT('',(42.339249288958,23.548429190602,
    13.753660169935));
#7033 = CARTESIAN_POINT('',(42.504332218787,23.370059762496,
    13.873742215882));
#7034 = CARTESIAN_POINT('',(42.844414992971,23.001335708314,
    14.100776953105));
#7035 = CARTESIAN_POINT('',(43.019515141958,22.810856359289,
    14.207541059852));
#7036 = CARTESIAN_POINT('',(43.197978682397,22.616079424721,
    14.306575708298));
#7037 = CARTESIAN_POINT('',(43.379171578897,22.417688771433,
    14.397718648479));
#7038 = CARTESIAN_POINT('',(43.562457414493,22.216383577419,
    14.480894266364));
#7039 = CARTESIAN_POINT('',(43.933920975955,21.80718449488,
    14.632117544733));
#7040 = CARTESIAN_POINT('',(44.122129926265,21.599243530874,
    14.699997146901));
#7041 = CARTESIAN_POINT('',(44.311208838968,21.389740831885,
    14.75975722059));
#7042 = CARTESIAN_POINT('',(44.500541731521,21.179375369099,
    14.811491770991));
#7043 = CARTESIAN_POINT('',(44.689549578549,20.968813813234,
    14.855368093186));
#7044 = CARTESIAN_POINT('',(45.070900546169,20.542900250112,
    14.928829204132));
#7045 = CARTESIAN_POINT('',(45.263197398134,20.32757099518,
    14.957999716349));
#7046 = CARTESIAN_POINT('',(45.454024795444,20.113349849145,
    14.979370271594));
#7047 = CARTESIAN_POINT('',(45.642869111553,19.900846028778,
    14.993251439758));
#7048 = CARTESIAN_POINT('',(45.829280403008,19.690601817121,
    15.000000006285));
#7049 = CARTESIAN_POINT('',(46.01287816191,19.483083341974,15.));
#7050 = PCURVE('',#4628,#7051);
#7051 = DEFINITIONAL_REPRESENTATION('',(#7052),#7095);
#7052 = B_SPLINE_CURVE_WITH_KNOTS('',6,(#7053,#7054,#7055,#7056,#7057,
    #7058,#7059,#7060,#7061,#7062,#7063,#7064,#7065,#7066,#7067,#7068,
    #7069,#7070,#7071,#7072,#7073,#7074,#7075,#7076,#7077,#7078,#7079,
    #7080,#7081,#7082,#7083,#7084,#7085,#7086,#7087,#7088,#7089,#7090,
    #7091,#7092,#7093,#7094),.UNSPECIFIED.,.F.,.F.,(7,5,5,5,5,5,5,5,7),(
    0.,0.12319244863,0.247128450768,0.370693306579,0.494692840868,
    0.618323555947,0.743543260844,0.870077436092,1.),.UNSPECIFIED.);
#7053 = CARTESIAN_POINT('',(0.,1.547777585375E-13));
#7054 = CARTESIAN_POINT('',(5.609048808123,3.406927104236E-12));
#7055 = CARTESIAN_POINT('',(11.218059116028,1.105470045667E-02));
#7056 = CARTESIAN_POINT('',(16.827007797702,3.376466230658E-02));
#7057 = CARTESIAN_POINT('',(22.435868687771,6.860492843781E-02));
#7058 = CARTESIAN_POINT('',(28.044612660279,0.115882107055));
#7059 = CARTESIAN_POINT('',(39.295654590272,0.235861794762));
#7060 = CARTESIAN_POINT('',(44.937952237903,0.308716619606));
#7061 = CARTESIAN_POINT('',(50.580067276635,0.394355823789));
#7062 = CARTESIAN_POINT('',(56.221968722466,0.492671872382));
#7063 = CARTESIAN_POINT('',(61.863628241124,0.60332917754));
#7064 = CARTESIAN_POINT('',(73.129516982166,0.847932476087));
#7065 = CARTESIAN_POINT('',(78.753749407289,0.981807539559));
#7066 = CARTESIAN_POINT('',(84.377691379363,1.12693153824));
#7067 = CARTESIAN_POINT('',(90.001325270112,1.282615971045));
#7068 = CARTESIAN_POINT('',(95.62464041636,1.448050886864));
#7069 = CARTESIAN_POINT('',(106.8904045924,1.79729042693));
#7070 = CARTESIAN_POINT('',(112.53285222633,1.981158182051));
#7071 = CARTESIAN_POINT('',(118.17497119769,2.173083976232));
#7072 = CARTESIAN_POINT('',(123.81676662239,2.372127711382));
#7073 = CARTESIAN_POINT('',(129.45825125177,2.577336382809));
#7074 = CARTESIAN_POINT('',(140.72385803173,2.997613509716));
#7075 = CARTESIAN_POINT('',(146.34798201216,3.212650679733));
#7076 = CARTESIAN_POINT('',(151.97183554883,3.4319818983));
#7077 = CARTESIAN_POINT('',(157.59544457933,3.654718430041));
#7078 = CARTESIAN_POINT('',(163.21884007731,3.880017448741));
#7079 = CARTESIAN_POINT('',(174.53754679581,4.337099455751));
#7080 = CARTESIAN_POINT('',(180.23285297672,4.568928398024));
#7081 = CARTESIAN_POINT('',(185.92801154526,4.801773643599));
#7082 = CARTESIAN_POINT('',(191.62306117179,5.034887281485));
#7083 = CARTESIAN_POINT('',(197.31804152253,5.267589887423));
#7084 = CARTESIAN_POINT('',(208.76772402848,5.733391366918));
#7085 = CARTESIAN_POINT('',(214.52242502957,5.966468679287));
#7086 = CARTESIAN_POINT('',(220.27713557269,6.197879365484));
#7087 = CARTESIAN_POINT('',(226.03189405665,6.427071138423));
#7088 = CARTESIAN_POINT('',(231.78673578179,6.653564278523));
#7089 = CARTESIAN_POINT('',(243.45075717499,7.10631627171));
#7090 = CARTESIAN_POINT('',(249.35994277582,7.332406389048));
#7091 = CARTESIAN_POINT('',(255.26928272735,7.554775868958));
#7092 = CARTESIAN_POINT('',(261.17880521673,7.773058536456));
#7093 = CARTESIAN_POINT('',(267.08853294951,7.986959108421));
#7094 = CARTESIAN_POINT('',(272.99848332239,8.196246454513));
#7095 = ( GEOMETRIC_REPRESENTATION_CONTEXT(2) 
PARAMETRIC_REPRESENTATION_CONTEXT() REPRESENTATION_CONTEXT('2D SPACE',''
  ) );
#7096 = PCURVE('',#4628,#7097);
#7097 = DEFINITIONAL_REPRESENTATION('',(#7098),#7141);
#7098 = B_SPLINE_CURVE_WITH_KNOTS('',6,(#7099,#7100,#7101,#7102,#7103,
    #7104,#7105,#7106,#7107,#7108,#7109,#7110,#7111,#7112,#7113,#7114,
    #7115,#7116,#7117,#7118,#7119,#7120,#7121,#7122,#7123,#7124,#7125,
    #7126,#7127,#7128,#7129,#7130,#7131,#7132,#7133,#7134,#7135,#7136,
    #7137,#7138,#7139,#7140),.UNSPECIFIED.,.F.,.F.,(7,5,5,5,5,5,5,5,7),(
    0.,0.12319244863,0.247128450768,0.370693306579,0.494692840868,
    0.618323555947,0.743543260844,0.870077436092,1.),.UNSPECIFIED.);
#7099 = CARTESIAN_POINT('',(1.979687325808E-09,272.99848332239));
#7100 = CARTESIAN_POINT('',(5.609048810103,272.99848332238));
#7101 = CARTESIAN_POINT('',(11.218059113322,272.99220936143));
#7102 = CARTESIAN_POINT('',(16.82700779661,272.97932245361));
#7103 = CARTESIAN_POINT('',(22.43586868968,272.95949192156));
#7104 = CARTESIAN_POINT('',(28.044612660272,272.93240928688));
#7105 = CARTESIAN_POINT('',(39.295654590262,272.86298615594));
#7106 = CARTESIAN_POINT('',(44.937952237892,272.82055466479));
#7107 = CARTESIAN_POINT('',(50.580067276626,272.7702310884));
#7108 = CARTESIAN_POINT('',(56.221968722457,272.71177719806));
#7109 = CARTESIAN_POINT('',(61.863628241118,272.64501338586));
#7110 = CARTESIAN_POINT('',(73.129516982164,272.49488817885));
#7111 = CARTESIAN_POINT('',(78.753749407289,272.41157728493));
#7112 = CARTESIAN_POINT('',(84.377691379365,272.3198037814));
#7113 = CARTESIAN_POINT('',(90.001325270114,272.21954573119));
#7114 = CARTESIAN_POINT('',(95.624640416362,272.11087145282));
#7115 = CARTESIAN_POINT('',(106.8904045924,271.87661715059));
#7116 = CARTESIAN_POINT('',(112.53285222633,271.750979011));
#7117 = CARTESIAN_POINT('',(118.17497119769,271.61720369454));
#7118 = CARTESIAN_POINT('',(123.81676662239,271.47556172972));
#7119 = CARTESIAN_POINT('',(129.45825125177,271.32641783173));
#7120 = CARTESIAN_POINT('',(140.72385803173,271.01449218502));
#7121 = CARTESIAN_POINT('',(146.34798201216,270.85175218396));
#7122 = CARTESIAN_POINT('',(151.97183554883,270.68244741517));
#7123 = CARTESIAN_POINT('',(157.59544457933,270.5071059737));
#7124 = CARTESIAN_POINT('',(163.21884007731,270.32631736826));
#7125 = CARTESIAN_POINT('',(174.53754679581,269.95271816121));
#7126 = CARTESIAN_POINT('',(180.23285297672,269.75978276163));
#7127 = CARTESIAN_POINT('',(185.92801154526,269.56255744416));
#7128 = CARTESIAN_POINT('',(191.62306117179,269.36173489828));
#7129 = CARTESIAN_POINT('',(197.31804152253,269.15802129412));
#7130 = CARTESIAN_POINT('',(208.76772402848,268.74403754504));
#7131 = CARTESIAN_POINT('',(214.52242502957,268.53372093349));
#7132 = CARTESIAN_POINT('',(220.27713557269,268.32187707976));
#7133 = CARTESIAN_POINT('',(226.03189405665,268.10920835416));
#7134 = CARTESIAN_POINT('',(231.7867357818,267.8963833206));
#7135 = CARTESIAN_POINT('',(243.45075717499,267.46596444363));
#7136 = CARTESIAN_POINT('',(249.35994285067,267.24839555879));
#7137 = CARTESIAN_POINT('',(255.26928264627,267.03197845129));
#7138 = CARTESIAN_POINT('',(261.17880512813,266.81732205298));
#7139 = CARTESIAN_POINT('',(267.08853316147,266.60496771496));
#7140 = CARTESIAN_POINT('',(272.99848317891,266.39538050256));
#7141 = ( GEOMETRIC_REPRESENTATION_CONTEXT(2) 
PARAMETRIC_REPRESENTATION_CONTEXT() REPRESENTATION_CONTEXT('2D SPACE',''
  ) );
#7142 = ORIENTED_EDGE('',*,*,#7143,.T.);
#7143 = EDGE_CURVE('',#7004,#7004,#7144,.T.);
#7144 = SURFACE_CURVE('',#7145,(#7421,#7428),.PCURVE_S1.);
#7145 = B_SPLINE_CURVE_WITH_KNOTS('',14,(#7146,#7147,#7148,#7149,#7150,
    #7151,#7152,#7153,#7154,#7155,#7156,#7157,#7158,#7159,#7160,#7161,
    #7162,#7163,#7164,#7165,#7166,#7167,#7168,#7169,#7170,#7171,#7172,
    #7173,#7174,#7175,#7176,#7177,#7178,#7179,#7180,#7181,#7182,#7183,
    #7184,#7185,#7186,#7187,#7188,#7189,#7190,#7191,#7192,#7193,#7194,
    #7195,#7196,#7197,#7198,#7199,#7200,#7201,#7202,#7203,#7204,#7205,
    #7206,#7207,#7208,#7209,#7210,#7211,#7212,#7213,#7214,#7215,#7216,
    #7217,#7218,#7219,#7220,#7221,#7222,#7223,#7224,#7225,#7226,#7227,
    #7228,#7229,#7230,#7231,#7232,#7233,#7234,#7235,#7236,#7237,#7238,
    #7239,#7240,#7241,#7242,#7243,#7244,#7245,#7246,#7247,#7248,#7249,
    #7250,#7251,#7252,#7253,#7254,#7255,#7256,#7257,#7258,#7259,#7260,
    #7261,#7262,#7263,#7264,#7265,#7266,#7267,#7268,#7269,#7270,#7271,
    #7272,#7273,#7274,#7275,#7276,#7277,#7278,#7279,#7280,#7281,#7282,
    #7283,#7284,#7285,#7286,#7287,#7288,#7289,#7290,#7291,#7292,#7293,
    #7294,#7295,#7296,#7297,#7298,#7299,#7300,#7301,#7302,#7303,#7304,
    #7305,#7306,#7307,#7308,#7309,#7310,#7311,#7312,#7313,#7314,#7315,
    #7316,#7317,#7318,#7319,#7320,#7321,#7322,#7323,#7324,#7325,#7326,
    #7327,#7328,#7329,#7330,#7331,#7332,#7333,#7334,#7335,#7336,#7337,
    #7338,#7339,#7340,#7341,#7342,#7343,#7344,#7345,#7346,#7347,#7348,
    #7349,#7350,#7351,#7352,#7353,#7354,#7355,#7356,#7357,#7358,#7359,
    #7360,#7361,#7362,#7363,#7364,#7365,#7366,#7367,#7368,#7369,#7370,
    #7371,#7372,#7373,#7374,#7375,#7376,#7377,#7378,#7379,#7380,#7381,
    #7382,#7383,#7384,#7385,#7386,#7387,#7388,#7389,#7390,#7391,#7392,
    #7393,#7394,#7395,#7396,#7397,#7398,#7399,#7400,#7401,#7402,#7403,
    #7404,#7405,#7406,#7407,#7408,#7409,#7410,#7411,#7412,#7413,#7414,
    #7415,#7416,#7417,#7418,#7419,#7420),.UNSPECIFIED.,.F.,.F.,(15,13,13
    ,13,13,13,13,13,13,13,13,13,13,13,13,13,13,13,13,13,13,15),(
    -8.443143151595,1.456797704203E-13,16.348367827368,34.960780664234,
    45.880631880429,52.292989308671,58.705346736913,64.188756004388,
    69.672165271863,86.301078476613,99.481553995437,115.8299218228,
    132.55130421049,145.73177972931,156.69859826426,167.2838447527,
    185.56187564428,206.06638494413,238.526470427,256.77635960691,
    272.99848332239,284.00484796765),.UNSPECIFIED.);
#7146 = CARTESIAN_POINT('',(31.482098629054,20.106611966673,15.));
#7147 = CARTESIAN_POINT('',(32.447085643654,20.094480257665,
    15.000000000003));
#7148 = CARTESIAN_POINT('',(33.356387579098,20.083048615254,
    15.000000000006));
#7149 = CARTESIAN_POINT('',(34.210004435387,20.072317039441,
    15.000000000009));
#7150 = CARTESIAN_POINT('',(35.007936212521,20.062285530225,
    15.000000000011));
#7151 = CARTESIAN_POINT('',(35.750182910499,20.052954087607,
    15.000000000012));
#7152 = CARTESIAN_POINT('',(36.436744529322,20.044322711586,
    15.000000000013));
#7153 = CARTESIAN_POINT('',(37.067621068989,20.036391402163,
    15.000000000014));
#7154 = CARTESIAN_POINT('',(37.642812529501,20.029160159337,
    15.000000000013));
#7155 = CARTESIAN_POINT('',(38.162318910858,20.022628983109,
    15.000000000013));
#7156 = CARTESIAN_POINT('',(38.626140213059,20.016797873478,
    15.000000000011));
#7157 = CARTESIAN_POINT('',(39.034276436105,20.011666830445,
    15.000000000009));
#7158 = CARTESIAN_POINT('',(39.386727579995,20.007235854009,
    15.000000000007));
#7159 = CARTESIAN_POINT('',(39.68349364473,20.003504944171,
    15.000000000004));
#7160 = CARTESIAN_POINT('',(40.391377165536,19.994605511563,
    14.999999999993));
#7161 = CARTESIAN_POINT('',(41.040414780753,19.970757880591,
    15.000000000033));
#7162 = CARTESIAN_POINT('',(41.816425754089,19.922971459119,
    14.999999999908));
#7163 = CARTESIAN_POINT('',(42.704666855209,19.853740874222,
    15.000000000189));
#7164 = CARTESIAN_POINT('',(43.687874868623,19.762947608351,
    14.999999999696));
#7165 = CARTESIAN_POINT('',(44.752205060263,19.651068118878,
    15.000000000392));
#7166 = CARTESIAN_POINT('',(45.887128550529,19.519344868585,
    14.999999999588));
#7167 = CARTESIAN_POINT('',(47.081514601453,19.368525016437,
    15.000000000356));
#7168 = CARTESIAN_POINT('',(48.323622995968,19.19901965564,
    14.999999999747));
#7169 = CARTESIAN_POINT('',(49.603276204956,19.011769110388,
    15.000000000147));
#7170 = CARTESIAN_POINT('',(50.910855370319,18.807884510445,
    14.999999999932));
#7171 = CARTESIAN_POINT('',(52.234750559562,18.587757451943,
    15.000000000024));
#7172 = CARTESIAN_POINT('',(53.565270649943,18.352586434453,
    14.999999999995));
#7173 = CARTESIAN_POINT('',(56.401514198758,17.819439761042,
    15.000000000006));
#7174 = CARTESIAN_POINT('',(57.875665682058,17.522990391093,
    14.999999999974));
#7175 = CARTESIAN_POINT('',(59.298294410799,17.207136303706,
    15.000000000071));
#7176 = CARTESIAN_POINT('',(60.637586792321,16.867298018597,
    14.999999999855));
#7177 = CARTESIAN_POINT('',(61.914515784888,16.499702992008,
    15.000000000233));
#7178 = CARTESIAN_POINT('',(62.99495337996,16.096789932317,
    14.999999999692));
#7179 = CARTESIAN_POINT('',(64.069979560537,15.693066428287,
    15.000000000338));
#7180 = CARTESIAN_POINT('',(64.780709312104,15.20709686056,
    14.999999999693));
#7181 = CARTESIAN_POINT('',(65.488078657555,14.842712174023,
    15.000000000229));
#7182 = CARTESIAN_POINT('',(65.834408829426,14.344212687204,
    14.999999999863));
#7183 = CARTESIAN_POINT('',(65.955661274188,14.116566898634,
    15.000000000064));
#7184 = CARTESIAN_POINT('',(66.028897767358,14.00114683667,
    14.999999999979));
#7185 = CARTESIAN_POINT('',(66.099313427342,13.886532183914,
    15.000000000003));
#7186 = CARTESIAN_POINT('',(66.185097853857,13.514453857849,
    14.999999999999));
#7187 = CARTESIAN_POINT('',(66.220263357173,13.295778051937,15.));
#7188 = CARTESIAN_POINT('',(66.238689368705,13.010593968252,
    15.000000000001));
#7189 = CARTESIAN_POINT('',(66.227759721718,12.678857666105,15.));
#7190 = CARTESIAN_POINT('',(66.182310915984,12.320457725671,
    14.999999999994));
#7191 = CARTESIAN_POINT('',(66.101721489305,11.953405192041,
    15.000000000012));
#7192 = CARTESIAN_POINT('',(65.987857992552,11.593915534893,
    14.999999999988));
#7193 = CARTESIAN_POINT('',(65.844829152267,11.256824103752,
    15.000000000005));
#7194 = CARTESIAN_POINT('',(65.679738990788,10.955189323164,
    15.000000000004));
#7195 = CARTESIAN_POINT('',(65.502807265967,10.698588385456,
    14.999999999991));
#7196 = CARTESIAN_POINT('',(65.325341489518,10.490498330118,
    15.000000000008));
#7197 = CARTESIAN_POINT('',(65.155099088925,10.326281295487,
    14.999999999994));
#7198 = CARTESIAN_POINT('',(64.990570906294,10.194656246417,
    15.000000000003));
#7199 = CARTESIAN_POINT('',(64.717691764898,10.024005465945,
    14.999999999996));
#7200 = CARTESIAN_POINT('',(64.569873979269,9.941374301898,
    15.000000000023));
#7201 = CARTESIAN_POINT('',(64.371630552264,9.845058904524,
    14.999999999933));
#7202 = CARTESIAN_POINT('',(64.123898157939,9.741421199183,
    15.000000000138));
#7203 = CARTESIAN_POINT('',(63.830156441833,9.635704716708,
    14.999999999784));
#7204 = CARTESIAN_POINT('',(63.495080205972,9.531486080755,
    15.000000000271));
#7205 = CARTESIAN_POINT('',(63.123676931664,9.430774760537,
    14.999999999722));
#7206 = CARTESIAN_POINT('',(62.720791442773,9.334393519878,
    15.000000000235));
#7207 = CARTESIAN_POINT('',(62.290865821441,9.242376423505,
    14.999999999835));
#7208 = CARTESIAN_POINT('',(61.837849464125,9.154225542873,
    15.000000000094));
#7209 = CARTESIAN_POINT('',(61.36516042921,9.068971958483,
    14.999999999958));
#7210 = CARTESIAN_POINT('',(60.875605981182,8.985090934497,
    15.000000000013));
#7211 = CARTESIAN_POINT('',(60.371176580703,8.900425575571,
    14.999999999998));
#7212 = CARTESIAN_POINT('',(59.334091843333,8.724329606077,15.));
#7213 = CARTESIAN_POINT('',(58.801593230527,8.633057427108,
    15.000000000006));
#7214 = CARTESIAN_POINT('',(58.254318395574,8.533754795773,
    14.999999999974));
#7215 = CARTESIAN_POINT('',(57.701137937896,8.434044467778,
    15.000000000066));
#7216 = CARTESIAN_POINT('',(57.105985305941,8.291209416532,
    14.999999999877));
#7217 = CARTESIAN_POINT('',(56.558600945993,8.19424850014,
    15.000000000174));
#7218 = CARTESIAN_POINT('',(55.855745989867,7.958900201285,
    14.999999999809));
#7219 = CARTESIAN_POINT('',(55.319703615512,7.82126495097,
    15.000000000165));
#7220 = CARTESIAN_POINT('',(54.481613770546,7.505490382494,
    14.999999999888));
#7221 = CARTESIAN_POINT('',(53.830922966263,7.148625103273,
    15.000000000058));
#7222 = CARTESIAN_POINT('',(52.896198704386,6.704247321339,
    14.999999999979));
#7223 = CARTESIAN_POINT('',(51.91588107249,5.869189489287,
    15.000000000002));
#7224 = CARTESIAN_POINT('',(51.085977378594,4.727220322936,
    15.000000000003));
#7225 = CARTESIAN_POINT('',(50.017174121057,2.302839472483,
    14.999999999993));
#7226 = CARTESIAN_POINT('',(49.748776151334,1.152957132477,
    15.000000000047));
#7227 = CARTESIAN_POINT('',(49.70748508437,7.239152751945E-02,
    14.999999999856));
#7228 = CARTESIAN_POINT('',(49.831736260568,-0.846475442175,
    15.000000000311));
#7229 = CARTESIAN_POINT('',(49.991151370795,-1.631101412172,
    14.999999999484));
#7230 = CARTESIAN_POINT('',(50.206747966589,-2.348917864611,
    15.000000000687));
#7231 = CARTESIAN_POINT('',(50.448836644062,-2.991344744108,
    14.999999999255));
#7232 = CARTESIAN_POINT('',(50.704094051196,-3.582333705946,
    15.000000000663));
#7233 = CARTESIAN_POINT('',(50.985582181632,-4.149736542706,
    14.999999999516));
#7234 = CARTESIAN_POINT('',(51.275534668854,-4.678035767033,
    15.000000000287));
#7235 = CARTESIAN_POINT('',(51.582442000865,-5.192793747249,
    14.999999999865));
#7236 = CARTESIAN_POINT('',(51.900930805611,-5.688204746795,
    15.000000000048));
#7237 = CARTESIAN_POINT('',(52.231514354853,-6.17104787873,
    14.999999999989));
#7238 = CARTESIAN_POINT('',(52.914697088216,-7.114396710027,
    15.000000000011));
#7239 = CARTESIAN_POINT('',(53.267314896984,-7.574996371855,
    14.999999999945));
#7240 = CARTESIAN_POINT('',(53.630170115058,-8.026691019291,
    15.000000000157));
#7241 = CARTESIAN_POINT('',(54.002459945328,-8.470763379207,
    14.999999999671));
#7242 = CARTESIAN_POINT('',(54.383339696567,-8.907876108836,
    15.000000000541));
#7243 = CARTESIAN_POINT('',(54.771908708092,-9.33826854771,
    14.999999999282));
#7244 = CARTESIAN_POINT('',(55.167208363231,-9.76189516776,
    15.000000000779));
#7245 = CARTESIAN_POINT('',(55.568229912678,-10.1785175606,
    14.999999999306));
#7246 = CARTESIAN_POINT('',(55.973930275301,-10.58776187327,
    15.000000000506));
#7247 = CARTESIAN_POINT('',(56.383253435673,-10.98915351412,
    14.999999999703));
#7248 = CARTESIAN_POINT('',(56.795155640319,-11.38214104658,
    15.000000000136));
#7249 = CARTESIAN_POINT('',(57.208632057951,-11.76612109935,
    14.999999999955));
#7250 = CARTESIAN_POINT('',(57.622742996798,-12.14047619325,
    15.000000000008));
#7251 = CARTESIAN_POINT('',(59.291808317084,-13.60898751717,
    14.999999999983));
#7252 = CARTESIAN_POINT('',(60.524236641581,-14.60118240194,
    15.00000000007));
#7253 = CARTESIAN_POINT('',(61.723555539085,-15.49181814896,
    14.999999999811));
#7254 = CARTESIAN_POINT('',(62.879388338483,-16.29216005101,
    15.000000000386));
#7255 = CARTESIAN_POINT('',(63.979941111984,-17.01485291637,
    14.999999999378));
#7256 = CARTESIAN_POINT('',(65.014615657006,-17.67292125093,
    15.000000000812));
#7257 = CARTESIAN_POINT('',(65.974737497743,-18.27921561768,
    14.99999999913));
#7258 = CARTESIAN_POINT('',(66.852861515756,-18.84572073928,
    15.000000000768));
#7259 = CARTESIAN_POINT('',(67.642959667095,-19.38225563095,
    14.999999999445));
#7260 = CARTESIAN_POINT('',(68.342741405547,-19.89550478416,
    15.000000000324));
#7261 = CARTESIAN_POINT('',(68.957032969847,-20.39045926884,
    14.999999999853));
#7262 = CARTESIAN_POINT('',(69.499177795915,-20.87565622814,
    15.000000000047));
#7263 = CARTESIAN_POINT('',(69.987442143655,-21.3695217302,
    14.999999999993));
#7264 = CARTESIAN_POINT('',(70.793416307159,-22.31344945022,
    15.000000000001));
#7265 = CARTESIAN_POINT('',(71.152468466786,-22.78290637617,
    15.000000000009));
#7266 = CARTESIAN_POINT('',(71.507771007699,-23.30113486501,
    14.999999999962));
#7267 = CARTESIAN_POINT('',(71.853759946832,-23.86371453988,
    15.000000000089));
#7268 = CARTESIAN_POINT('',(72.185674627725,-24.46556679553,
    14.999999999848));
#7269 = CARTESIAN_POINT('',(72.499470815306,-25.10125332806,
    15.000000000203));
#7270 = CARTESIAN_POINT('',(72.791724097832,-25.76515655116,
    14.999999999782));
#7271 = CARTESIAN_POINT('',(73.059534778427,-26.45156777851,
    15.000000000189));
#7272 = CARTESIAN_POINT('',(73.30044531272,-27.15470898873,
    14.999999999868));
#7273 = CARTESIAN_POINT('',(73.512381503506,-27.86871406682,
    15.000000000073));
#7274 = CARTESIAN_POINT('',(73.693628501739,-28.58759533461,
    14.999999999969));
#7275 = CARTESIAN_POINT('',(73.842852808034,-29.30522125632,
    15.000000000008));
#7276 = CARTESIAN_POINT('',(73.959181357766,-30.01533114821,15.));
#7277 = CARTESIAN_POINT('',(74.145505417688,-31.57524380689,
    14.999999999998));
#7278 = CARTESIAN_POINT('',(74.201389639648,-32.4491921234,
    15.000000000015));
#7279 = CARTESIAN_POINT('',(74.213136912264,-33.33857230815,
    14.999999999952));
#7280 = CARTESIAN_POINT('',(74.182826374406,-34.24726806869,
    15.000000000107));
#7281 = CARTESIAN_POINT('',(74.112254573383,-35.17770933431,
    14.999999999812));
#7282 = CARTESIAN_POINT('',(74.003435703654,-36.13103920035,
    15.000000000266));
#7283 = CARTESIAN_POINT('',(73.858881609129,-37.10747487148,
    14.999999999695));
#7284 = CARTESIAN_POINT('',(73.681713359821,-38.10671342691,
    15.000000000283));
#7285 = CARTESIAN_POINT('',(73.47565442661,-39.12827966515,
    14.999999999789));
#7286 = CARTESIAN_POINT('',(73.244954235893,-40.17176001677,
    15.000000000123));
#7287 = CARTESIAN_POINT('',(72.994289004792,-41.23691289979,
    14.999999999946));
#7288 = CARTESIAN_POINT('',(72.728685525619,-42.32369262506,
    15.000000000015));
#7289 = CARTESIAN_POINT('',(72.453511766428,-43.43227039121,15.));
#7290 = CARTESIAN_POINT('',(71.889277444897,-45.71989833575,
    14.999999999996));
#7291 = CARTESIAN_POINT('',(71.606886616094,-46.87218257937,
    15.000000000029));
#7292 = CARTESIAN_POINT('',(71.326732330533,-48.02028544923,
    14.999999999909));
#7293 = CARTESIAN_POINT('',(71.048145145908,-49.16446463904,
    15.000000000192));
#7294 = CARTESIAN_POINT('',(70.770458131137,-50.30498537313,
    14.999999999693));
#7295 = CARTESIAN_POINT('',(70.493006891076,-51.44212042491,
    15.000000000392));
#7296 = CARTESIAN_POINT('',(70.215129526902,-52.57615008724,
    14.999999999594));
#7297 = CARTESIAN_POINT('',(69.936166688965,-53.70736221204,
    15.000000000344));
#7298 = CARTESIAN_POINT('',(69.655461517285,-54.83605216556,
    14.999999999761));
#7299 = CARTESIAN_POINT('',(69.372359698493,-55.96252287133,
    15.000000000135));
#7300 = CARTESIAN_POINT('',(69.086209419409,-57.08708477503,
    14.99999999994));
#7301 = CARTESIAN_POINT('',(68.796361399207,-58.21005586891,
    15.000000000019));
#7302 = CARTESIAN_POINT('',(68.502168870635,-59.33176167748,
    14.999999999997));
#7303 = CARTESIAN_POINT('',(67.967160701945,-61.33597471239,
    15.000000000002));
#7304 = CARTESIAN_POINT('',(67.73347896584,-62.19921506334,
    14.999999999997));
#7305 = CARTESIAN_POINT('',(67.498533282176,-63.04046964217,
    15.000000000006));
#7306 = CARTESIAN_POINT('',(67.259344078547,-63.8578633715,
    14.999999999995));
#7307 = CARTESIAN_POINT('',(67.01324372318,-64.64950491276,
    14.999999999995));
#7308 = CARTESIAN_POINT('',(66.757880345177,-65.41353013867,
    15.000000000028));
#7309 = CARTESIAN_POINT('',(66.491259093671,-66.14817624834,
    14.999999999945));
#7310 = CARTESIAN_POINT('',(66.211756503301,-66.85191704576,
    15.000000000072));
#7311 = CARTESIAN_POINT('',(65.91806326862,-67.52366119509,
    14.999999999933));
#7312 = CARTESIAN_POINT('',(65.609030390208,-68.16298646829,
    15.000000000047));
#7313 = CARTESIAN_POINT('',(65.283413255892,-68.77035428394,
    14.999999999976));
#7314 = CARTESIAN_POINT('',(64.939527911496,-69.34722006069,
    15.000000000008));
#7315 = CARTESIAN_POINT('',(64.574853361915,-69.8959261661,
    14.999999999999));
#7316 = CARTESIAN_POINT('',(63.86178286559,-70.85465516065,15.));
#7317 = CARTESIAN_POINT('',(63.516700565136,-71.27825015166,
    15.000000000003));
#7318 = CARTESIAN_POINT('',(63.153461674004,-71.68455474915,
    14.999999999984));
#7319 = CARTESIAN_POINT('',(62.775759646407,-72.06853842638,
    15.000000000048));
#7320 = CARTESIAN_POINT('',(62.387483931886,-72.42568463552,
    14.999999999895));
#7321 = CARTESIAN_POINT('',(61.99272717334,-72.75200037311,
    15.000000000171));
#7322 = CARTESIAN_POINT('',(61.595912451658,-73.0440879686,
    14.999999999785));
#7323 = CARTESIAN_POINT('',(61.201816844335,-73.29933805902,
    15.000000000211));
#7324 = CARTESIAN_POINT('',(60.815353143227,-73.5162299526,
    14.999999999836));
#7325 = CARTESIAN_POINT('',(60.441057385556,-73.69465321786,
    15.0000000001));
#7326 = CARTESIAN_POINT('',(60.082315364327,-73.83609147827,
    14.999999999953));
#7327 = CARTESIAN_POINT('',(59.740447119797,-73.94343705917,
    15.000000000016));
#7328 = CARTESIAN_POINT('',(59.413853948998,-74.02013232062,
    14.999999999997));
#7329 = CARTESIAN_POINT('',(58.792188907492,-74.11471526941,
    15.000000000003));
#7330 = CARTESIAN_POINT('',(58.453899806014,-74.14106046257,
    14.999999999985));
#7331 = CARTESIAN_POINT('',(58.084964118548,-74.14321176157,
    15.000000000044));
#7332 = CARTESIAN_POINT('',(57.69047832182,-74.11761082142,
    14.999999999903));
#7333 = CARTESIAN_POINT('',(57.277131437087,-74.06199745903,
    15.000000000167));
#7334 = CARTESIAN_POINT('',(56.852385091811,-73.97558785738,
    14.99999999977));
#7335 = CARTESIAN_POINT('',(56.423954673762,-73.85894927084,
    15.000000000255));
#7336 = CARTESIAN_POINT('',(55.999517070233,-73.71378705175,
    14.999999999769));
#7337 = CARTESIAN_POINT('',(55.586565980148,-73.542786071,
    15.000000000171));
#7338 = CARTESIAN_POINT('',(55.192330907603,-73.349574403,
    14.999999999898));
#7339 = CARTESIAN_POINT('',(54.823671498058,-73.13880346364,
    15.000000000049));
#7340 = CARTESIAN_POINT('',(54.486853998513,-72.9162645911,
    14.999999999983));
#7341 = CARTESIAN_POINT('',(54.187112119513,-72.68888830694,
    15.000000000004));
#7342 = CARTESIAN_POINT('',(53.480278694941,-72.07676139619,
    14.999999999992));
#7343 = CARTESIAN_POINT('',(53.087783363181,-71.64082852209,
    15.000000000038));
#7344 = CARTESIAN_POINT('',(52.716365791624,-71.13413861869,
    14.999999999891));
#7345 = CARTESIAN_POINT('',(52.345781217858,-70.52399162701,
    15.000000000226));
#7346 = CARTESIAN_POINT('',(51.988030014209,-69.78696757751,
    14.999999999636));
#7347 = CARTESIAN_POINT('',(51.65864975154,-68.92528741107,
    15.000000000468));
#7348 = CARTESIAN_POINT('',(51.364036979165,-67.95420153652,
    14.999999999511));
#7349 = CARTESIAN_POINT('',(51.103860787022,-66.88779573718,
    15.00000000042));
#7350 = CARTESIAN_POINT('',(50.875172782275,-65.7380397857,
    14.999999999704));
#7351 = CARTESIAN_POINT('',(50.672750732886,-64.51912213543,
    15.000000000169));
#7352 = CARTESIAN_POINT('',(50.488533996105,-63.24488063597,
    14.999999999924));
#7353 = CARTESIAN_POINT('',(50.312999809928,-61.92344556288,
    15.000000000025));
#7354 = CARTESIAN_POINT('',(50.135550450245,-60.56526431703,
    14.999999999996));
#7355 = CARTESIAN_POINT('',(49.727578471104,-57.6194335925,
    15.000000000003));
#7356 = CARTESIAN_POINT('',(49.502594422625,-56.09155399127,
    14.999999999989));
#7357 = CARTESIAN_POINT('',(49.270877050989,-54.59139308071,
    15.000000000026));
#7358 = CARTESIAN_POINT('',(49.03496574891,-53.11702694127,
    14.999999999955));
#7359 = CARTESIAN_POINT('',(48.797363137126,-51.66647894134,
    15.000000000059));
#7360 = CARTESIAN_POINT('',(48.560517134912,-50.23771423464,
    14.999999999939));
#7361 = CARTESIAN_POINT('',(48.326807229058,-48.82863366606,
    15.000000000049));
#7362 = CARTESIAN_POINT('',(48.098534935012,-47.43706707351,
    14.999999999969));
#7363 = CARTESIAN_POINT('',(47.877918453704,-46.06076599639,
    15.000000000014));
#7364 = CARTESIAN_POINT('',(47.667091525289,-44.69739578475,
    14.999999999996));
#7365 = CARTESIAN_POINT('',(47.468106473678,-43.34452710928,
    14.999999999999));
#7366 = CARTESIAN_POINT('',(47.282941451029,-41.99962687661,
    15.000000000001));
#7367 = CARTESIAN_POINT('',(47.113511872744,-40.66004854347,
    14.999999999999));
#7368 = CARTESIAN_POINT('',(46.721335057661,-37.20641418612,
    15.000000000003));
#7369 = CARTESIAN_POINT('',(46.521421911184,-35.06376869469,
    14.999999999985));
#7370 = CARTESIAN_POINT('',(46.358681168703,-32.89696269734,
    15.000000000043));
#7371 = CARTESIAN_POINT('',(46.229742047596,-30.70792327401,
    14.999999999909));
#7372 = CARTESIAN_POINT('',(46.131138780965,-28.49860386061,
    15.000000000149));
#7373 = CARTESIAN_POINT('',(46.059319862591,-26.27096402017,
    14.999999999802));
#7374 = CARTESIAN_POINT('',(46.010656215305,-24.02695239355,
    15.000000000216));
#7375 = CARTESIAN_POINT('',(45.981448228682,-21.76849279791,
    14.999999999806));
#7376 = CARTESIAN_POINT('',(45.9679317386,-19.49747351497,
    15.000000000143));
#7377 = CARTESIAN_POINT('',(45.966282864978,-17.21573972126,
    14.999999999915));
#7378 = CARTESIAN_POINT('',(45.972621791006,-14.92508910731,
    15.000000000039));
#7379 = CARTESIAN_POINT('',(45.983015412323,-12.62727064597,
    14.999999999987));
#7380 = CARTESIAN_POINT('',(45.993478908935,-10.32398653888,
    15.000000000003));
#7381 = CARTESIAN_POINT('',(46.0036291534,-6.719792836409,
    14.999999999999));
#7382 = CARTESIAN_POINT('',(46.006017826321,-5.424996728486,
    15.000000000005));
#7383 = CARTESIAN_POINT('',(46.007318768917,-4.132336923421,
    14.999999999986));
#7384 = CARTESIAN_POINT('',(46.007708193594,-2.841640668094,
    15.000000000031));
#7385 = CARTESIAN_POINT('',(46.00736198014,-1.552734532274,
    14.999999999944));
#7386 = CARTESIAN_POINT('',(46.006455678847,-0.265444408265,
    15.000000000077));
#7387 = CARTESIAN_POINT('',(46.005164505277,1.020404488443,
    14.999999999917));
#7388 = CARTESIAN_POINT('',(46.003663347521,2.30498762014,
    15.000000000071));
#7389 = CARTESIAN_POINT('',(46.002126757835,3.588481125688,
    14.999999999952));
#7390 = CARTESIAN_POINT('',(46.000728960673,4.871061821816,
    15.000000000026));
#7391 = CARTESIAN_POINT('',(45.999643846242,6.152907201928,
    14.999999999988));
#7392 = CARTESIAN_POINT('',(45.999044974822,7.434195437035,
    15.000000000004));
#7393 = CARTESIAN_POINT('',(45.999105574356,8.715105375149,
    14.999999999999));
#7394 = CARTESIAN_POINT('',(46.000792290179,11.134226467334,
    15.000000000002));
#7395 = CARTESIAN_POINT('',(46.002244693109,12.273911517918,
    14.999999999991));
#7396 = CARTESIAN_POINT('',(46.004161814457,13.414819538682,
    15.000000000025));
#7397 = CARTESIAN_POINT('',(46.006349183362,14.55689864628,
    14.999999999951));
#7398 = CARTESIAN_POINT('',(46.008611794423,15.700097228548,
    15.000000000071));
#7399 = CARTESIAN_POINT('',(46.010754107192,16.844363944871,
    14.999999999922));
#7400 = CARTESIAN_POINT('',(46.012580046274,17.9896477254,
    15.000000000063));
#7401 = CARTESIAN_POINT('',(46.013893002397,19.135897772431,
    14.999999999962));
#7402 = CARTESIAN_POINT('',(46.014495829589,20.283063558409,
    15.000000000017));
#7403 = CARTESIAN_POINT('',(46.014190849609,21.431094828303,
    14.999999999995));
#7404 = CARTESIAN_POINT('',(46.012779846856,22.579941597278,
    15.000000000001));
#7405 = CARTESIAN_POINT('',(46.010064072914,23.729554152577,15.));
#7406 = CARTESIAN_POINT('',(46.005844243334,24.879883052269,15.));
#7407 = CARTESIAN_POINT('',(45.995901432801,26.811805391449,15.));
#7408 = CARTESIAN_POINT('',(45.991878183375,27.593536614839,15.));
#7409 = CARTESIAN_POINT('',(45.987850791161,28.376072796096,15.));
#7410 = CARTESIAN_POINT('',(45.983819256161,29.159413935221,15.));
#7411 = CARTESIAN_POINT('',(45.979783578373,29.943560032215,15.));
#7412 = CARTESIAN_POINT('',(45.975743757797,30.728511087076,15.));
#7413 = CARTESIAN_POINT('',(45.971699794434,31.514267099804,15.));
#7414 = CARTESIAN_POINT('',(45.967651688284,32.300828070401,
    15.000000000001));
#7415 = CARTESIAN_POINT('',(45.963599439346,33.088193998866,
    15.000000000001));
#7416 = CARTESIAN_POINT('',(45.959543047621,33.876364885199,
    15.000000000001));
#7417 = CARTESIAN_POINT('',(45.955482513108,34.665340729399,
    15.000000000001));
#7418 = CARTESIAN_POINT('',(45.951417835808,35.455121531467,
    15.000000000001));
#7419 = CARTESIAN_POINT('',(45.94734901572,36.245707291404,
    15.000000000001));
#7420 = CARTESIAN_POINT('',(45.943276052846,37.037098009208,
    15.000000000001));
#7421 = PCURVE('',#4628,#7422);
#7422 = DEFINITIONAL_REPRESENTATION('',(#7423),#7427);
#7423 = LINE('',#7424,#7425);
#7424 = CARTESIAN_POINT('',(272.99848332239,0.));
#7425 = VECTOR('',#7426,1.);
#7426 = DIRECTION('',(0.,1.));
#7427 = ( GEOMETRIC_REPRESENTATION_CONTEXT(2) 
PARAMETRIC_REPRESENTATION_CONTEXT() REPRESENTATION_CONTEXT('2D SPACE',''
  ) );
#7428 = PCURVE('',#7429,#7434);
#7429 = PLANE('',#7430);
#7430 = AXIS2_PLACEMENT_3D('',#7431,#7432,#7433);
#7431 = CARTESIAN_POINT('',(57.125709547801,-23.70639549911,15.));
#7432 = DIRECTION('',(-0.,-0.,-1.));
#7433 = DIRECTION('',(-1.,0.,0.));
#7434 = DEFINITIONAL_REPRESENTATION('',(#7435),#7685);
#7435 = B_SPLINE_CURVE_WITH_KNOTS('',14,(#7436,#7437,#7438,#7439,#7440,
    #7441,#7442,#7443,#7444,#7445,#7446,#7447,#7448,#7449,#7450,#7451,
    #7452,#7453,#7454,#7455,#7456,#7457,#7458,#7459,#7460,#7461,#7462,
    #7463,#7464,#7465,#7466,#7467,#7468,#7469,#7470,#7471,#7472,#7473,
    #7474,#7475,#7476,#7477,#7478,#7479,#7480,#7481,#7482,#7483,#7484,
    #7485,#7486,#7487,#7488,#7489,#7490,#7491,#7492,#7493,#7494,#7495,
    #7496,#7497,#7498,#7499,#7500,#7501,#7502,#7503,#7504,#7505,#7506,
    #7507,#7508,#7509,#7510,#7511,#7512,#7513,#7514,#7515,#7516,#7517,
    #7518,#7519,#7520,#7521,#7522,#7523,#7524,#7525,#7526,#7527,#7528,
    #7529,#7530,#7531,#7532,#7533,#7534,#7535,#7536,#7537,#7538,#7539,
    #7540,#7541,#7542,#7543,#7544,#7545,#7546,#7547,#7548,#7549,#7550,
    #7551,#7552,#7553,#7554,#7555,#7556,#7557,#7558,#7559,#7560,#7561,
    #7562,#7563,#7564,#7565,#7566,#7567,#7568,#7569,#7570,#7571,#7572,
    #7573,#7574,#7575,#7576,#7577,#7578,#7579,#7580,#7581,#7582,#7583,
    #7584,#7585,#7586,#7587,#7588,#7589,#7590,#7591,#7592,#7593,#7594,
    #7595,#7596,#7597,#7598,#7599,#7600,#7601,#7602,#7603,#7604,#7605,
    #7606,#7607,#7608,#7609,#7610,#7611,#7612,#7613,#7614,#7615,#7616,
    #7617,#7618,#7619,#7620,#7621,#7622,#7623,#7624,#7625,#7626,#7627,
    #7628,#7629,#7630,#7631,#7632,#7633,#7634,#7635,#7636,#7637,#7638,
    #7639,#7640,#7641,#7642,#7643,#7644,#7645,#7646,#7647,#7648,#7649,
    #7650,#7651,#7652,#7653,#7654,#7655,#7656,#7657,#7658,#7659,#7660,
    #7661,#7662,#7663,#7664,#7665,#7666,#7667,#7668,#7669,#7670,#7671,
    #7672,#7673,#7674,#7675,#7676,#7677,#7678,#7679,#7680,#7681,#7682,
    #7683,#7684),.UNSPECIFIED.,.F.,.F.,(15,13,13,13,13,13,13,13,13,13,13
    ,13,13,13,13,13,13,13,13,15),(1.456797704203E-13,16.348367827368,
    34.960780664234,45.880631880429,52.292989308671,58.705346736913,
    64.188756004388,69.672165271863,86.301078476613,99.481553995437,
    115.8299218228,132.55130421049,145.73177972931,156.69859826426,
    167.2838447527,185.56187564428,206.06638494413,238.526470427,
    256.77635960691,272.99848332239),.UNSPECIFIED.);
#7436 = CARTESIAN_POINT('',(17.201134917491,43.706869600048));
#7437 = CARTESIAN_POINT('',(16.734332382239,43.701001010672));
#7438 = CARTESIAN_POINT('',(16.085294767167,43.677153379751));
#7439 = CARTESIAN_POINT('',(15.309283793373,43.629366958122));
#7440 = CARTESIAN_POINT('',(14.421042693291,43.560136373566));
#7441 = CARTESIAN_POINT('',(13.437834678052,43.469343107126));
#7442 = CARTESIAN_POINT('',(12.373504488992,43.357463618408));
#7443 = CARTESIAN_POINT('',(11.238580995741,43.225740367304));
#7444 = CARTESIAN_POINT('',(10.044194947675,43.07492051587));
#7445 = CARTESIAN_POINT('',(8.802086550882,42.905415154551));
#7446 = CARTESIAN_POINT('',(7.522433343401,42.71816460962));
#7447 = CARTESIAN_POINT('',(6.214854177222,42.514280009511));
#7448 = CARTESIAN_POINT('',(4.890958988329,42.29415295108));
#7449 = CARTESIAN_POINT('',(3.560438897838,42.058981933565));
#7450 = CARTESIAN_POINT('',(0.724195349066,41.525835260169));
#7451 = CARTESIAN_POINT('',(-0.749956134363,41.229385890164));
#7452 = CARTESIAN_POINT('',(-2.172584862703,40.913531802961));
#7453 = CARTESIAN_POINT('',(-3.511877245121,40.57369351743));
#7454 = CARTESIAN_POINT('',(-4.78880623612,40.206098491587));
#7455 = CARTESIAN_POINT('',(-5.869243833433,39.803185430837));
#7456 = CARTESIAN_POINT('',(-6.944270011346,39.39946192804));
#7457 = CARTESIAN_POINT('',(-7.654999765559,38.913492359125));
#7458 = CARTESIAN_POINT('',(-8.362369108825,38.549107673532));
#7459 = CARTESIAN_POINT('',(-8.70869928218,38.050608186101));
#7460 = CARTESIAN_POINT('',(-8.82995172613,37.822962397847));
#7461 = CARTESIAN_POINT('',(-8.903188219642,37.707542335763));
#7462 = CARTESIAN_POINT('',(-8.973603879527,37.592927683032));
#7463 = CARTESIAN_POINT('',(-9.05938830606,37.220849356973));
#7464 = CARTESIAN_POINT('',(-9.09455380937,37.002173551001));
#7465 = CARTESIAN_POINT('',(-9.112979820905,36.716989467539));
#7466 = CARTESIAN_POINT('',(-9.102050173903,36.385253164855));
#7467 = CARTESIAN_POINT('',(-9.056601368229,36.026853225409));
#7468 = CARTESIAN_POINT('',(-8.976011941427,35.65980069031));
#7469 = CARTESIAN_POINT('',(-8.862148444834,35.300311034979));
#7470 = CARTESIAN_POINT('',(-8.719119604413,34.963219601951));
#7471 = CARTESIAN_POINT('',(-8.554029442999,34.661584823004));
#7472 = CARTESIAN_POINT('',(-8.377097718184,34.404983884112));
#7473 = CARTESIAN_POINT('',(-8.199631941692,34.19689382947));
#7474 = CARTESIAN_POINT('',(-8.029389541144,34.032676794515));
#7475 = CARTESIAN_POINT('',(-7.864861358483,33.901051745559));
#7476 = CARTESIAN_POINT('',(-7.591982217111,33.730400965045));
#7477 = CARTESIAN_POINT('',(-7.444164431381,33.647769801119));
#7478 = CARTESIAN_POINT('',(-7.245921004722,33.55145440334));
#7479 = CARTESIAN_POINT('',(-6.998188609607,33.447816698932));
#7480 = CARTESIAN_POINT('',(-6.704446894866,33.342100214799));
#7481 = CARTESIAN_POINT('',(-6.369370657125,33.237881581217));
#7482 = CARTESIAN_POINT('',(-5.997967384935,33.137170258215));
#7483 = CARTESIAN_POINT('',(-5.595081894066,33.040789020268));
#7484 = CARTESIAN_POINT('',(-5.165156274276,32.948771921701));
#7485 = CARTESIAN_POINT('',(-4.712139915961,32.860621042533));
#7486 = CARTESIAN_POINT('',(-4.239450881571,32.775367457351));
#7487 = CARTESIAN_POINT('',(-3.74989643333,32.691486433699));
#7488 = CARTESIAN_POINT('',(-3.24546703291,32.606821074673));
#7489 = CARTESIAN_POINT('',(-2.208382295532,32.430725105207));
#7490 = CARTESIAN_POINT('',(-1.675883682705,32.339452926181));
#7491 = CARTESIAN_POINT('',(-1.128608847864,32.240150295001));
#7492 = CARTESIAN_POINT('',(-0.575428389857,32.140439966688));
#7493 = CARTESIAN_POINT('',(1.972424141111E-02,31.997604915963));
#7494 = CARTESIAN_POINT('',(0.567108602446,31.900643998862));
#7495 = CARTESIAN_POINT('',(1.26996355723,31.665295700826));
#7496 = CARTESIAN_POINT('',(1.806005932899,31.527660449705));
#7497 = CARTESIAN_POINT('',(2.644095776841,31.211885881903));
#7498 = CARTESIAN_POINT('',(3.294786581751,30.855020602208));
#7499 = CARTESIAN_POINT('',(4.22951084334,30.41064282055));
#7500 = CARTESIAN_POINT('',(5.209828475319,29.575584988367));
#7501 = CARTESIAN_POINT('',(6.039732169218,28.433615822065));
#7502 = CARTESIAN_POINT('',(7.108535426718,26.009234971586));
#7503 = CARTESIAN_POINT('',(7.376933396645,24.859352631677));
#7504 = CARTESIAN_POINT('',(7.41822446288,23.778787026391));
#7505 = CARTESIAN_POINT('',(7.293973288418,22.859920057472));
#7506 = CARTESIAN_POINT('',(7.134558175037,22.075294086066));
#7507 = CARTESIAN_POINT('',(6.91896158383,21.35747763568));
#7508 = CARTESIAN_POINT('',(6.676872900901,20.715050753736));
#7509 = CARTESIAN_POINT('',(6.421615499128,20.124061794305));
#7510 = CARTESIAN_POINT('',(6.140127364326,19.556658955587));
#7511 = CARTESIAN_POINT('',(5.850174880041,19.028359732572));
#7512 = CARTESIAN_POINT('',(5.543267546421,18.513601751641));
#7513 = CARTESIAN_POINT('',(5.224778742371,18.018190752403));
#7514 = CARTESIAN_POINT('',(4.894195192907,17.53534762037));
#7515 = CARTESIAN_POINT('',(4.211012459626,16.591998789109));
#7516 = CARTESIAN_POINT('',(3.858394650616,16.131399127174));
#7517 = CARTESIAN_POINT('',(3.495539433312,15.679704480082));
#7518 = CARTESIAN_POINT('',(3.123249601283,15.235632119376));
#7519 = CARTESIAN_POINT('',(2.742369853189,14.798519391165));
#7520 = CARTESIAN_POINT('',(2.353800837112,14.368126950228));
#7521 = CARTESIAN_POINT('',(1.958501187388,13.944500332646));
#7522 = CARTESIAN_POINT('',(1.557479632613,13.527877937356));
#7523 = CARTESIAN_POINT('',(1.151779274327,13.118633626692));
#7524 = CARTESIAN_POINT('',(0.742456111054,12.717241984493));
#7525 = CARTESIAN_POINT('',(0.330553907974,12.324254452767));
#7526 = CARTESIAN_POINT('',(-8.292251031296E-02,11.940274399685));
#7527 = CARTESIAN_POINT('',(-0.49703344897,11.565919305875));
#7528 = CARTESIAN_POINT('',(-2.166098769346,10.097407981917));
#7529 = CARTESIAN_POINT('',(-3.39852709352,9.10521309728));
#7530 = CARTESIAN_POINT('',(-4.597845991992,8.214577349866));
#7531 = CARTESIAN_POINT('',(-5.753678789238,7.414235448684));
#7532 = CARTESIAN_POINT('',(-6.854231566516,6.691542581816));
#7533 = CARTESIAN_POINT('',(-7.88890610615,6.033474249396));
#7534 = CARTESIAN_POINT('',(-8.849027953226,5.427179880137));
#7535 = CARTESIAN_POINT('',(-9.727151965051,4.860674760977));
#7536 = CARTESIAN_POINT('',(-10.5172501214,4.324139867335));
#7537 = CARTESIAN_POINT('',(-11.21703185651,3.810890715436));
#7538 = CARTESIAN_POINT('',(-11.8313234226,3.31593623006));
#7539 = CARTESIAN_POINT('',(-12.37346824793,2.830739271045));
#7540 = CARTESIAN_POINT('',(-12.86173259588,2.3368737689));
#7541 = CARTESIAN_POINT('',(-13.66770675935,1.392946048897));
#7542 = CARTESIAN_POINT('',(-14.02675891896,0.923489122956));
#7543 = CARTESIAN_POINT('',(-14.38206146,0.405260634046));
#7544 = CARTESIAN_POINT('',(-14.72805039876,-0.157319040621));
#7545 = CARTESIAN_POINT('',(-15.05996508038,-0.759171296666));
#7546 = CARTESIAN_POINT('',(-15.37376126688,-1.39485782861));
#7547 = CARTESIAN_POINT('',(-15.6660145507,-2.058761052404));
#7548 = CARTESIAN_POINT('',(-15.93382523003,-2.745172279083));
#7549 = CARTESIAN_POINT('',(-16.17473576533,-3.448313489844));
#7550 = CARTESIAN_POINT('',(-16.38667195547,-4.162318567578));
#7551 = CARTESIAN_POINT('',(-16.56791895403,-4.881199835546));
#7552 = CARTESIAN_POINT('',(-16.7171432602,-5.598825757195));
#7553 = CARTESIAN_POINT('',(-16.83347180996,-6.308935649093));
#7554 = CARTESIAN_POINT('',(-17.01979586989,-7.868848307779));
#7555 = CARTESIAN_POINT('',(-17.07568009178,-8.742796624252));
#7556 = CARTESIAN_POINT('',(-17.08742736465,-9.632176809145));
#7557 = CARTESIAN_POINT('',(-17.05711682616,-10.54087256934));
#7558 = CARTESIAN_POINT('',(-16.98654502634,-11.47131383559));
#7559 = CARTESIAN_POINT('',(-16.87772615478,-12.42464370067));
#7560 = CARTESIAN_POINT('',(-16.73317206255,-13.40107937299));
#7561 = CARTESIAN_POINT('',(-16.55600381089,-14.40031792722));
#7562 = CARTESIAN_POINT('',(-16.34994487964,-15.42188416645));
#7563 = CARTESIAN_POINT('',(-16.1192446876,-16.46536451742));
#7564 = CARTESIAN_POINT('',(-15.8685794572,-17.53051740077));
#7565 = CARTESIAN_POINT('',(-15.60297597776,-18.61729712591));
#7566 = CARTESIAN_POINT('',(-15.32780221862,-19.7258748921));
#7567 = CARTESIAN_POINT('',(-14.76356789711,-22.01350283664));
#7568 = CARTESIAN_POINT('',(-14.48117706816,-23.1657870802));
#7569 = CARTESIAN_POINT('',(-14.20102278314,-24.3138899503));
#7570 = CARTESIAN_POINT('',(-13.92243559723,-25.45806913952));
#7571 = CARTESIAN_POINT('',(-13.64474858474,-26.59858987467));
#7572 = CARTESIAN_POINT('',(-13.36729734145,-27.73572492493));
#7573 = CARTESIAN_POINT('',(-13.089419981,-28.86975458905));
#7574 = CARTESIAN_POINT('',(-12.81045713952,-30.0009667121));
#7575 = CARTESIAN_POINT('',(-12.52975197064,-31.12965666703));
#7576 = CARTESIAN_POINT('',(-12.24665015002,-32.25612737186));
#7577 = CARTESIAN_POINT('',(-11.9604998719,-33.38068927607));
#7578 = CARTESIAN_POINT('',(-11.6706518513,-34.50366036974));
#7579 = CARTESIAN_POINT('',(-11.37645932285,-35.62536617837));
#7580 = CARTESIAN_POINT('',(-10.84145115413,-37.62957921327));
#7581 = CARTESIAN_POINT('',(-10.60776941806,-38.49281956423));
#7582 = CARTESIAN_POINT('',(-10.37282373431,-39.33407414303));
#7583 = CARTESIAN_POINT('',(-10.13363453084,-40.1514678724));
#7584 = CARTESIAN_POINT('',(-9.887534175276,-40.94310941363));
#7585 = CARTESIAN_POINT('',(-9.632170797428,-41.70713463951));
#7586 = CARTESIAN_POINT('',(-9.365549545918,-42.44178074933));
#7587 = CARTESIAN_POINT('',(-9.086046955365,-43.1455215465));
#7588 = CARTESIAN_POINT('',(-8.792353720981,-43.81726569611));
#7589 = CARTESIAN_POINT('',(-8.483320842281,-44.45659096907));
#7590 = CARTESIAN_POINT('',(-8.15770370816,-45.06395878487));
#7591 = CARTESIAN_POINT('',(-7.813818363671,-45.64082456156));
#7592 = CARTESIAN_POINT('',(-7.449143814118,-46.18953066698));
#7593 = CARTESIAN_POINT('',(-6.736073317788,-47.14825966153));
#7594 = CARTESIAN_POINT('',(-6.390991017331,-47.57185465254));
#7595 = CARTESIAN_POINT('',(-6.027752126239,-47.97815925008));
#7596 = CARTESIAN_POINT('',(-5.650050098477,-48.36214292714));
#7597 = CARTESIAN_POINT('',(-5.261774384394,-48.71928913667));
#7598 = CARTESIAN_POINT('',(-4.867017625009,-49.04560487358));
#7599 = CARTESIAN_POINT('',(-4.470202904544,-49.33769247));
#7600 = CARTESIAN_POINT('',(-4.076107295848,-49.5929425594));
#7601 = CARTESIAN_POINT('',(-3.689643595963,-49.80983445388));
#7602 = CARTESIAN_POINT('',(-3.315347837424,-49.98825771849));
#7603 = CARTESIAN_POINT('',(-2.956605816684,-50.12969597927));
#7604 = CARTESIAN_POINT('',(-2.614737571942,-50.23704156001));
#7605 = CARTESIAN_POINT('',(-2.288144401209,-50.31373682151));
#7606 = CARTESIAN_POINT('',(-1.666479359679,-50.40831977028));
#7607 = CARTESIAN_POINT('',(-1.328190258274,-50.43466496348));
#7608 = CARTESIAN_POINT('',(-0.959254570562,-50.43681626238));
#7609 = CARTESIAN_POINT('',(-0.564768774428,-50.41121532247));
#7610 = CARTESIAN_POINT('',(-0.151421888585,-50.35560195967));
#7611 = CARTESIAN_POINT('',(0.27332445503,-50.26919235854));
#7612 = CARTESIAN_POINT('',(0.701754875103,-50.15255377148));
#7613 = CARTESIAN_POINT('',(1.126192476607,-50.00739155279));
#7614 = CARTESIAN_POINT('',(1.539143568361,-49.83639057181));
#7615 = CARTESIAN_POINT('',(1.933378639774,-49.64317890391));
#7616 = CARTESIAN_POINT('',(2.302038049943,-49.43240796452));
#7617 = CARTESIAN_POINT('',(2.638855549217,-49.20986909199));
#7618 = CARTESIAN_POINT('',(2.938597428304,-48.98249280782));
#7619 = CARTESIAN_POINT('',(3.645430852829,-48.37036589709));
#7620 = CARTESIAN_POINT('',(4.037926184769,-47.93443302288));
#7621 = CARTESIAN_POINT('',(4.409343755753,-47.42774311985));
#7622 = CARTESIAN_POINT('',(4.779928330819,-46.81759612732));
#7623 = CARTESIAN_POINT('',(5.137679532187,-46.0805720793));
#7624 = CARTESIAN_POINT('',(5.467059798057,-45.21889191079));
#7625 = CARTESIAN_POINT('',(5.761672566769,-44.2478060386));
#7626 = CARTESIAN_POINT('',(6.02184876237,-43.18140023704));
#7627 = CARTESIAN_POINT('',(6.250536764414,-42.03164428731));
#7628 = CARTESIAN_POINT('',(6.452958815546,-40.81272663589));
#7629 = CARTESIAN_POINT('',(6.637175551414,-39.53848513705));
#7630 = CARTESIAN_POINT('',(6.812709737963,-38.2170500637));
#7631 = CARTESIAN_POINT('',(6.990159097541,-36.85886881793));
#7632 = CARTESIAN_POINT('',(7.398131076707,-33.91303809337));
#7633 = CARTESIAN_POINT('',(7.623115125149,-32.38515849218));
#7634 = CARTESIAN_POINT('',(7.854832496862,-30.88499758152));
#7635 = CARTESIAN_POINT('',(8.090743798829,-29.41063144228));
#7636 = CARTESIAN_POINT('',(8.328346410712,-27.96008344205));
#7637 = CARTESIAN_POINT('',(8.565192412917,-26.5313187357));
#7638 = CARTESIAN_POINT('',(8.798902318635,-25.12223816679));
#7639 = CARTESIAN_POINT('',(9.027174612947,-23.73067157448));
#7640 = CARTESIAN_POINT('',(9.247791093938,-22.35437049724));
#7641 = CARTESIAN_POINT('',(9.458618022628,-20.99100028563));
#7642 = CARTESIAN_POINT('',(9.657603074059,-19.63813161017));
#7643 = CARTESIAN_POINT('',(9.842768096797,-18.29323137749));
#7644 = CARTESIAN_POINT('',(10.01219767505,-16.95365304435));
#7645 = CARTESIAN_POINT('',(10.404374490152,-13.500018687));
#7646 = CARTESIAN_POINT('',(10.604287636553,-11.35737319559));
#7647 = CARTESIAN_POINT('',(10.76702837928,-9.190567198153));
#7648 = CARTESIAN_POINT('',(10.895967499822,-7.001527775046));
#7649 = CARTESIAN_POINT('',(10.994570767463,-4.792208361244));
#7650 = CARTESIAN_POINT('',(11.066389684377,-2.564568521396));
#7651 = CARTESIAN_POINT('',(11.115053333406,-0.320556894065));
#7652 = CARTESIAN_POINT('',(11.1442613183,1.93790270086));
#7653 = CARTESIAN_POINT('',(11.157777809804,4.208921984391));
#7654 = CARTESIAN_POINT('',(11.159426682466,6.490655777701));
#7655 = CARTESIAN_POINT('',(11.15308775696,8.781306391871));
#7656 = CARTESIAN_POINT('',(11.142694135423,11.07912485312));
#7657 = CARTESIAN_POINT('',(11.132230638876,13.382408960238));
#7658 = CARTESIAN_POINT('',(11.122080394397,16.986602662708));
#7659 = CARTESIAN_POINT('',(11.119691721493,18.281398770633));
#7660 = CARTESIAN_POINT('',(11.118390778844,19.574058575697));
#7661 = CARTESIAN_POINT('',(11.118001354298,20.864754831025));
#7662 = CARTESIAN_POINT('',(11.118347567497,22.153660966843));
#7663 = CARTESIAN_POINT('',(11.119253869178,23.440951090852));
#7664 = CARTESIAN_POINT('',(11.120545042287,24.72679998757));
#7665 = CARTESIAN_POINT('',(11.122046200473,26.011383119239));
#7666 = CARTESIAN_POINT('',(11.123582789843,27.294876624829));
#7667 = CARTESIAN_POINT('',(11.124980587188,28.577457320916));
#7668 = CARTESIAN_POINT('',(11.126065701535,29.859302701054));
#7669 = CARTESIAN_POINT('',(11.126664572986,31.140590936152));
#7670 = CARTESIAN_POINT('',(11.126603973443,32.421500874265));
#7671 = CARTESIAN_POINT('',(11.124917257624,34.840621966456));
#7672 = CARTESIAN_POINT('',(11.12346485468,35.980307017008));
#7673 = CARTESIAN_POINT('',(11.121547733374,37.121215037881));
#7674 = CARTESIAN_POINT('',(11.119360364391,38.263294145232));
#7675 = CARTESIAN_POINT('',(11.117097753417,39.406492727923));
#7676 = CARTESIAN_POINT('',(11.114955440629,40.550759443678));
#7677 = CARTESIAN_POINT('',(11.113129501415,41.69604322482));
#7678 = CARTESIAN_POINT('',(11.111816545581,42.842293271307));
#7679 = CARTESIAN_POINT('',(11.111213718031,43.98945905769));
#7680 = CARTESIAN_POINT('',(11.111518698322,45.137490327328));
#7681 = CARTESIAN_POINT('',(11.112929700875,46.28633709644));
#7682 = CARTESIAN_POINT('',(11.115645474912,47.43594965168));
#7683 = CARTESIAN_POINT('',(11.119865304461,48.586278551391));
#7684 = CARTESIAN_POINT('',(11.125789008362,49.737274625046));
#7685 = ( GEOMETRIC_REPRESENTATION_CONTEXT(2) 
PARAMETRIC_REPRESENTATION_CONTEXT() REPRESENTATION_CONTEXT('2D SPACE',''
  ) );
#7686 = ORIENTED_EDGE('',*,*,#7003,.F.);
#7687 = ORIENTED_EDGE('',*,*,#4070,.F.);
#7688 = ADVANCED_FACE('',(#7689),#6016,.F.);
#7689 = FACE_BOUND('',#7690,.F.);
#7690 = EDGE_LOOP('',(#7691,#7831,#8375,#8376));
#7691 = ORIENTED_EDGE('',*,*,#7692,.T.);
#7692 = EDGE_CURVE('',#5462,#7693,#7695,.T.);
#7693 = VERTEX_POINT('',#7694);
#7694 = CARTESIAN_POINT('',(46.012878166367,19.483083341429,-15.));
#7695 = SEAM_CURVE('',#7696,(#7739,#7785),.PCURVE_S1.);
#7696 = B_SPLINE_CURVE_WITH_KNOTS('',6,(#7697,#7698,#7699,#7700,#7701,
    #7702,#7703,#7704,#7705,#7706,#7707,#7708,#7709,#7710,#7711,#7712,
    #7713,#7714,#7715,#7716,#7717,#7718,#7719,#7720,#7721,#7722,#7723,
    #7724,#7725,#7726,#7727,#7728,#7729,#7730,#7731,#7732,#7733,#7734,
    #7735,#7736,#7737,#7738),.UNSPECIFIED.,.F.,.F.,(7,5,5,5,5,5,5,5,7),(
    0.,0.12439172823,0.248727790757,0.373492905842,0.497893279109,
    0.622725093529,0.748465428459,0.875799647344,1.),.UNSPECIFIED.);
#7697 = CARTESIAN_POINT('',(40.,26.,-9.));
#7698 = CARTESIAN_POINT('',(40.000000000002,25.999999999998,
    -9.176036468336));
#7699 = CARTESIAN_POINT('',(40.006230168002,25.993723274593,
    -9.354638777136));
#7700 = CARTESIAN_POINT('',(40.019030969638,25.980827420825,
    -9.535467842477));
#7701 = CARTESIAN_POINT('',(40.038719265724,25.960977615416,
    -9.718126245532));
#7702 = CARTESIAN_POINT('',(40.06557260494,25.933860744012,
    -9.902162624412));
#7703 = CARTESIAN_POINT('',(40.134039105187,25.864553827858,
    -10.27190675821));
#7704 = CARTESIAN_POINT('',(40.17564566773,25.822370651247,
    -10.45761392031));
#7705 = CARTESIAN_POINT('',(40.224855380048,25.77237387846,
    -10.64369799699));
#7706 = CARTESIAN_POINT('',(40.281835779781,25.714324640024,
    -10.82961216491));
#7707 = CARTESIAN_POINT('',(40.346683710601,25.648041506786,
    -11.01477184085));
#7708 = CARTESIAN_POINT('',(40.492398920452,25.498541549026,
    -11.38300968668));
#7709 = CARTESIAN_POINT('',(40.573320539607,25.415267283215,
    -11.56607845554));
#7710 = CARTESIAN_POINT('',(40.66219849741,25.323490932085,
    -11.74717060486));
#7711 = CARTESIAN_POINT('',(40.758966913888,25.223186882462,
    -11.92565679326));
#7712 = CARTESIAN_POINT('',(40.863473522119,25.114421546136,
    -12.10090928328));
#7713 = CARTESIAN_POINT('',(41.087152995486,24.880649561939,
    -12.44323669586));
#7714 = CARTESIAN_POINT('',(41.206282112118,24.755691331657,
    -12.6103341823));
#7715 = CARTESIAN_POINT('',(41.332627034539,24.622655146834,
    -12.77301663939));
#7716 = CARTESIAN_POINT('',(41.465862515279,24.481808560721,
    -12.93070925139));
#7717 = CARTESIAN_POINT('',(41.605586273753,24.333513434745,
    -13.0828819988));
#7718 = CARTESIAN_POINT('',(41.897579028281,24.022384137323,
    -13.37576480949));
#7719 = CARTESIAN_POINT('',(42.04988995243,23.85950119596,
    -13.51643338607));
#7720 = CARTESIAN_POINT('',(42.207790813259,23.69002015846,
    -13.65060440551));
#7721 = CARTESIAN_POINT('',(42.370743891663,23.514478023163,
    -13.77787373184));
#7722 = CARTESIAN_POINT('',(42.538166556365,23.333475252874,
    -13.89791494498));
#7723 = CARTESIAN_POINT('',(42.881984437502,22.960478626826,
    -14.12388430367));
#7724 = CARTESIAN_POINT('',(43.058436208193,22.768414213401,
    -14.22970336827));
#7725 = CARTESIAN_POINT('',(43.23818765957,22.572114847729,
    -14.32770187937));
#7726 = CARTESIAN_POINT('',(43.420595821854,22.372275547933,
    -14.41772544279));
#7727 = CARTESIAN_POINT('',(43.605016961422,22.169604939739,
    -14.49970754101));
#7728 = CARTESIAN_POINT('',(43.978996274452,21.757396521364,
    -14.64856300918));
#7729 = CARTESIAN_POINT('',(44.168590002308,21.547804132098,
    -14.71523159381));
#7730 = CARTESIAN_POINT('',(44.358962873927,21.336745326387,
    -14.77368978644));
#7731 = CARTESIAN_POINT('',(44.549491320303,21.124928994772,
    -14.82404323823));
#7732 = CARTESIAN_POINT('',(44.739590982375,20.913029219555,
    -14.8664715902));
#7733 = CARTESIAN_POINT('',(45.113218473811,20.495503288466,
    -14.93510198668));
#7734 = CARTESIAN_POINT('',(45.296792829852,20.289851147988,
    -14.96167758474));
#7735 = CARTESIAN_POINT('',(45.478962557295,20.085284963443,
    -14.98116291216));
#7736 = CARTESIAN_POINT('',(45.659283940954,19.882331677987,
    -14.99383280699));
#7737 = CARTESIAN_POINT('',(45.837366663005,19.681462001686,
    -15.00000000566));
#7738 = CARTESIAN_POINT('',(46.012878166367,19.483083341429,-15.));
#7739 = PCURVE('',#6016,#7740);
#7740 = DEFINITIONAL_REPRESENTATION('',(#7741),#7784);
#7741 = B_SPLINE_CURVE_WITH_KNOTS('',6,(#7742,#7743,#7744,#7745,#7746,
    #7747,#7748,#7749,#7750,#7751,#7752,#7753,#7754,#7755,#7756,#7757,
    #7758,#7759,#7760,#7761,#7762,#7763,#7764,#7765,#7766,#7767,#7768,
    #7769,#7770,#7771,#7772,#7773,#7774,#7775,#7776,#7777,#7778,#7779,
    #7780,#7781,#7782,#7783),.UNSPECIFIED.,.F.,.F.,(7,5,5,5,5,5,5,5,7),(
    0.,0.12439172823,0.248727790757,0.373492905842,0.497893279109,
    0.622725093529,0.748465428459,0.875799647344,1.),.UNSPECIFIED.);
#7742 = CARTESIAN_POINT('',(0.,1.046431166402E-13));
#7743 = CARTESIAN_POINT('',(5.663652947418,3.388186378533E-12));
#7744 = CARTESIAN_POINT('',(11.327266663274,1.127096094427E-02));
#7745 = CARTESIAN_POINT('',(16.990817310046,3.443123577738E-02));
#7746 = CARTESIAN_POINT('',(22.654277912084,6.996853835808E-02));
#7747 = CARTESIAN_POINT('',(28.317618438731,0.118195085768));
#7748 = CARTESIAN_POINT('',(39.641459041333,0.240183094387));
#7749 = CARTESIAN_POINT('',(45.301960784629,0.313933727517));
#7750 = CARTESIAN_POINT('',(50.962277385018,0.400549430391));
#7751 = CARTESIAN_POINT('',(56.62237760582,0.499914438762));
#7752 = CARTESIAN_POINT('',(62.282232966212,0.611682260568));
#7753 = CARTESIAN_POINT('',(73.6209312646,0.85939930471));
#7754 = CARTESIAN_POINT('',(79.2997739798,0.995430451513));
#7755 = CARTESIAN_POINT('',(84.97831926667,1.142890970955));
#7756 = CARTESIAN_POINT('',(90.656549320277,1.301064647996));
#7757 = CARTESIAN_POINT('',(96.334453620701,1.469111218905));
#7758 = CARTESIAN_POINT('',(107.67300426282,1.822628523052));
#7759 = CARTESIAN_POINT('',(113.3336534238,2.008047433755));
#7760 = CARTESIAN_POINT('',(118.99397205695,2.201489155998));
#7761 = CARTESIAN_POINT('',(124.65396589653,2.402002726171));
#7762 = CARTESIAN_POINT('',(130.31364837949,2.608626231302));
#7763 = CARTESIAN_POINT('',(141.65205784103,3.03296959632));
#7764 = CARTESIAN_POINT('',(147.33078287195,3.250725306894));
#7765 = CARTESIAN_POINT('',(153.00923497315,3.472755199977));
#7766 = CARTESIAN_POINT('',(158.68744136004,3.698148164557));
#7767 = CARTESIAN_POINT('',(164.36543436708,3.926041872761));
#7768 = CARTESIAN_POINT('',(175.76238847803,4.386909362984));
#7769 = CARTESIAN_POINT('',(181.48134656025,4.619907872975));
#7770 = CARTESIAN_POINT('',(187.20016138636,4.853819844207));
#7771 = CARTESIAN_POINT('',(192.91887229776,5.087895578296));
#7772 = CARTESIAN_POINT('',(198.63751947772,5.321455302039));
#7773 = CARTESIAN_POINT('',(210.14725499786,5.789277057804));
#7774 = CARTESIAN_POINT('',(215.93834219355,6.023510386177));
#7775 = CARTESIAN_POINT('',(221.72944544906,6.255962619771));
#7776 = CARTESIAN_POINT('',(227.520603562,6.486080199043));
#7777 = CARTESIAN_POINT('',(233.3118520156,6.713383773113));
#7778 = CARTESIAN_POINT('',(244.75205880887,7.156032496274));
#7779 = CARTESIAN_POINT('',(250.40101102227,7.371534227243));
#7780 = CARTESIAN_POINT('',(256.05010758643,7.583591982561));
#7781 = CARTESIAN_POINT('',(261.6993728586,7.791891332904));
#7782 = CARTESIAN_POINT('',(267.34882651101,7.996176807446));
#7783 = CARTESIAN_POINT('',(272.99848332239,8.196246459043));
#7784 = ( GEOMETRIC_REPRESENTATION_CONTEXT(2) 
PARAMETRIC_REPRESENTATION_CONTEXT() REPRESENTATION_CONTEXT('2D SPACE',''
  ) );
#7785 = PCURVE('',#6016,#7786);
#7786 = DEFINITIONAL_REPRESENTATION('',(#7787),#7830);
#7787 = B_SPLINE_CURVE_WITH_KNOTS('',6,(#7788,#7789,#7790,#7791,#7792,
    #7793,#7794,#7795,#7796,#7797,#7798,#7799,#7800,#7801,#7802,#7803,
    #7804,#7805,#7806,#7807,#7808,#7809,#7810,#7811,#7812,#7813,#7814,
    #7815,#7816,#7817,#7818,#7819,#7820,#7821,#7822,#7823,#7824,#7825,
    #7826,#7827,#7828,#7829),.UNSPECIFIED.,.F.,.F.,(7,5,5,5,5,5,5,5,7),(
    0.,0.12439172823,0.248727790757,0.373492905842,0.497893279109,
    0.622725093529,0.748465428459,0.875799647344,1.),.UNSPECIFIED.);
#7788 = CARTESIAN_POINT('',(1.979398860136E-09,272.99848332239));
#7789 = CARTESIAN_POINT('',(5.663652949398,272.99848332238));
#7790 = CARTESIAN_POINT('',(11.327266660567,272.99208660733));
#7791 = CARTESIAN_POINT('',(16.990817308954,272.97894421391));
#7792 = CARTESIAN_POINT('',(22.654277913992,272.95871577728));
#7793 = CARTESIAN_POINT('',(28.317618438723,272.93108415565));
#7794 = CARTESIAN_POINT('',(39.641459041322,272.86047175733));
#7795 = CARTESIAN_POINT('',(45.301960784619,272.81749797073));
#7796 = CARTESIAN_POINT('',(50.962277385004,272.76657055506));
#7797 = CARTESIAN_POINT('',(56.622377605813,272.70745059349));
#7798 = CARTESIAN_POINT('',(62.282232966205,272.63995906182));
#7799 = CARTESIAN_POINT('',(73.620931264597,272.48777198623));
#7800 = CARTESIAN_POINT('',(79.299773979799,272.40301809275));
#7801 = CARTESIAN_POINT('',(84.978319266671,272.30963318245));
#7802 = CARTESIAN_POINT('',(90.65654932028,272.20759906561));
#7803 = CARTESIAN_POINT('',(96.334453620703,272.09699173268));
#7804 = CARTESIAN_POINT('',(107.67300426282,271.859340153));
#7805 = CARTESIAN_POINT('',(113.3336534238,271.73234490352));
#7806 = CARTESIAN_POINT('',(118.99397205695,271.59718276268));
#7807 = CARTESIAN_POINT('',(124.65396589653,271.45413400658));
#7808 = CARTESIAN_POINT('',(130.31364837949,271.30357390576));
#7809 = CARTESIAN_POINT('',(141.65205784103,270.9878073877));
#7810 = CARTESIAN_POINT('',(147.33078287195,270.82255184637));
#7811 = CARTESIAN_POINT('',(153.00923497315,270.65066158411));
#7812 = CARTESIAN_POINT('',(158.68744136004,270.47268660868));
#7813 = CARTESIAN_POINT('',(164.36543436708,270.28923934826));
#7814 = CARTESIAN_POINT('',(175.76238847803,269.91133307865));
#7815 = CARTESIAN_POINT('',(181.48134656025,269.71680348968));
#7816 = CARTESIAN_POINT('',(187.20016138636,269.5180480316));
#7817 = CARTESIAN_POINT('',(192.91887229776,269.31577044606));
#7818 = CARTESIAN_POINT('',(198.63751947772,269.11068621645));
#7819 = CARTESIAN_POINT('',(210.14725499786,268.69367954136));
#7820 = CARTESIAN_POINT('',(215.93834219355,268.48170327829));
#7821 = CARTESIAN_POINT('',(221.72944544906,268.26829616078));
#7822 = CARTESIAN_POINT('',(227.52060356201,268.05417033392));
#7823 = CARTESIAN_POINT('',(233.3118520156,267.84000162612));
#7824 = CARTESIAN_POINT('',(244.75205880887,267.41807512596));
#7825 = CARTESIAN_POINT('',(250.40101102229,267.21028934771));
#7826 = CARTESIAN_POINT('',(256.05010758642,267.00362939216));
#7827 = CARTESIAN_POINT('',(261.69937285859,266.79862190813));
#7828 = CARTESIAN_POINT('',(267.34882651104,266.59573678772));
#7829 = CARTESIAN_POINT('',(272.99848332239,266.39538050027));
#7830 = ( GEOMETRIC_REPRESENTATION_CONTEXT(2) 
PARAMETRIC_REPRESENTATION_CONTEXT() REPRESENTATION_CONTEXT('2D SPACE',''
  ) );
#7831 = ORIENTED_EDGE('',*,*,#7832,.T.);
#7832 = EDGE_CURVE('',#7693,#7693,#7833,.T.);
#7833 = SURFACE_CURVE('',#7834,(#8110,#8117),.PCURVE_S1.);
#7834 = B_SPLINE_CURVE_WITH_KNOTS('',14,(#7835,#7836,#7837,#7838,#7839,
    #7840,#7841,#7842,#7843,#7844,#7845,#7846,#7847,#7848,#7849,#7850,
    #7851,#7852,#7853,#7854,#7855,#7856,#7857,#7858,#7859,#7860,#7861,
    #7862,#7863,#7864,#7865,#7866,#7867,#7868,#7869,#7870,#7871,#7872,
    #7873,#7874,#7875,#7876,#7877,#7878,#7879,#7880,#7881,#7882,#7883,
    #7884,#7885,#7886,#7887,#7888,#7889,#7890,#7891,#7892,#7893,#7894,
    #7895,#7896,#7897,#7898,#7899,#7900,#7901,#7902,#7903,#7904,#7905,
    #7906,#7907,#7908,#7909,#7910,#7911,#7912,#7913,#7914,#7915,#7916,
    #7917,#7918,#7919,#7920,#7921,#7922,#7923,#7924,#7925,#7926,#7927,
    #7928,#7929,#7930,#7931,#7932,#7933,#7934,#7935,#7936,#7937,#7938,
    #7939,#7940,#7941,#7942,#7943,#7944,#7945,#7946,#7947,#7948,#7949,
    #7950,#7951,#7952,#7953,#7954,#7955,#7956,#7957,#7958,#7959,#7960,
    #7961,#7962,#7963,#7964,#7965,#7966,#7967,#7968,#7969,#7970,#7971,
    #7972,#7973,#7974,#7975,#7976,#7977,#7978,#7979,#7980,#7981,#7982,
    #7983,#7984,#7985,#7986,#7987,#7988,#7989,#7990,#7991,#7992,#7993,
    #7994,#7995,#7996,#7997,#7998,#7999,#8000,#8001,#8002,#8003,#8004,
    #8005,#8006,#8007,#8008,#8009,#8010,#8011,#8012,#8013,#8014,#8015,
    #8016,#8017,#8018,#8019,#8020,#8021,#8022,#8023,#8024,#8025,#8026,
    #8027,#8028,#8029,#8030,#8031,#8032,#8033,#8034,#8035,#8036,#8037,
    #8038,#8039,#8040,#8041,#8042,#8043,#8044,#8045,#8046,#8047,#8048,
    #8049,#8050,#8051,#8052,#8053,#8054,#8055,#8056,#8057,#8058,#8059,
    #8060,#8061,#8062,#8063,#8064,#8065,#8066,#8067,#8068,#8069,#8070,
    #8071,#8072,#8073,#8074,#8075,#8076,#8077,#8078,#8079,#8080,#8081,
    #8082,#8083,#8084,#8085,#8086,#8087,#8088,#8089,#8090,#8091,#8092,
    #8093,#8094,#8095,#8096,#8097,#8098,#8099,#8100,#8101,#8102,#8103,
    #8104,#8105,#8106,#8107,#8108,#8109),.UNSPECIFIED.,.F.,.F.,(15,13,13
    ,13,13,13,13,13,13,13,13,13,13,13,13,13,13,13,13,13,13,15),(
    -8.443143151595,1.456797704203E-13,16.348367827368,34.960780664234,
    45.880631880429,52.292989308671,58.705346736913,64.188756004388,
    69.672165271863,86.301078476613,99.481553995437,115.8299218228,
    132.55130421049,145.73177972931,156.69859826426,167.2838447527,
    185.56187564428,206.06638494413,238.526470427,256.77635960691,
    272.99848332239,284.00484796765),.UNSPECIFIED.);
#7835 = CARTESIAN_POINT('',(31.482098629054,20.106611966673,-15.));
#7836 = CARTESIAN_POINT('',(32.447085643654,20.094480257665,-15.));
#7837 = CARTESIAN_POINT('',(33.356387579098,20.083048615254,-15.));
#7838 = CARTESIAN_POINT('',(34.210004435387,20.072317039441,-15.));
#7839 = CARTESIAN_POINT('',(35.007936212521,20.062285530225,
    -15.00000000001));
#7840 = CARTESIAN_POINT('',(35.750182910499,20.052954087607,
    -15.00000000001));
#7841 = CARTESIAN_POINT('',(36.436744529322,20.044322711586,
    -15.00000000001));
#7842 = CARTESIAN_POINT('',(37.067621068989,20.036391402163,
    -15.00000000001));
#7843 = CARTESIAN_POINT('',(37.642812529501,20.029160159337,
    -15.00000000001));
#7844 = CARTESIAN_POINT('',(38.162318910858,20.022628983109,
    -15.00000000001));
#7845 = CARTESIAN_POINT('',(38.626140213059,20.016797873478,
    -15.00000000001));
#7846 = CARTESIAN_POINT('',(39.034276436105,20.011666830445,-15.));
#7847 = CARTESIAN_POINT('',(39.386727579995,20.007235854009,-15.));
#7848 = CARTESIAN_POINT('',(39.68349364473,20.003504944171,-15.));
#7849 = CARTESIAN_POINT('',(40.391377165536,19.994605511563,
    -14.99999999999));
#7850 = CARTESIAN_POINT('',(41.040414780753,19.970757880591,
    -15.00000000003));
#7851 = CARTESIAN_POINT('',(41.816425754089,19.922971459119,
    -14.9999999999));
#7852 = CARTESIAN_POINT('',(42.704666855209,19.853740874222,
    -15.00000000018));
#7853 = CARTESIAN_POINT('',(43.687874868623,19.762947608351,
    -14.99999999969));
#7854 = CARTESIAN_POINT('',(44.752205060263,19.651068118878,
    -15.00000000039));
#7855 = CARTESIAN_POINT('',(45.887128550529,19.519344868585,
    -14.99999999958));
#7856 = CARTESIAN_POINT('',(47.081514601453,19.368525016437,
    -15.00000000035));
#7857 = CARTESIAN_POINT('',(48.323622995968,19.19901965564,
    -14.99999999974));
#7858 = CARTESIAN_POINT('',(49.603276204956,19.011769110388,
    -15.00000000014));
#7859 = CARTESIAN_POINT('',(50.910855370319,18.807884510445,
    -14.99999999993));
#7860 = CARTESIAN_POINT('',(52.234750559562,18.587757451943,
    -15.00000000002));
#7861 = CARTESIAN_POINT('',(53.565270649943,18.352586434453,
    -14.99999999999));
#7862 = CARTESIAN_POINT('',(56.401514198758,17.819439761042,-15.));
#7863 = CARTESIAN_POINT('',(57.875665682058,17.522990391093,
    -14.99999999997));
#7864 = CARTESIAN_POINT('',(59.298294410799,17.207136303706,
    -15.00000000007));
#7865 = CARTESIAN_POINT('',(60.637586792321,16.867298018597,
    -14.99999999985));
#7866 = CARTESIAN_POINT('',(61.914515784888,16.499702992008,
    -15.00000000023));
#7867 = CARTESIAN_POINT('',(62.994953379959,16.096789932317,
    -14.99999999969));
#7868 = CARTESIAN_POINT('',(64.069979560537,15.693066428287,
    -15.00000000033));
#7869 = CARTESIAN_POINT('',(64.780709312104,15.20709686056,
    -14.99999999969));
#7870 = CARTESIAN_POINT('',(65.488078657555,14.842712174023,
    -15.00000000022));
#7871 = CARTESIAN_POINT('',(65.834408829426,14.344212687204,
    -14.99999999986));
#7872 = CARTESIAN_POINT('',(65.955661274188,14.116566898634,
    -15.00000000006));
#7873 = CARTESIAN_POINT('',(66.028897767358,14.00114683667,
    -14.99999999997));
#7874 = CARTESIAN_POINT('',(66.099313427342,13.886532183914,-15.));
#7875 = CARTESIAN_POINT('',(66.185097853857,13.514453857849,
    -14.99999999999));
#7876 = CARTESIAN_POINT('',(66.220263357173,13.295778051937,-15.));
#7877 = CARTESIAN_POINT('',(66.238689368705,13.010593968252,-15.));
#7878 = CARTESIAN_POINT('',(66.227759721718,12.678857666105,-15.));
#7879 = CARTESIAN_POINT('',(66.182310915984,12.320457725671,
    -14.99999999999));
#7880 = CARTESIAN_POINT('',(66.101721489305,11.953405192041,
    -15.00000000001));
#7881 = CARTESIAN_POINT('',(65.987857992552,11.593915534893,
    -14.99999999998));
#7882 = CARTESIAN_POINT('',(65.844829152267,11.256824103752,-15.));
#7883 = CARTESIAN_POINT('',(65.679738990788,10.955189323164,-15.));
#7884 = CARTESIAN_POINT('',(65.502807265967,10.698588385456,
    -14.99999999999));
#7885 = CARTESIAN_POINT('',(65.325341489518,10.490498330118,-15.));
#7886 = CARTESIAN_POINT('',(65.155099088925,10.326281295487,
    -14.99999999999));
#7887 = CARTESIAN_POINT('',(64.990570906294,10.194656246417,-15.));
#7888 = CARTESIAN_POINT('',(64.717691764898,10.024005465945,
    -14.99999999999));
#7889 = CARTESIAN_POINT('',(64.569873979269,9.941374301898,
    -15.00000000002));
#7890 = CARTESIAN_POINT('',(64.371630552264,9.845058904524,
    -14.99999999993));
#7891 = CARTESIAN_POINT('',(64.123898157939,9.741421199184,
    -15.00000000013));
#7892 = CARTESIAN_POINT('',(63.830156441833,9.635704716706,
    -14.99999999978));
#7893 = CARTESIAN_POINT('',(63.495080205972,9.531486080759,
    -15.00000000027));
#7894 = CARTESIAN_POINT('',(63.123676931665,9.430774760532,
    -14.99999999972));
#7895 = CARTESIAN_POINT('',(62.720791442773,9.334393519884,
    -15.00000000023));
#7896 = CARTESIAN_POINT('',(62.290865821441,9.242376423499,
    -14.99999999983));
#7897 = CARTESIAN_POINT('',(61.837849464125,9.154225542878,
    -15.00000000009));
#7898 = CARTESIAN_POINT('',(61.36516042921,9.068971958479,
    -14.99999999995));
#7899 = CARTESIAN_POINT('',(60.875605981182,8.985090934499,
    -15.00000000001));
#7900 = CARTESIAN_POINT('',(60.371176580703,8.900425575569,
    -14.99999999999));
#7901 = CARTESIAN_POINT('',(59.334091843333,8.724329606079,-15.));
#7902 = CARTESIAN_POINT('',(58.801593230527,8.633057427092,-15.));
#7903 = CARTESIAN_POINT('',(58.254318395572,8.533754795821,
    -14.99999999997));
#7904 = CARTESIAN_POINT('',(57.7011379379,8.434044467676,-15.00000000006
    ));
#7905 = CARTESIAN_POINT('',(57.105985305934,8.291209416697,
    -14.99999999987));
#7906 = CARTESIAN_POINT('',(56.558600946003,8.194248499925,
    -15.00000000017));
#7907 = CARTESIAN_POINT('',(55.855745989855,7.958900201515,
    -14.9999999998));
#7908 = CARTESIAN_POINT('',(55.319703615523,7.821264950768,
    -15.00000000016));
#7909 = CARTESIAN_POINT('',(54.481613770537,7.505490382641,
    -14.99999999988));
#7910 = CARTESIAN_POINT('',(53.830922966268,7.148625103186,
    -15.00000000005));
#7911 = CARTESIAN_POINT('',(52.896198704384,6.704247321379,
    -14.99999999997));
#7912 = CARTESIAN_POINT('',(51.91588107249,5.869189489273,-15.));
#7913 = CARTESIAN_POINT('',(51.085977378594,4.727220322939,-15.));
#7914 = CARTESIAN_POINT('',(50.017174121057,2.302839472481,
    -14.99999999999));
#7915 = CARTESIAN_POINT('',(49.748776151334,1.152957132482,
    -15.00000000004));
#7916 = CARTESIAN_POINT('',(49.707485084369,7.239152750397E-02,
    -14.99999999985));
#7917 = CARTESIAN_POINT('',(49.831736260571,-0.846475442142,
    -15.00000000031));
#7918 = CARTESIAN_POINT('',(49.991151370789,-1.631101412231,
    -14.99999999948));
#7919 = CARTESIAN_POINT('',(50.206747966598,-2.348917864528,
    -15.00000000068));
#7920 = CARTESIAN_POINT('',(50.448836644051,-2.991344744203,
    -14.99999999925));
#7921 = CARTESIAN_POINT('',(50.704094051207,-3.582333705857,
    -15.00000000066));
#7922 = CARTESIAN_POINT('',(50.985582181624,-4.149736542773,
    -14.99999999951));
#7923 = CARTESIAN_POINT('',(51.275534668859,-4.678035766993,
    -15.00000000028));
#7924 = CARTESIAN_POINT('',(51.582442000862,-5.192793747268,
    -14.99999999986));
#7925 = CARTESIAN_POINT('',(51.900930805612,-5.688204746788,
    -15.00000000004));
#7926 = CARTESIAN_POINT('',(52.231514354853,-6.171047878731,
    -14.99999999998));
#7927 = CARTESIAN_POINT('',(52.914697088217,-7.114396710026,
    -15.00000000001));
#7928 = CARTESIAN_POINT('',(53.267314896982,-7.574996371862,
    -14.99999999994));
#7929 = CARTESIAN_POINT('',(53.630170115064,-8.02669101927,
    -15.00000000015));
#7930 = CARTESIAN_POINT('',(54.002459945314,-8.470763379249,
    -14.99999999967));
#7931 = CARTESIAN_POINT('',(54.383339696589,-8.90787610877,
    -15.00000000054));
#7932 = CARTESIAN_POINT('',(54.771908708063,-9.338268547795,
    -14.99999999928));
#7933 = CARTESIAN_POINT('',(55.16720836326,-9.761895167671,
    -15.00000000077));
#7934 = CARTESIAN_POINT('',(55.568229912654,-10.17851756068,
    -14.9999999993));
#7935 = CARTESIAN_POINT('',(55.973930275318,-10.58776187321,
    -15.0000000005));
#7936 = CARTESIAN_POINT('',(56.383253435664,-10.98915351415,
    -14.9999999997));
#7937 = CARTESIAN_POINT('',(56.795155640323,-11.38214104656,
    -15.00000000013));
#7938 = CARTESIAN_POINT('',(57.20863205795,-11.76612109936,
    -14.99999999995));
#7939 = CARTESIAN_POINT('',(57.622742996798,-12.14047619325,-15.));
#7940 = CARTESIAN_POINT('',(59.291808317083,-13.60898751717,
    -14.99999999998));
#7941 = CARTESIAN_POINT('',(60.524236641584,-14.60118240194,
    -15.00000000007));
#7942 = CARTESIAN_POINT('',(61.723555539077,-15.49181814895,
    -14.99999999981));
#7943 = CARTESIAN_POINT('',(62.879388338501,-16.29216005103,
    -15.00000000038));
#7944 = CARTESIAN_POINT('',(63.979941111954,-17.01485291633,
    -14.99999999937));
#7945 = CARTESIAN_POINT('',(65.014615657047,-17.67292125098,
    -15.00000000081));
#7946 = CARTESIAN_POINT('',(65.974737497698,-18.27921561763,
    -14.99999999913));
#7947 = CARTESIAN_POINT('',(66.852861515798,-18.84572073932,
    -15.00000000076));
#7948 = CARTESIAN_POINT('',(67.642959667064,-19.38225563092,
    -14.99999999944));
#7949 = CARTESIAN_POINT('',(68.342741405566,-19.89550478418,
    -15.00000000032));
#7950 = CARTESIAN_POINT('',(68.957032969838,-20.39045926883,
    -14.99999999985));
#7951 = CARTESIAN_POINT('',(69.499177795917,-20.87565622814,
    -15.00000000004));
#7952 = CARTESIAN_POINT('',(69.987442143655,-21.3695217302,
    -14.99999999999));
#7953 = CARTESIAN_POINT('',(70.793416307159,-22.31344945022,-15.));
#7954 = CARTESIAN_POINT('',(71.152468466791,-22.78290637617,-15.));
#7955 = CARTESIAN_POINT('',(71.507771007682,-23.30113486501,
    -14.99999999996));
#7956 = CARTESIAN_POINT('',(71.853759946867,-23.86371453987,
    -15.00000000008));
#7957 = CARTESIAN_POINT('',(72.185674627669,-24.46556679554,
    -14.99999999984));
#7958 = CARTESIAN_POINT('',(72.499470815378,-25.10125332805,
    -15.0000000002));
#7959 = CARTESIAN_POINT('',(72.791724097758,-25.76515655116,
    -14.99999999978));
#7960 = CARTESIAN_POINT('',(73.059534778488,-26.45156777851,
    -15.00000000018));
#7961 = CARTESIAN_POINT('',(73.300445312678,-27.15470898874,
    -14.99999999986));
#7962 = CARTESIAN_POINT('',(73.512381503529,-27.86871406682,
    -15.00000000007));
#7963 = CARTESIAN_POINT('',(73.693628501729,-28.58759533461,
    -14.99999999996));
#7964 = CARTESIAN_POINT('',(73.842852808037,-29.30522125632,-15.));
#7965 = CARTESIAN_POINT('',(73.959181357766,-30.01533114821,-15.));
#7966 = CARTESIAN_POINT('',(74.145505417689,-31.57524380689,
    -14.99999999999));
#7967 = CARTESIAN_POINT('',(74.201389639646,-32.44919212339,
    -15.00000000001));
#7968 = CARTESIAN_POINT('',(74.21313691227,-33.33857230817,
    -14.99999999995));
#7969 = CARTESIAN_POINT('',(74.182826374392,-34.24726806865,
    -15.0000000001));
#7970 = CARTESIAN_POINT('',(74.112254573405,-35.17770933438,
    -14.99999999981));
#7971 = CARTESIAN_POINT('',(74.003435703623,-36.13103920025,
    -15.00000000026));
#7972 = CARTESIAN_POINT('',(73.858881609163,-37.10747487158,
    -14.99999999969));
#7973 = CARTESIAN_POINT('',(73.68171335979,-38.10671342682,
    -15.00000000028));
#7974 = CARTESIAN_POINT('',(73.475654426633,-39.12827966521,
    -14.99999999978));
#7975 = CARTESIAN_POINT('',(73.24495423588,-40.17176001674,
    -15.00000000012));
#7976 = CARTESIAN_POINT('',(72.994289004798,-41.2369128998,
    -14.99999999994));
#7977 = CARTESIAN_POINT('',(72.728685525617,-42.32369262506,
    -15.00000000001));
#7978 = CARTESIAN_POINT('',(72.453511766428,-43.43227039121,-15.));
#7979 = CARTESIAN_POINT('',(71.889277444897,-45.71989833575,
    -14.99999999999));
#7980 = CARTESIAN_POINT('',(71.606886616091,-46.87218257937,
    -15.00000000002));
#7981 = CARTESIAN_POINT('',(71.326732330544,-48.02028544923,
    -14.9999999999));
#7982 = CARTESIAN_POINT('',(71.048145145884,-49.16446463903,
    -15.00000000019));
#7983 = CARTESIAN_POINT('',(70.770458131179,-50.30498537314,
    -14.99999999969));
#7984 = CARTESIAN_POINT('',(70.493006891015,-51.44212042489,
    -15.00000000039));
#7985 = CARTESIAN_POINT('',(70.215129526972,-52.57615008727,
    -14.99999999959));
#7986 = CARTESIAN_POINT('',(69.936166688897,-53.707362212,
    -15.00000000034));
#7987 = CARTESIAN_POINT('',(69.655461517338,-54.83605216559,
    -14.99999999976));
#7988 = CARTESIAN_POINT('',(69.37235969846,-55.96252287131,
    -15.00000000013));
#7989 = CARTESIAN_POINT('',(69.086209419425,-57.08708477504,
    -14.99999999994));
#7990 = CARTESIAN_POINT('',(68.796361399201,-58.21005586891,
    -15.00000000001));
#7991 = CARTESIAN_POINT('',(68.502168870637,-59.33176167748,
    -14.99999999999));
#7992 = CARTESIAN_POINT('',(67.967160701945,-61.33597471239,-15.));
#7993 = CARTESIAN_POINT('',(67.733478965842,-62.19921506335,
    -14.99999999999));
#7994 = CARTESIAN_POINT('',(67.498533282172,-63.04046964214,-15.));
#7995 = CARTESIAN_POINT('',(67.259344078557,-63.85786337156,
    -14.99999999999));
#7996 = CARTESIAN_POINT('',(67.013243723165,-64.64950491266,
    -14.99999999999));
#7997 = CARTESIAN_POINT('',(66.757880345197,-65.4135301388,
    -15.00000000002));
#7998 = CARTESIAN_POINT('',(66.491259093649,-66.1481762482,
    -14.99999999994));
#7999 = CARTESIAN_POINT('',(66.211756503321,-66.85191704588,
    -15.00000000007));
#8000 = CARTESIAN_POINT('',(65.918063268606,-67.52366119501,
    -14.99999999993));
#8001 = CARTESIAN_POINT('',(65.609030390217,-68.16298646833,
    -15.00000000004));
#8002 = CARTESIAN_POINT('',(65.283413255888,-68.77035428392,
    -14.99999999997));
#8003 = CARTESIAN_POINT('',(64.939527911498,-69.3472200607,-15.));
#8004 = CARTESIAN_POINT('',(64.574853361915,-69.89592616609,
    -14.99999999999));
#8005 = CARTESIAN_POINT('',(63.86178286559,-70.85465516065,-15.));
#8006 = CARTESIAN_POINT('',(63.516700565135,-71.27825015166,-15.));
#8007 = CARTESIAN_POINT('',(63.153461674005,-71.68455474916,
    -14.99999999998));
#8008 = CARTESIAN_POINT('',(62.775759646405,-72.06853842635,
    -15.00000000004));
#8009 = CARTESIAN_POINT('',(62.387483931888,-72.42568463558,
    -14.99999999989));
#8010 = CARTESIAN_POINT('',(61.992727173338,-72.75200037303,
    -15.00000000017));
#8011 = CARTESIAN_POINT('',(61.59591245166,-73.04408796869,
    -14.99999999978));
#8012 = CARTESIAN_POINT('',(61.201816844334,-73.29933805893,
    -15.00000000021));
#8013 = CARTESIAN_POINT('',(60.815353143226,-73.51622995267,
    -14.99999999983));
#8014 = CARTESIAN_POINT('',(60.441057385556,-73.69465321781,
    -15.0000000001));
#8015 = CARTESIAN_POINT('',(60.082315364327,-73.8360914783,
    -14.99999999995));
#8016 = CARTESIAN_POINT('',(59.740447119798,-73.94343705916,
    -15.00000000001));
#8017 = CARTESIAN_POINT('',(59.413853948998,-74.02013232062,
    -14.99999999999));
#8018 = CARTESIAN_POINT('',(58.792188907492,-74.11471526941,-15.));
#8019 = CARTESIAN_POINT('',(58.453899806013,-74.14106046259,
    -14.99999999998));
#8020 = CARTESIAN_POINT('',(58.084964118548,-74.14321176152,
    -15.00000000004));
#8021 = CARTESIAN_POINT('',(57.690478321819,-74.11761082154,
    -14.9999999999));
#8022 = CARTESIAN_POINT('',(57.277131437091,-74.06199745884,
    -15.00000000016));
#8023 = CARTESIAN_POINT('',(56.852385091804,-73.97558785763,
    -14.99999999977));
#8024 = CARTESIAN_POINT('',(56.423954673772,-73.85894927056,
    -15.00000000025));
#8025 = CARTESIAN_POINT('',(55.999517070222,-73.713787052,
    -14.99999999976));
#8026 = CARTESIAN_POINT('',(55.586565980158,-73.54278607081,
    -15.00000000017));
#8027 = CARTESIAN_POINT('',(55.192330907596,-73.34957440312,
    -14.99999999989));
#8028 = CARTESIAN_POINT('',(54.823671498061,-73.13880346359,
    -15.00000000004));
#8029 = CARTESIAN_POINT('',(54.486853998512,-72.91626459112,
    -14.99999999998));
#8030 = CARTESIAN_POINT('',(54.187112119514,-72.68888830694,-15.));
#8031 = CARTESIAN_POINT('',(53.480278694941,-72.0767613962,
    -14.99999999999));
#8032 = CARTESIAN_POINT('',(53.08778336318,-71.64082852208,
    -15.00000000003));
#8033 = CARTESIAN_POINT('',(52.716365791625,-71.13413861871,
    -14.99999999989));
#8034 = CARTESIAN_POINT('',(52.345781217856,-70.52399162698,
    -15.00000000022));
#8035 = CARTESIAN_POINT('',(51.98803001421,-69.78696757755,
    -14.99999999963));
#8036 = CARTESIAN_POINT('',(51.658649751542,-68.92528741102,
    -15.00000000046));
#8037 = CARTESIAN_POINT('',(51.364036979159,-67.95420153656,
    -14.99999999951));
#8038 = CARTESIAN_POINT('',(51.10386078703,-66.88779573716,
    -15.00000000042));
#8039 = CARTESIAN_POINT('',(50.875172782266,-65.73803978571,
    -14.9999999997));
#8040 = CARTESIAN_POINT('',(50.672750732892,-64.51912213543,
    -15.00000000016));
#8041 = CARTESIAN_POINT('',(50.488533996102,-63.24488063597,
    -14.99999999992));
#8042 = CARTESIAN_POINT('',(50.312999809929,-61.92344556288,
    -15.00000000002));
#8043 = CARTESIAN_POINT('',(50.135550450245,-60.56526431703,
    -14.99999999999));
#8044 = CARTESIAN_POINT('',(49.727578471104,-57.6194335925,-15.));
#8045 = CARTESIAN_POINT('',(49.502594422622,-56.09155399127,
    -14.99999999998));
#8046 = CARTESIAN_POINT('',(49.270877050998,-54.5913930807,
    -15.00000000002));
#8047 = CARTESIAN_POINT('',(49.03496574889,-53.11702694129,
    -14.99999999995));
#8048 = CARTESIAN_POINT('',(48.797363137159,-51.66647894132,
    -15.00000000005));
#8049 = CARTESIAN_POINT('',(48.560517134866,-50.23771423468,
    -14.99999999993));
#8050 = CARTESIAN_POINT('',(48.326807229109,-48.82863366602,
    -15.00000000004));
#8051 = CARTESIAN_POINT('',(48.098534934964,-47.43706707355,
    -14.99999999996));
#8052 = CARTESIAN_POINT('',(47.877918453741,-46.06076599636,
    -15.00000000001));
#8053 = CARTESIAN_POINT('',(47.667091525266,-44.69739578476,
    -14.99999999999));
#8054 = CARTESIAN_POINT('',(47.468106473689,-43.34452710927,
    -14.99999999999));
#8055 = CARTESIAN_POINT('',(47.282941451026,-41.99962687661,-15.));
#8056 = CARTESIAN_POINT('',(47.113511872745,-40.66004854347,
    -14.99999999999));
#8057 = CARTESIAN_POINT('',(46.72133505766,-37.20641418612,-15.));
#8058 = CARTESIAN_POINT('',(46.521421911188,-35.06376869468,
    -14.99999999998));
#8059 = CARTESIAN_POINT('',(46.358681168691,-32.89696269734,
    -15.00000000004));
#8060 = CARTESIAN_POINT('',(46.229742047623,-30.707923274,-14.9999999999
    ));
#8061 = CARTESIAN_POINT('',(46.13113878092,-28.49860386062,
    -15.00000000014));
#8062 = CARTESIAN_POINT('',(46.059319862655,-26.27096402015,
    -14.9999999998));
#8063 = CARTESIAN_POINT('',(46.010656215232,-24.02695239358,
    -15.00000000021));
#8064 = CARTESIAN_POINT('',(45.981448228752,-21.76849279789,
    -14.9999999998));
#8065 = CARTESIAN_POINT('',(45.967931738545,-19.497473515,
    -15.00000000014));
#8066 = CARTESIAN_POINT('',(45.966282865012,-17.21573972125,
    -14.99999999991));
#8067 = CARTESIAN_POINT('',(45.972621790988,-14.92508910732,
    -15.00000000003));
#8068 = CARTESIAN_POINT('',(45.98301541233,-12.62727064597,
    -14.99999999998));
#8069 = CARTESIAN_POINT('',(45.993478908933,-10.32398653888,-15.));
#8070 = CARTESIAN_POINT('',(46.003629153401,-6.719792836408,
    -14.99999999999));
#8071 = CARTESIAN_POINT('',(46.006017826314,-5.424996728496,-15.));
#8072 = CARTESIAN_POINT('',(46.007318768938,-4.132336923389,
    -14.99999999998));
#8073 = CARTESIAN_POINT('',(46.007708193552,-2.84164066816,
    -15.00000000003));
#8074 = CARTESIAN_POINT('',(46.007361980207,-1.552734532168,
    -14.99999999994));
#8075 = CARTESIAN_POINT('',(46.006455678763,-0.2654444084,
    -15.00000000007));
#8076 = CARTESIAN_POINT('',(46.005164505363,1.020404488585,
    -14.99999999991));
#8077 = CARTESIAN_POINT('',(46.003663347449,2.304987620017,
    -15.00000000007));
#8078 = CARTESIAN_POINT('',(46.002126757884,3.588481125776,
    -14.99999999995));
#8079 = CARTESIAN_POINT('',(46.000728960646,4.871061821765,
    -15.00000000002));
#8080 = CARTESIAN_POINT('',(45.999643846253,6.152907201951,
    -14.99999999998));
#8081 = CARTESIAN_POINT('',(45.999044974819,7.434195437028,-15.));
#8082 = CARTESIAN_POINT('',(45.999105574356,8.715105375149,
    -14.99999999999));
#8083 = CARTESIAN_POINT('',(46.000792290179,11.134226467334,-15.));
#8084 = CARTESIAN_POINT('',(46.002244693106,12.273911517912,
    -14.99999999999));
#8085 = CARTESIAN_POINT('',(46.004161814466,13.414819538702,
    -15.00000000002));
#8086 = CARTESIAN_POINT('',(46.006349183342,14.556898646236,
    -14.99999999995));
#8087 = CARTESIAN_POINT('',(46.008611794456,15.700097228625,
    -15.00000000007));
#8088 = CARTESIAN_POINT('',(46.010754107147,16.844363944761,
    -14.99999999992));
#8089 = CARTESIAN_POINT('',(46.012580046324,17.989647725528,
    -15.00000000006));
#8090 = CARTESIAN_POINT('',(46.01389300235,19.135897772307,
    -14.99999999996));
#8091 = CARTESIAN_POINT('',(46.014495829625,20.283063558507,
    -15.00000000001));
#8092 = CARTESIAN_POINT('',(46.014190849586,21.431094828241,
    -14.99999999999));
#8093 = CARTESIAN_POINT('',(46.012779846868,22.57994159731,-15.));
#8094 = CARTESIAN_POINT('',(46.01006407291,23.729554152565,-15.));
#8095 = CARTESIAN_POINT('',(46.005844243334,24.879883052272,-15.));
#8096 = CARTESIAN_POINT('',(45.9959014328,26.811805391448,-15.));
#8097 = CARTESIAN_POINT('',(45.991878183373,27.593536614836,-15.));
#8098 = CARTESIAN_POINT('',(45.98785079116,28.376072796092,-15.));
#8099 = CARTESIAN_POINT('',(45.983819256158,29.159413935216,-15.));
#8100 = CARTESIAN_POINT('',(45.97978357837,29.943560032208,-15.));
#8101 = CARTESIAN_POINT('',(45.975743757793,30.728511087069,-15.));
#8102 = CARTESIAN_POINT('',(45.97169979443,31.514267099798,-15.));
#8103 = CARTESIAN_POINT('',(45.967651688279,32.300828070395,-15.));
#8104 = CARTESIAN_POINT('',(45.96359943934,33.08819399886,-15.));
#8105 = CARTESIAN_POINT('',(45.959543047614,33.876364885193,-15.));
#8106 = CARTESIAN_POINT('',(45.955482513101,34.665340729394,-15.));
#8107 = CARTESIAN_POINT('',(45.9514178358,35.455121531464,-15.));
#8108 = CARTESIAN_POINT('',(45.947349015712,36.245707291402,-15.));
#8109 = CARTESIAN_POINT('',(45.943276052837,37.037098009208,-15.));
#8110 = PCURVE('',#6016,#8111);
#8111 = DEFINITIONAL_REPRESENTATION('',(#8112),#8116);
#8112 = LINE('',#8113,#8114);
#8113 = CARTESIAN_POINT('',(272.99848332239,0.));
#8114 = VECTOR('',#8115,1.);
#8115 = DIRECTION('',(0.,1.));
#8116 = ( GEOMETRIC_REPRESENTATION_CONTEXT(2) 
PARAMETRIC_REPRESENTATION_CONTEXT() REPRESENTATION_CONTEXT('2D SPACE',''
  ) );
#8117 = PCURVE('',#8118,#8123);
#8118 = PLANE('',#8119);
#8119 = AXIS2_PLACEMENT_3D('',#8120,#8121,#8122);
#8120 = CARTESIAN_POINT('',(57.125709547801,-23.70639549911,-15.));
#8121 = DIRECTION('',(-0.,-0.,-1.));
#8122 = DIRECTION('',(-1.,0.,0.));
#8123 = DEFINITIONAL_REPRESENTATION('',(#8124),#8374);
#8124 = B_SPLINE_CURVE_WITH_KNOTS('',14,(#8125,#8126,#8127,#8128,#8129,
    #8130,#8131,#8132,#8133,#8134,#8135,#8136,#8137,#8138,#8139,#8140,
    #8141,#8142,#8143,#8144,#8145,#8146,#8147,#8148,#8149,#8150,#8151,
    #8152,#8153,#8154,#8155,#8156,#8157,#8158,#8159,#8160,#8161,#8162,
    #8163,#8164,#8165,#8166,#8167,#8168,#8169,#8170,#8171,#8172,#8173,
    #8174,#8175,#8176,#8177,#8178,#8179,#8180,#8181,#8182,#8183,#8184,
    #8185,#8186,#8187,#8188,#8189,#8190,#8191,#8192,#8193,#8194,#8195,
    #8196,#8197,#8198,#8199,#8200,#8201,#8202,#8203,#8204,#8205,#8206,
    #8207,#8208,#8209,#8210,#8211,#8212,#8213,#8214,#8215,#8216,#8217,
    #8218,#8219,#8220,#8221,#8222,#8223,#8224,#8225,#8226,#8227,#8228,
    #8229,#8230,#8231,#8232,#8233,#8234,#8235,#8236,#8237,#8238,#8239,
    #8240,#8241,#8242,#8243,#8244,#8245,#8246,#8247,#8248,#8249,#8250,
    #8251,#8252,#8253,#8254,#8255,#8256,#8257,#8258,#8259,#8260,#8261,
    #8262,#8263,#8264,#8265,#8266,#8267,#8268,#8269,#8270,#8271,#8272,
    #8273,#8274,#8275,#8276,#8277,#8278,#8279,#8280,#8281,#8282,#8283,
    #8284,#8285,#8286,#8287,#8288,#8289,#8290,#8291,#8292,#8293,#8294,
    #8295,#8296,#8297,#8298,#8299,#8300,#8301,#8302,#8303,#8304,#8305,
    #8306,#8307,#8308,#8309,#8310,#8311,#8312,#8313,#8314,#8315,#8316,
    #8317,#8318,#8319,#8320,#8321,#8322,#8323,#8324,#8325,#8326,#8327,
    #8328,#8329,#8330,#8331,#8332,#8333,#8334,#8335,#8336,#8337,#8338,
    #8339,#8340,#8341,#8342,#8343,#8344,#8345,#8346,#8347,#8348,#8349,
    #8350,#8351,#8352,#8353,#8354,#8355,#8356,#8357,#8358,#8359,#8360,
    #8361,#8362,#8363,#8364,#8365,#8366,#8367,#8368,#8369,#8370,#8371,
    #8372,#8373),.UNSPECIFIED.,.F.,.F.,(15,13,13,13,13,13,13,13,13,13,13
    ,13,13,13,13,13,13,13,13,15),(1.456797704203E-13,16.348367827368,
    34.960780664234,45.880631880429,52.292989308671,58.705346736913,
    64.188756004388,69.672165271863,86.301078476613,99.481553995437,
    115.8299218228,132.55130421049,145.73177972931,156.69859826426,
    167.2838447527,185.56187564428,206.06638494413,238.526470427,
    256.77635960691,272.99848332239),.UNSPECIFIED.);
#8125 = CARTESIAN_POINT('',(17.201134917491,43.706869600048));
#8126 = CARTESIAN_POINT('',(16.734332382239,43.701001010672));
#8127 = CARTESIAN_POINT('',(16.085294767167,43.677153379751));
#8128 = CARTESIAN_POINT('',(15.309283793373,43.629366958122));
#8129 = CARTESIAN_POINT('',(14.421042693291,43.560136373566));
#8130 = CARTESIAN_POINT('',(13.437834678052,43.469343107126));
#8131 = CARTESIAN_POINT('',(12.373504488992,43.357463618408));
#8132 = CARTESIAN_POINT('',(11.238580995741,43.225740367304));
#8133 = CARTESIAN_POINT('',(10.044194947675,43.07492051587));
#8134 = CARTESIAN_POINT('',(8.802086550882,42.905415154551));
#8135 = CARTESIAN_POINT('',(7.522433343401,42.71816460962));
#8136 = CARTESIAN_POINT('',(6.214854177222,42.514280009511));
#8137 = CARTESIAN_POINT('',(4.890958988329,42.29415295108));
#8138 = CARTESIAN_POINT('',(3.560438897838,42.058981933565));
#8139 = CARTESIAN_POINT('',(0.724195349066,41.525835260169));
#8140 = CARTESIAN_POINT('',(-0.749956134363,41.229385890164));
#8141 = CARTESIAN_POINT('',(-2.172584862703,40.913531802961));
#8142 = CARTESIAN_POINT('',(-3.511877245121,40.57369351743));
#8143 = CARTESIAN_POINT('',(-4.78880623612,40.206098491587));
#8144 = CARTESIAN_POINT('',(-5.869243833433,39.803185430837));
#8145 = CARTESIAN_POINT('',(-6.944270011346,39.39946192804));
#8146 = CARTESIAN_POINT('',(-7.654999765559,38.913492359125));
#8147 = CARTESIAN_POINT('',(-8.362369108825,38.549107673532));
#8148 = CARTESIAN_POINT('',(-8.70869928218,38.050608186101));
#8149 = CARTESIAN_POINT('',(-8.82995172613,37.822962397847));
#8150 = CARTESIAN_POINT('',(-8.903188219642,37.707542335763));
#8151 = CARTESIAN_POINT('',(-8.973603879527,37.592927683032));
#8152 = CARTESIAN_POINT('',(-9.05938830606,37.220849356973));
#8153 = CARTESIAN_POINT('',(-9.09455380937,37.002173551001));
#8154 = CARTESIAN_POINT('',(-9.112979820905,36.716989467539));
#8155 = CARTESIAN_POINT('',(-9.102050173903,36.385253164855));
#8156 = CARTESIAN_POINT('',(-9.056601368229,36.026853225409));
#8157 = CARTESIAN_POINT('',(-8.976011941427,35.65980069031));
#8158 = CARTESIAN_POINT('',(-8.862148444834,35.300311034979));
#8159 = CARTESIAN_POINT('',(-8.719119604413,34.963219601951));
#8160 = CARTESIAN_POINT('',(-8.554029442999,34.661584823004));
#8161 = CARTESIAN_POINT('',(-8.377097718184,34.404983884112));
#8162 = CARTESIAN_POINT('',(-8.199631941692,34.19689382947));
#8163 = CARTESIAN_POINT('',(-8.029389541144,34.032676794515));
#8164 = CARTESIAN_POINT('',(-7.864861358483,33.901051745559));
#8165 = CARTESIAN_POINT('',(-7.591982217111,33.730400965045));
#8166 = CARTESIAN_POINT('',(-7.444164431381,33.647769801119));
#8167 = CARTESIAN_POINT('',(-7.245921004722,33.551454403341));
#8168 = CARTESIAN_POINT('',(-6.998188609607,33.447816698931));
#8169 = CARTESIAN_POINT('',(-6.704446894866,33.3421002148));
#8170 = CARTESIAN_POINT('',(-6.369370657125,33.237881581215));
#8171 = CARTESIAN_POINT('',(-5.997967384935,33.137170258218));
#8172 = CARTESIAN_POINT('',(-5.595081894066,33.040789020263));
#8173 = CARTESIAN_POINT('',(-5.165156274276,32.948771921706));
#8174 = CARTESIAN_POINT('',(-4.712139915961,32.860621042529));
#8175 = CARTESIAN_POINT('',(-4.239450881571,32.775367457354));
#8176 = CARTESIAN_POINT('',(-3.74989643333,32.691486433697));
#8177 = CARTESIAN_POINT('',(-3.24546703291,32.606821074674));
#8178 = CARTESIAN_POINT('',(-2.208382295532,32.430725105205));
#8179 = CARTESIAN_POINT('',(-1.675883682705,32.339452926193));
#8180 = CARTESIAN_POINT('',(-1.128608847865,32.240150294964));
#8181 = CARTESIAN_POINT('',(-0.575428389856,32.140439966768));
#8182 = CARTESIAN_POINT('',(1.972424140938E-02,31.997604915831));
#8183 = CARTESIAN_POINT('',(0.567108602449,31.900643999038));
#8184 = CARTESIAN_POINT('',(1.269963557227,31.665295700634));
#8185 = CARTESIAN_POINT('',(1.806005932902,31.527660449876));
#8186 = CARTESIAN_POINT('',(2.644095776839,31.211885881779));
#8187 = CARTESIAN_POINT('',(3.294786581753,30.85502060228));
#8188 = CARTESIAN_POINT('',(4.229510843339,30.410642820517));
#8189 = CARTESIAN_POINT('',(5.209828475319,29.575584988378));
#8190 = CARTESIAN_POINT('',(6.039732169218,28.433615822063));
#8191 = CARTESIAN_POINT('',(7.108535426718,26.009234971589));
#8192 = CARTESIAN_POINT('',(7.376933396644,24.859352631667));
#8193 = CARTESIAN_POINT('',(7.418224462883,23.778787026421));
#8194 = CARTESIAN_POINT('',(7.293973288413,22.859920057404));
#8195 = CARTESIAN_POINT('',(7.134558175046,22.075294086182));
#8196 = CARTESIAN_POINT('',(6.918961583818,21.357477635522));
#8197 = CARTESIAN_POINT('',(6.676872900914,20.715050753912));
#8198 = CARTESIAN_POINT('',(6.421615499117,20.124061794146));
#8199 = CARTESIAN_POINT('',(6.140127364334,19.556658955703));
#8200 = CARTESIAN_POINT('',(5.850174880037,19.028359732504));
#8201 = CARTESIAN_POINT('',(5.543267546423,18.513601751672));
#8202 = CARTESIAN_POINT('',(5.22477874237,18.018190752393));
#8203 = CARTESIAN_POINT('',(4.894195192907,17.535347620372));
#8204 = CARTESIAN_POINT('',(4.211012459626,16.591998789108));
#8205 = CARTESIAN_POINT('',(3.858394650617,16.131399127175));
#8206 = CARTESIAN_POINT('',(3.49553943331,15.679704480079));
#8207 = CARTESIAN_POINT('',(3.123249601289,15.23563211938));
#8208 = CARTESIAN_POINT('',(2.74236985318,14.79851939116));
#8209 = CARTESIAN_POINT('',(2.353800837124,14.368126950235));
#8210 = CARTESIAN_POINT('',(1.958501187375,13.944500332636));
#8211 = CARTESIAN_POINT('',(1.557479632624,13.527877937367));
#8212 = CARTESIAN_POINT('',(1.151779274319,13.118633626682));
#8213 = CARTESIAN_POINT('',(0.742456111058,12.7172419845));
#8214 = CARTESIAN_POINT('',(0.330553907972,12.324254452763));
#8215 = CARTESIAN_POINT('',(-8.292251031228E-02,11.940274399686));
#8216 = CARTESIAN_POINT('',(-0.49703344897,11.565919305875));
#8217 = CARTESIAN_POINT('',(-2.166098769346,10.097407981917));
#8218 = CARTESIAN_POINT('',(-3.398527093523,9.105213097281));
#8219 = CARTESIAN_POINT('',(-4.597845991983,8.214577349861));
#8220 = CARTESIAN_POINT('',(-5.753678789257,7.414235448695));
#8221 = CARTESIAN_POINT('',(-6.854231566482,6.691542581797));
#8222 = CARTESIAN_POINT('',(-7.888906106197,6.033474249422));
#8223 = CARTESIAN_POINT('',(-8.849027953173,5.427179880107));
#8224 = CARTESIAN_POINT('',(-9.727151965101,4.860674761004));
#8225 = CARTESIAN_POINT('',(-10.51725012136,4.324139867314));
#8226 = CARTESIAN_POINT('',(-11.21703185653,3.810890715448));
#8227 = CARTESIAN_POINT('',(-11.83132342259,3.315936230054));
#8228 = CARTESIAN_POINT('',(-12.37346824793,2.830739271047));
#8229 = CARTESIAN_POINT('',(-12.86173259588,2.336873768899));
#8230 = CARTESIAN_POINT('',(-13.66770675935,1.392946048897));
#8231 = CARTESIAN_POINT('',(-14.02675891896,0.923489122956));
#8232 = CARTESIAN_POINT('',(-14.38206145999,0.405260634044));
#8233 = CARTESIAN_POINT('',(-14.72805039878,-0.157319040615));
#8234 = CARTESIAN_POINT('',(-15.05996508034,-0.759171296676));
#8235 = CARTESIAN_POINT('',(-15.37376126694,-1.394857828594));
#8236 = CARTESIAN_POINT('',(-15.66601455063,-2.058761052423));
#8237 = CARTESIAN_POINT('',(-15.9338252301,-2.745172279064));
#8238 = CARTESIAN_POINT('',(-16.17473576527,-3.44831348986));
#8239 = CARTESIAN_POINT('',(-16.38667195551,-4.162318567568));
#8240 = CARTESIAN_POINT('',(-16.56791895401,-4.881199835552));
#8241 = CARTESIAN_POINT('',(-16.71714326021,-5.598825757193));
#8242 = CARTESIAN_POINT('',(-16.83347180996,-6.308935649094));
#8243 = CARTESIAN_POINT('',(-17.01979586989,-7.868848307778));
#8244 = CARTESIAN_POINT('',(-17.07568009178,-8.742796624257));
#8245 = CARTESIAN_POINT('',(-17.08742736467,-9.632176809129));
#8246 = CARTESIAN_POINT('',(-17.05711682614,-10.54087256938));
#8247 = CARTESIAN_POINT('',(-16.98654502638,-11.47131383554));
#8248 = CARTESIAN_POINT('',(-16.87772615472,-12.42464370075));
#8249 = CARTESIAN_POINT('',(-16.7331720626,-13.4010793729));
#8250 = CARTESIAN_POINT('',(-16.55600381084,-14.4003179273));
#8251 = CARTESIAN_POINT('',(-16.34994487968,-15.42188416638));
#8252 = CARTESIAN_POINT('',(-16.11924468758,-16.46536451745));
#8253 = CARTESIAN_POINT('',(-15.86857945721,-17.53051740076));
#8254 = CARTESIAN_POINT('',(-15.60297597775,-18.61729712592));
#8255 = CARTESIAN_POINT('',(-15.32780221862,-19.72587489209));
#8256 = CARTESIAN_POINT('',(-14.76356789711,-22.01350283664));
#8257 = CARTESIAN_POINT('',(-14.48117706817,-23.1657870802));
#8258 = CARTESIAN_POINT('',(-14.20102278311,-24.31388995029));
#8259 = CARTESIAN_POINT('',(-13.9224355973,-25.45806913953));
#8260 = CARTESIAN_POINT('',(-13.64474858463,-26.59858987465));
#8261 = CARTESIAN_POINT('',(-13.36729734161,-27.73572492494));
#8262 = CARTESIAN_POINT('',(-13.08941998084,-28.86975458903));
#8263 = CARTESIAN_POINT('',(-12.81045713967,-30.00096671212));
#8264 = CARTESIAN_POINT('',(-12.52975197053,-31.12965666703));
#8265 = CARTESIAN_POINT('',(-12.24665015009,-32.25612737187));
#8266 = CARTESIAN_POINT('',(-11.96049987187,-33.38068927607));
#8267 = CARTESIAN_POINT('',(-11.67065185131,-34.50366036974));
#8268 = CARTESIAN_POINT('',(-11.37645932285,-35.62536617837));
#8269 = CARTESIAN_POINT('',(-10.84145115413,-37.62957921327));
#8270 = CARTESIAN_POINT('',(-10.60776941805,-38.49281956425));
#8271 = CARTESIAN_POINT('',(-10.37282373434,-39.33407414299));
#8272 = CARTESIAN_POINT('',(-10.13363453077,-40.15146787248));
#8273 = CARTESIAN_POINT('',(-9.887534175394,-40.9431094135));
#8274 = CARTESIAN_POINT('',(-9.632170797271,-41.70713463968));
#8275 = CARTESIAN_POINT('',(-9.365549546088,-42.44178074915));
#8276 = CARTESIAN_POINT('',(-9.086046955214,-43.14552154666));
#8277 = CARTESIAN_POINT('',(-8.792353721091,-43.817265696));
#8278 = CARTESIAN_POINT('',(-8.483320842216,-44.45659096914));
#8279 = CARTESIAN_POINT('',(-8.15770370819,-45.06395878484));
#8280 = CARTESIAN_POINT('',(-7.813818363661,-45.64082456157));
#8281 = CARTESIAN_POINT('',(-7.44914381412,-46.18953066698));
#8282 = CARTESIAN_POINT('',(-6.736073317787,-47.14825966154));
#8283 = CARTESIAN_POINT('',(-6.390991017332,-47.57185465251));
#8284 = CARTESIAN_POINT('',(-6.02775212624,-47.97815925014));
#8285 = CARTESIAN_POINT('',(-5.650050098474,-48.36214292699));
#8286 = CARTESIAN_POINT('',(-5.261774384401,-48.71928913692));
#8287 = CARTESIAN_POINT('',(-4.867017624996,-49.04560487323));
#8288 = CARTESIAN_POINT('',(-4.470202904562,-49.33769247039));
#8289 = CARTESIAN_POINT('',(-4.076107295829,-49.59294255903));
#8290 = CARTESIAN_POINT('',(-3.689643595979,-49.80983445415));
#8291 = CARTESIAN_POINT('',(-3.315347837414,-49.98825771833));
#8292 = CARTESIAN_POINT('',(-2.956605816689,-50.12969597935));
#8293 = CARTESIAN_POINT('',(-2.61473757194,-50.23704155998));
#8294 = CARTESIAN_POINT('',(-2.288144401209,-50.31373682151));
#8295 = CARTESIAN_POINT('',(-1.666479359679,-50.40831977028));
#8296 = CARTESIAN_POINT('',(-1.328190258274,-50.43466496347));
#8297 = CARTESIAN_POINT('',(-0.959254570563,-50.43681626241));
#8298 = CARTESIAN_POINT('',(-0.564768774426,-50.41121532238));
#8299 = CARTESIAN_POINT('',(-0.151421888588,-50.35560195981));
#8300 = CARTESIAN_POINT('',(0.273324455035,-50.26919235835));
#8301 = CARTESIAN_POINT('',(0.701754875097,-50.15255377167));
#8302 = CARTESIAN_POINT('',(1.126192476612,-50.00739155263));
#8303 = CARTESIAN_POINT('',(1.539143568357,-49.83639057192));
#8304 = CARTESIAN_POINT('',(1.933378639777,-49.64317890385));
#8305 = CARTESIAN_POINT('',(2.302038049942,-49.43240796454));
#8306 = CARTESIAN_POINT('',(2.638855549217,-49.20986909198));
#8307 = CARTESIAN_POINT('',(2.938597428304,-48.98249280782));
#8308 = CARTESIAN_POINT('',(3.645430852829,-48.37036589709));
#8309 = CARTESIAN_POINT('',(4.037926184769,-47.93443302289));
#8310 = CARTESIAN_POINT('',(4.409343755755,-47.42774311981));
#8311 = CARTESIAN_POINT('',(4.779928330815,-46.81759612739));
#8312 = CARTESIAN_POINT('',(5.137679532195,-46.0805720792));
#8313 = CARTESIAN_POINT('',(5.467059798045,-45.21889191092));
#8314 = CARTESIAN_POINT('',(5.761672566784,-44.24780603847));
#8315 = CARTESIAN_POINT('',(6.021848762355,-43.18140023714));
#8316 = CARTESIAN_POINT('',(6.250536764426,-42.03164428723));
#8317 = CARTESIAN_POINT('',(6.452958815538,-40.81272663594));
#8318 = CARTESIAN_POINT('',(6.637175551418,-39.53848513703));
#8319 = CARTESIAN_POINT('',(6.812709737961,-38.21705006371));
#8320 = CARTESIAN_POINT('',(6.990159097541,-36.85886881793));
#8321 = CARTESIAN_POINT('',(7.398131076707,-33.91303809338));
#8322 = CARTESIAN_POINT('',(7.623115125151,-32.38515849217));
#8323 = CARTESIAN_POINT('',(7.854832496855,-30.88499758155));
#8324 = CARTESIAN_POINT('',(8.090743798843,-29.41063144222));
#8325 = CARTESIAN_POINT('',(8.32834641069,-27.96008344215));
#8326 = CARTESIAN_POINT('',(8.565192412948,-26.53131873558));
#8327 = CARTESIAN_POINT('',(8.798902318602,-25.12223816693));
#8328 = CARTESIAN_POINT('',(9.027174612977,-23.73067157436));
#8329 = CARTESIAN_POINT('',(9.247791093917,-22.35437049733));
#8330 = CARTESIAN_POINT('',(9.458618022641,-20.99100028558));
#8331 = CARTESIAN_POINT('',(9.657603074053,-19.63813161019));
#8332 = CARTESIAN_POINT('',(9.842768096799,-18.29323137748));
#8333 = CARTESIAN_POINT('',(10.012197675049,-16.95365304436));
#8334 = CARTESIAN_POINT('',(10.404374490152,-13.500018687));
#8335 = CARTESIAN_POINT('',(10.604287636551,-11.3573731956));
#8336 = CARTESIAN_POINT('',(10.767028379286,-9.190567198141));
#8337 = CARTESIAN_POINT('',(10.895967499809,-7.001527775067));
#8338 = CARTESIAN_POINT('',(10.994570767486,-4.792208361211));
#8339 = CARTESIAN_POINT('',(11.066389684342,-2.564568521435));
#8340 = CARTESIAN_POINT('',(11.115053333448,-0.320556894026));
#8341 = CARTESIAN_POINT('',(11.144261318257,1.937902700828));
#8342 = CARTESIAN_POINT('',(11.157777809839,4.208921984413));
#8343 = CARTESIAN_POINT('',(11.159426682442,6.490655777688));
#8344 = CARTESIAN_POINT('',(11.153087756972,8.781306391877));
#8345 = CARTESIAN_POINT('',(11.142694135418,11.079124853118));
#8346 = CARTESIAN_POINT('',(11.132230638877,13.382408960239));
#8347 = CARTESIAN_POINT('',(11.122080394396,16.986602662707));
#8348 = CARTESIAN_POINT('',(11.1196917215,18.281398770639));
#8349 = CARTESIAN_POINT('',(11.118390778824,19.574058575678));
#8350 = CARTESIAN_POINT('',(11.118001354341,20.864754831063));
#8351 = CARTESIAN_POINT('',(11.118347567426,22.153660966779));
#8352 = CARTESIAN_POINT('',(11.119253869274,23.440951090933));
#8353 = CARTESIAN_POINT('',(11.120545042182,24.726799987485));
#8354 = CARTESIAN_POINT('',(11.122046200567,26.01138311931));
#8355 = CARTESIAN_POINT('',(11.123582789773,27.29487662478));
#8356 = CARTESIAN_POINT('',(11.12498058723,28.577457320943));
#8357 = CARTESIAN_POINT('',(11.126065701515,29.859302701042));
#8358 = CARTESIAN_POINT('',(11.126664572993,31.140590936155));
#8359 = CARTESIAN_POINT('',(11.126603973442,32.421500874264));
#8360 = CARTESIAN_POINT('',(11.124917257625,34.840621966456));
#8361 = CARTESIAN_POINT('',(11.123464854675,35.980307017008));
#8362 = CARTESIAN_POINT('',(11.121547733387,37.121215037881));
#8363 = CARTESIAN_POINT('',(11.119360364365,38.263294145233));
#8364 = CARTESIAN_POINT('',(11.117097753458,39.406492727923));
#8365 = CARTESIAN_POINT('',(11.114955440578,40.550759443678));
#8366 = CARTESIAN_POINT('',(11.113129501467,41.69604322482));
#8367 = CARTESIAN_POINT('',(11.111816545538,42.842293271307));
#8368 = CARTESIAN_POINT('',(11.111213718061,43.98945905769));
#8369 = CARTESIAN_POINT('',(11.111518698306,45.137490327328));
#8370 = CARTESIAN_POINT('',(11.112929700882,46.28633709644));
#8371 = CARTESIAN_POINT('',(11.11564547491,47.43594965168));
#8372 = CARTESIAN_POINT('',(11.119865304462,48.586278551391));
#8373 = CARTESIAN_POINT('',(11.125789008362,49.737274625046));
#8374 = ( GEOMETRIC_REPRESENTATION_CONTEXT(2) 
PARAMETRIC_REPRESENTATION_CONTEXT() REPRESENTATION_CONTEXT('2D SPACE',''
  ) );
#8375 = ORIENTED_EDGE('',*,*,#7692,.F.);
#8376 = ORIENTED_EDGE('',*,*,#5484,.F.);
#8377 = ADVANCED_FACE('',(#8378),#6874,.T.);
#8378 = FACE_BOUND('',#8379,.T.);
#8379 = EDGE_LOOP('',(#8380,#8403,#8404,#8427));
#8380 = ORIENTED_EDGE('',*,*,#8381,.F.);
#8381 = EDGE_CURVE('',#6853,#8382,#8384,.T.);
#8382 = VERTEX_POINT('',#8383);
#8383 = CARTESIAN_POINT('',(56.3,-69.,4.6));
#8384 = SURFACE_CURVE('',#8385,(#8389,#8396),.PCURVE_S1.);
#8385 = LINE('',#8386,#8387);
#8386 = CARTESIAN_POINT('',(56.3,-83.,4.6));
#8387 = VECTOR('',#8388,1.);
#8388 = DIRECTION('',(-0.,1.,0.));
#8389 = PCURVE('',#6874,#8390);
#8390 = DEFINITIONAL_REPRESENTATION('',(#8391),#8395);
#8391 = LINE('',#8392,#8393);
#8392 = CARTESIAN_POINT('',(9.2,0.));
#8393 = VECTOR('',#8394,1.);
#8394 = DIRECTION('',(0.,-1.));
#8395 = ( GEOMETRIC_REPRESENTATION_CONTEXT(2) 
PARAMETRIC_REPRESENTATION_CONTEXT() REPRESENTATION_CONTEXT('2D SPACE',''
  ) );
#8396 = PCURVE('',#6912,#8397);
#8397 = DEFINITIONAL_REPRESENTATION('',(#8398),#8402);
#8398 = LINE('',#8399,#8400);
#8399 = CARTESIAN_POINT('',(0.,0.));
#8400 = VECTOR('',#8401,1.);
#8401 = DIRECTION('',(0.,1.));
#8402 = ( GEOMETRIC_REPRESENTATION_CONTEXT(2) 
PARAMETRIC_REPRESENTATION_CONTEXT() REPRESENTATION_CONTEXT('2D SPACE',''
  ) );
#8403 = ORIENTED_EDGE('',*,*,#6852,.T.);
#8404 = ORIENTED_EDGE('',*,*,#8405,.T.);
#8405 = EDGE_CURVE('',#6855,#8406,#8408,.T.);
#8406 = VERTEX_POINT('',#8407);
#8407 = CARTESIAN_POINT('',(56.3,-69.,-4.6));
#8408 = SURFACE_CURVE('',#8409,(#8413,#8420),.PCURVE_S1.);
#8409 = LINE('',#8410,#8411);
#8410 = CARTESIAN_POINT('',(56.3,-83.,-4.6));
#8411 = VECTOR('',#8412,1.);
#8412 = DIRECTION('',(-0.,1.,0.));
#8413 = PCURVE('',#6874,#8414);
#8414 = DEFINITIONAL_REPRESENTATION('',(#8415),#8419);
#8415 = LINE('',#8416,#8417);
#8416 = CARTESIAN_POINT('',(0.,0.));
#8417 = VECTOR('',#8418,1.);
#8418 = DIRECTION('',(0.,-1.));
#8419 = ( GEOMETRIC_REPRESENTATION_CONTEXT(2) 
PARAMETRIC_REPRESENTATION_CONTEXT() REPRESENTATION_CONTEXT('2D SPACE',''
  ) );
#8420 = PCURVE('',#6984,#8421);
#8421 = DEFINITIONAL_REPRESENTATION('',(#8422),#8426);
#8422 = LINE('',#8423,#8424);
#8423 = CARTESIAN_POINT('',(0.,0.));
#8424 = VECTOR('',#8425,1.);
#8425 = DIRECTION('',(0.,1.));
#8426 = ( GEOMETRIC_REPRESENTATION_CONTEXT(2) 
PARAMETRIC_REPRESENTATION_CONTEXT() REPRESENTATION_CONTEXT('2D SPACE',''
  ) );
#8427 = ORIENTED_EDGE('',*,*,#8428,.T.);
#8428 = EDGE_CURVE('',#8406,#8382,#8429,.T.);
#8429 = SURFACE_CURVE('',#8430,(#8434,#8441),.PCURVE_S1.);
#8430 = LINE('',#8431,#8432);
#8431 = CARTESIAN_POINT('',(56.3,-69.,-4.6));
#8432 = VECTOR('',#8433,1.);
#8433 = DIRECTION('',(0.,0.,1.));
#8434 = PCURVE('',#6874,#8435);
#8435 = DEFINITIONAL_REPRESENTATION('',(#8436),#8440);
#8436 = LINE('',#8437,#8438);
#8437 = CARTESIAN_POINT('',(0.,-14.));
#8438 = VECTOR('',#8439,1.);
#8439 = DIRECTION('',(1.,0.));
#8440 = ( GEOMETRIC_REPRESENTATION_CONTEXT(2) 
PARAMETRIC_REPRESENTATION_CONTEXT() REPRESENTATION_CONTEXT('2D SPACE',''
  ) );
#8441 = PCURVE('',#8442,#8447);
#8442 = PLANE('',#8443);
#8443 = AXIS2_PLACEMENT_3D('',#8444,#8445,#8446);
#8444 = CARTESIAN_POINT('',(56.3,-69.,-4.6));
#8445 = DIRECTION('',(-0.,1.,0.));
#8446 = DIRECTION('',(0.,0.,1.));
#8447 = DEFINITIONAL_REPRESENTATION('',(#8448),#8452);
#8448 = LINE('',#8449,#8450);
#8449 = CARTESIAN_POINT('',(0.,0.));
#8450 = VECTOR('',#8451,1.);
#8451 = DIRECTION('',(1.,0.));
#8452 = ( GEOMETRIC_REPRESENTATION_CONTEXT(2) 
PARAMETRIC_REPRESENTATION_CONTEXT() REPRESENTATION_CONTEXT('2D SPACE',''
  ) );
#8453 = ADVANCED_FACE('',(#8454),#6984,.T.);
#8454 = FACE_BOUND('',#8455,.T.);
#8455 = EDGE_LOOP('',(#8456,#8457,#8458,#8481));
#8456 = ORIENTED_EDGE('',*,*,#8405,.F.);
#8457 = ORIENTED_EDGE('',*,*,#6962,.T.);
#8458 = ORIENTED_EDGE('',*,*,#8459,.T.);
#8459 = EDGE_CURVE('',#6929,#8460,#8462,.T.);
#8460 = VERTEX_POINT('',#8461);
#8461 = CARTESIAN_POINT('',(59.7,-69.,-4.6));
#8462 = SURFACE_CURVE('',#8463,(#8467,#8474),.PCURVE_S1.);
#8463 = LINE('',#8464,#8465);
#8464 = CARTESIAN_POINT('',(59.7,-83.,-4.6));
#8465 = VECTOR('',#8466,1.);
#8466 = DIRECTION('',(-0.,1.,0.));
#8467 = PCURVE('',#6984,#8468);
#8468 = DEFINITIONAL_REPRESENTATION('',(#8469),#8473);
#8469 = LINE('',#8470,#8471);
#8470 = CARTESIAN_POINT('',(3.4,0.));
#8471 = VECTOR('',#8472,1.);
#8472 = DIRECTION('',(0.,1.));
#8473 = ( GEOMETRIC_REPRESENTATION_CONTEXT(2) 
PARAMETRIC_REPRESENTATION_CONTEXT() REPRESENTATION_CONTEXT('2D SPACE',''
  ) );
#8474 = PCURVE('',#6948,#8475);
#8475 = DEFINITIONAL_REPRESENTATION('',(#8476),#8480);
#8476 = LINE('',#8477,#8478);
#8477 = CARTESIAN_POINT('',(0.,0.));
#8478 = VECTOR('',#8479,1.);
#8479 = DIRECTION('',(0.,-1.));
#8480 = ( GEOMETRIC_REPRESENTATION_CONTEXT(2) 
PARAMETRIC_REPRESENTATION_CONTEXT() REPRESENTATION_CONTEXT('2D SPACE',''
  ) );
#8481 = ORIENTED_EDGE('',*,*,#8482,.F.);
#8482 = EDGE_CURVE('',#8406,#8460,#8483,.T.);
#8483 = SURFACE_CURVE('',#8484,(#8488,#8495),.PCURVE_S1.);
#8484 = LINE('',#8485,#8486);
#8485 = CARTESIAN_POINT('',(56.3,-69.,-4.6));
#8486 = VECTOR('',#8487,1.);
#8487 = DIRECTION('',(1.,0.,-0.));
#8488 = PCURVE('',#6984,#8489);
#8489 = DEFINITIONAL_REPRESENTATION('',(#8490),#8494);
#8490 = LINE('',#8491,#8492);
#8491 = CARTESIAN_POINT('',(0.,14.));
#8492 = VECTOR('',#8493,1.);
#8493 = DIRECTION('',(1.,0.));
#8494 = ( GEOMETRIC_REPRESENTATION_CONTEXT(2) 
PARAMETRIC_REPRESENTATION_CONTEXT() REPRESENTATION_CONTEXT('2D SPACE',''
  ) );
#8495 = PCURVE('',#8442,#8496);
#8496 = DEFINITIONAL_REPRESENTATION('',(#8497),#8501);
#8497 = LINE('',#8498,#8499);
#8498 = CARTESIAN_POINT('',(0.,0.));
#8499 = VECTOR('',#8500,1.);
#8500 = DIRECTION('',(0.,1.));
#8501 = ( GEOMETRIC_REPRESENTATION_CONTEXT(2) 
PARAMETRIC_REPRESENTATION_CONTEXT() REPRESENTATION_CONTEXT('2D SPACE',''
  ) );
#8502 = ADVANCED_FACE('',(#8503),#6948,.F.);
#8503 = FACE_BOUND('',#8504,.F.);
#8504 = EDGE_LOOP('',(#8505,#8528,#8529,#8530));
#8505 = ORIENTED_EDGE('',*,*,#8506,.F.);
#8506 = EDGE_CURVE('',#6889,#8507,#8509,.T.);
#8507 = VERTEX_POINT('',#8508);
#8508 = CARTESIAN_POINT('',(59.7,-69.,4.6));
#8509 = SURFACE_CURVE('',#8510,(#8514,#8521),.PCURVE_S1.);
#8510 = LINE('',#8511,#8512);
#8511 = CARTESIAN_POINT('',(59.7,-83.,4.6));
#8512 = VECTOR('',#8513,1.);
#8513 = DIRECTION('',(-0.,1.,0.));
#8514 = PCURVE('',#6948,#8515);
#8515 = DEFINITIONAL_REPRESENTATION('',(#8516),#8520);
#8516 = LINE('',#8517,#8518);
#8517 = CARTESIAN_POINT('',(9.2,0.));
#8518 = VECTOR('',#8519,1.);
#8519 = DIRECTION('',(0.,-1.));
#8520 = ( GEOMETRIC_REPRESENTATION_CONTEXT(2) 
PARAMETRIC_REPRESENTATION_CONTEXT() REPRESENTATION_CONTEXT('2D SPACE',''
  ) );
#8521 = PCURVE('',#6912,#8522);
#8522 = DEFINITIONAL_REPRESENTATION('',(#8523),#8527);
#8523 = LINE('',#8524,#8525);
#8524 = CARTESIAN_POINT('',(3.4,0.));
#8525 = VECTOR('',#8526,1.);
#8526 = DIRECTION('',(0.,1.));
#8527 = ( GEOMETRIC_REPRESENTATION_CONTEXT(2) 
PARAMETRIC_REPRESENTATION_CONTEXT() REPRESENTATION_CONTEXT('2D SPACE',''
  ) );
#8528 = ORIENTED_EDGE('',*,*,#6928,.T.);
#8529 = ORIENTED_EDGE('',*,*,#8459,.T.);
#8530 = ORIENTED_EDGE('',*,*,#8531,.T.);
#8531 = EDGE_CURVE('',#8460,#8507,#8532,.T.);
#8532 = SURFACE_CURVE('',#8533,(#8537,#8544),.PCURVE_S1.);
#8533 = LINE('',#8534,#8535);
#8534 = CARTESIAN_POINT('',(59.7,-69.,-4.6));
#8535 = VECTOR('',#8536,1.);
#8536 = DIRECTION('',(0.,0.,1.));
#8537 = PCURVE('',#6948,#8538);
#8538 = DEFINITIONAL_REPRESENTATION('',(#8539),#8543);
#8539 = LINE('',#8540,#8541);
#8540 = CARTESIAN_POINT('',(0.,-14.));
#8541 = VECTOR('',#8542,1.);
#8542 = DIRECTION('',(1.,0.));
#8543 = ( GEOMETRIC_REPRESENTATION_CONTEXT(2) 
PARAMETRIC_REPRESENTATION_CONTEXT() REPRESENTATION_CONTEXT('2D SPACE',''
  ) );
#8544 = PCURVE('',#8442,#8545);
#8545 = DEFINITIONAL_REPRESENTATION('',(#8546),#8550);
#8546 = LINE('',#8547,#8548);
#8547 = CARTESIAN_POINT('',(0.,3.4));
#8548 = VECTOR('',#8549,1.);
#8549 = DIRECTION('',(1.,0.));
#8550 = ( GEOMETRIC_REPRESENTATION_CONTEXT(2) 
PARAMETRIC_REPRESENTATION_CONTEXT() REPRESENTATION_CONTEXT('2D SPACE',''
  ) );
#8551 = ADVANCED_FACE('',(#8552),#6912,.F.);
#8552 = FACE_BOUND('',#8553,.F.);
#8553 = EDGE_LOOP('',(#8554,#8555,#8556,#8557));
#8554 = ORIENTED_EDGE('',*,*,#8381,.F.);
#8555 = ORIENTED_EDGE('',*,*,#6888,.T.);
#8556 = ORIENTED_EDGE('',*,*,#8506,.T.);
#8557 = ORIENTED_EDGE('',*,*,#8558,.F.);
#8558 = EDGE_CURVE('',#8382,#8507,#8559,.T.);
#8559 = SURFACE_CURVE('',#8560,(#8564,#8571),.PCURVE_S1.);
#8560 = LINE('',#8561,#8562);
#8561 = CARTESIAN_POINT('',(56.3,-69.,4.6));
#8562 = VECTOR('',#8563,1.);
#8563 = DIRECTION('',(1.,0.,-0.));
#8564 = PCURVE('',#6912,#8565);
#8565 = DEFINITIONAL_REPRESENTATION('',(#8566),#8570);
#8566 = LINE('',#8567,#8568);
#8567 = CARTESIAN_POINT('',(0.,14.));
#8568 = VECTOR('',#8569,1.);
#8569 = DIRECTION('',(1.,0.));
#8570 = ( GEOMETRIC_REPRESENTATION_CONTEXT(2) 
PARAMETRIC_REPRESENTATION_CONTEXT() REPRESENTATION_CONTEXT('2D SPACE',''
  ) );
#8571 = PCURVE('',#8442,#8572);
#8572 = DEFINITIONAL_REPRESENTATION('',(#8573),#8577);
#8573 = LINE('',#8574,#8575);
#8574 = CARTESIAN_POINT('',(9.2,0.));
#8575 = VECTOR('',#8576,1.);
#8576 = DIRECTION('',(0.,1.));
#8577 = ( GEOMETRIC_REPRESENTATION_CONTEXT(2) 
PARAMETRIC_REPRESENTATION_CONTEXT() REPRESENTATION_CONTEXT('2D SPACE',''
  ) );
#8578 = ADVANCED_FACE('',(#8579),#7429,.F.);
#8579 = FACE_BOUND('',#8580,.F.);
#8580 = EDGE_LOOP('',(#8581));
#8581 = ORIENTED_EDGE('',*,*,#7143,.T.);
#8582 = ADVANCED_FACE('',(#8583),#8118,.T.);
#8583 = FACE_BOUND('',#8584,.T.);
#8584 = EDGE_LOOP('',(#8585));
#8585 = ORIENTED_EDGE('',*,*,#7832,.T.);
#8586 = ADVANCED_FACE('',(#8587),#8442,.F.);
#8587 = FACE_BOUND('',#8588,.F.);
#8588 = EDGE_LOOP('',(#8589,#8590,#8591,#8592));
#8589 = ORIENTED_EDGE('',*,*,#8482,.F.);
#8590 = ORIENTED_EDGE('',*,*,#8428,.T.);
#8591 = ORIENTED_EDGE('',*,*,#8558,.T.);
#8592 = ORIENTED_EDGE('',*,*,#8531,.F.);
#8593 = ( GEOMETRIC_REPRESENTATION_CONTEXT(3) 
GLOBAL_UNCERTAINTY_ASSIGNED_CONTEXT((#8597)) 
GLOBAL_UNIT_ASSIGNED_CONTEXT((#8594,#8595,#8596)) REPRESENTATION_CONTEXT
('Context #1','3D Context with UNIT and UNCERTAINTY') );
#8594 = ( LENGTH_UNIT() NAMED_UNIT(*) SI_UNIT(.MILLI.,.METRE.) );
#8595 = ( NAMED_UNIT(*) PLANE_ANGLE_UNIT() SI_UNIT($,.RADIAN.) );
#8596 = ( NAMED_UNIT(*) SI_UNIT($,.STERADIAN.) SOLID_ANGLE_UNIT() );
#8597 = UNCERTAINTY_MEASURE_WITH_UNIT(LENGTH_MEASURE(1.E-05),#8594,
  'distance_accuracy_value','confusion accuracy');
#8598 = CONTEXT_DEPENDENT_SHAPE_REPRESENTATION(#8599,#8601);
#8599 = ( REPRESENTATION_RELATIONSHIP('','',#4063,#10) 
REPRESENTATION_RELATIONSHIP_WITH_TRANSFORMATION(#8600) 
SHAPE_REPRESENTATION_RELATIONSHIP() );
#8600 = ITEM_DEFINED_TRANSFORMATION('','',#11,#27);
#8601 = PRODUCT_DEFINITION_SHAPE('Placement','Placement of an item',
  #8602);
#8602 = NEXT_ASSEMBLY_USAGE_OCCURRENCE('4','GRIP_BODY','',#5,#4058,$);
#8603 = PRODUCT_RELATED_PRODUCT_CATEGORY('part',$,(#4060));
#8604 = SHAPE_DEFINITION_REPRESENTATION(#8605,#8611);
#8605 = PRODUCT_DEFINITION_SHAPE('','',#8606);
#8606 = PRODUCT_DEFINITION('design','',#8607,#8610);
#8607 = PRODUCT_DEFINITION_FORMATION('','',#8608);
#8608 = PRODUCT('ROTARY_ENCODER','ROTARY_ENCODER','',(#8609));
#8609 = PRODUCT_CONTEXT('',#2,'mechanical');
#8610 = PRODUCT_DEFINITION_CONTEXT('part definition',#2,'design');
#8611 = ADVANCED_BREP_SHAPE_REPRESENTATION('',(#11,#8612),#9212);
#8612 = MANIFOLD_SOLID_BREP('',#8613);
#8613 = CLOSED_SHELL('',(#8614,#8765,#8841,#8890,#8939,#8966,#9021,#9059
    ,#9063,#9118,#9153,#9208));
#8614 = ADVANCED_FACE('',(#8615,#8734),#8629,.F.);
#8615 = FACE_BOUND('',#8616,.F.);
#8616 = EDGE_LOOP('',(#8617,#8652,#8680,#8708));
#8617 = ORIENTED_EDGE('',*,*,#8618,.F.);
#8618 = EDGE_CURVE('',#8619,#8621,#8623,.T.);
#8619 = VERTEX_POINT('',#8620);
#8620 = CARTESIAN_POINT('',(34.26,24.,-12.));
#8621 = VERTEX_POINT('',#8622);
#8622 = CARTESIAN_POINT('',(34.26,24.,12.));
#8623 = SURFACE_CURVE('',#8624,(#8628,#8640),.PCURVE_S1.);
#8624 = LINE('',#8625,#8626);
#8625 = CARTESIAN_POINT('',(34.26,24.,-12.));
#8626 = VECTOR('',#8627,1.);
#8627 = DIRECTION('',(0.,0.,1.));
#8628 = PCURVE('',#8629,#8634);
#8629 = PLANE('',#8630);
#8630 = AXIS2_PLACEMENT_3D('',#8631,#8632,#8633);
#8631 = CARTESIAN_POINT('',(34.26,24.,-12.));
#8632 = DIRECTION('',(1.,0.,-0.));
#8633 = DIRECTION('',(0.,0.,1.));
#8634 = DEFINITIONAL_REPRESENTATION('',(#8635),#8639);
#8635 = LINE('',#8636,#8637);
#8636 = CARTESIAN_POINT('',(0.,0.));
#8637 = VECTOR('',#8638,1.);
#8638 = DIRECTION('',(1.,0.));
#8639 = ( GEOMETRIC_REPRESENTATION_CONTEXT(2) 
PARAMETRIC_REPRESENTATION_CONTEXT() REPRESENTATION_CONTEXT('2D SPACE',''
  ) );
#8640 = PCURVE('',#8641,#8646);
#8641 = PLANE('',#8642);
#8642 = AXIS2_PLACEMENT_3D('',#8643,#8644,#8645);
#8643 = CARTESIAN_POINT('',(34.26,24.,-12.));
#8644 = DIRECTION('',(-0.,1.,0.));
#8645 = DIRECTION('',(0.,0.,1.));
#8646 = DEFINITIONAL_REPRESENTATION('',(#8647),#8651);
#8647 = LINE('',#8648,#8649);
#8648 = CARTESIAN_POINT('',(0.,0.));
#8649 = VECTOR('',#8650,1.);
#8650 = DIRECTION('',(1.,0.));
#8651 = ( GEOMETRIC_REPRESENTATION_CONTEXT(2) 
PARAMETRIC_REPRESENTATION_CONTEXT() REPRESENTATION_CONTEXT('2D SPACE',''
  ) );
#8652 = ORIENTED_EDGE('',*,*,#8653,.T.);
#8653 = EDGE_CURVE('',#8619,#8654,#8656,.T.);
#8654 = VERTEX_POINT('',#8655);
#8655 = CARTESIAN_POINT('',(34.26,48.,-12.));
#8656 = SURFACE_CURVE('',#8657,(#8661,#8668),.PCURVE_S1.);
#8657 = LINE('',#8658,#8659);
#8658 = CARTESIAN_POINT('',(34.26,24.,-12.));
#8659 = VECTOR('',#8660,1.);
#8660 = DIRECTION('',(-0.,1.,0.));
#8661 = PCURVE('',#8629,#8662);
#8662 = DEFINITIONAL_REPRESENTATION('',(#8663),#8667);
#8663 = LINE('',#8664,#8665);
#8664 = CARTESIAN_POINT('',(0.,0.));
#8665 = VECTOR('',#8666,1.);
#8666 = DIRECTION('',(0.,-1.));
#8667 = ( GEOMETRIC_REPRESENTATION_CONTEXT(2) 
PARAMETRIC_REPRESENTATION_CONTEXT() REPRESENTATION_CONTEXT('2D SPACE',''
  ) );
#8668 = PCURVE('',#8669,#8674);
#8669 = PLANE('',#8670);
#8670 = AXIS2_PLACEMENT_3D('',#8671,#8672,#8673);
#8671 = CARTESIAN_POINT('',(34.26,24.,-12.));
#8672 = DIRECTION('',(0.,0.,1.));
#8673 = DIRECTION('',(1.,0.,-0.));
#8674 = DEFINITIONAL_REPRESENTATION('',(#8675),#8679);
#8675 = LINE('',#8676,#8677);
#8676 = CARTESIAN_POINT('',(0.,0.));
#8677 = VECTOR('',#8678,1.);
#8678 = DIRECTION('',(0.,1.));
#8679 = ( GEOMETRIC_REPRESENTATION_CONTEXT(2) 
PARAMETRIC_REPRESENTATION_CONTEXT() REPRESENTATION_CONTEXT('2D SPACE',''
  ) );
#8680 = ORIENTED_EDGE('',*,*,#8681,.T.);
#8681 = EDGE_CURVE('',#8654,#8682,#8684,.T.);
#8682 = VERTEX_POINT('',#8683);
#8683 = CARTESIAN_POINT('',(34.26,48.,12.));
#8684 = SURFACE_CURVE('',#8685,(#8689,#8696),.PCURVE_S1.);
#8685 = LINE('',#8686,#8687);
#8686 = CARTESIAN_POINT('',(34.26,48.,-12.));
#8687 = VECTOR('',#8688,1.);
#8688 = DIRECTION('',(0.,0.,1.));
#8689 = PCURVE('',#8629,#8690);
#8690 = DEFINITIONAL_REPRESENTATION('',(#8691),#8695);
#8691 = LINE('',#8692,#8693);
#8692 = CARTESIAN_POINT('',(0.,-24.));
#8693 = VECTOR('',#8694,1.);
#8694 = DIRECTION('',(1.,0.));
#8695 = ( GEOMETRIC_REPRESENTATION_CONTEXT(2) 
PARAMETRIC_REPRESENTATION_CONTEXT() REPRESENTATION_CONTEXT('2D SPACE',''
  ) );
#8696 = PCURVE('',#8697,#8702);
#8697 = PLANE('',#8698);
#8698 = AXIS2_PLACEMENT_3D('',#8699,#8700,#8701);
#8699 = CARTESIAN_POINT('',(34.26,48.,-12.));
#8700 = DIRECTION('',(-0.,1.,0.));
#8701 = DIRECTION('',(0.,0.,1.));
#8702 = DEFINITIONAL_REPRESENTATION('',(#8703),#8707);
#8703 = LINE('',#8704,#8705);
#8704 = CARTESIAN_POINT('',(0.,0.));
#8705 = VECTOR('',#8706,1.);
#8706 = DIRECTION('',(1.,0.));
#8707 = ( GEOMETRIC_REPRESENTATION_CONTEXT(2) 
PARAMETRIC_REPRESENTATION_CONTEXT() REPRESENTATION_CONTEXT('2D SPACE',''
  ) );
#8708 = ORIENTED_EDGE('',*,*,#8709,.F.);
#8709 = EDGE_CURVE('',#8621,#8682,#8710,.T.);
#8710 = SURFACE_CURVE('',#8711,(#8715,#8722),.PCURVE_S1.);
#8711 = LINE('',#8712,#8713);
#8712 = CARTESIAN_POINT('',(34.26,24.,12.));
#8713 = VECTOR('',#8714,1.);
#8714 = DIRECTION('',(-0.,1.,0.));
#8715 = PCURVE('',#8629,#8716);
#8716 = DEFINITIONAL_REPRESENTATION('',(#8717),#8721);
#8717 = LINE('',#8718,#8719);
#8718 = CARTESIAN_POINT('',(24.,0.));
#8719 = VECTOR('',#8720,1.);
#8720 = DIRECTION('',(0.,-1.));
#8721 = ( GEOMETRIC_REPRESENTATION_CONTEXT(2) 
PARAMETRIC_REPRESENTATION_CONTEXT() REPRESENTATION_CONTEXT('2D SPACE',''
  ) );
#8722 = PCURVE('',#8723,#8728);
#8723 = PLANE('',#8724);
#8724 = AXIS2_PLACEMENT_3D('',#8725,#8726,#8727);
#8725 = CARTESIAN_POINT('',(34.26,24.,12.));
#8726 = DIRECTION('',(0.,0.,1.));
#8727 = DIRECTION('',(1.,0.,-0.));
#8728 = DEFINITIONAL_REPRESENTATION('',(#8729),#8733);
#8729 = LINE('',#8730,#8731);
#8730 = CARTESIAN_POINT('',(0.,0.));
#8731 = VECTOR('',#8732,1.);
#8732 = DIRECTION('',(0.,1.));
#8733 = ( GEOMETRIC_REPRESENTATION_CONTEXT(2) 
PARAMETRIC_REPRESENTATION_CONTEXT() REPRESENTATION_CONTEXT('2D SPACE',''
  ) );
#8734 = FACE_BOUND('',#8735,.F.);
#8735 = EDGE_LOOP('',(#8736));
#8736 = ORIENTED_EDGE('',*,*,#8737,.F.);
#8737 = EDGE_CURVE('',#8738,#8738,#8740,.T.);
#8738 = VERTEX_POINT('',#8739);
#8739 = CARTESIAN_POINT('',(34.26,36.,-3.5));
#8740 = SURFACE_CURVE('',#8741,(#8746,#8753),.PCURVE_S1.);
#8741 = CIRCLE('',#8742,3.5);
#8742 = AXIS2_PLACEMENT_3D('',#8743,#8744,#8745);
#8743 = CARTESIAN_POINT('',(34.26,36.,-2.22044604925E-15));
#8744 = DIRECTION('',(1.,0.,2.22044604925E-16));
#8745 = DIRECTION('',(2.22044604925E-16,0.,-1.));
#8746 = PCURVE('',#8629,#8747);
#8747 = DEFINITIONAL_REPRESENTATION('',(#8748),#8752);
#8748 = CIRCLE('',#8749,3.5);
#8749 = AXIS2_PLACEMENT_2D('',#8750,#8751);
#8750 = CARTESIAN_POINT('',(12.,-12.));
#8751 = DIRECTION('',(-1.,0.));
#8752 = ( GEOMETRIC_REPRESENTATION_CONTEXT(2) 
PARAMETRIC_REPRESENTATION_CONTEXT() REPRESENTATION_CONTEXT('2D SPACE',''
  ) );
#8753 = PCURVE('',#8754,#8759);
#8754 = CYLINDRICAL_SURFACE('',#8755,3.5);
#8755 = AXIS2_PLACEMENT_3D('',#8756,#8757,#8758);
#8756 = CARTESIAN_POINT('',(32.01,36.,-2.720046410332E-15));
#8757 = DIRECTION('',(1.,0.,2.22044604925E-16));
#8758 = DIRECTION('',(2.22044604925E-16,0.,-1.));
#8759 = DEFINITIONAL_REPRESENTATION('',(#8760),#8764);
#8760 = LINE('',#8761,#8762);
#8761 = CARTESIAN_POINT('',(0.,2.25));
#8762 = VECTOR('',#8763,1.);
#8763 = DIRECTION('',(1.,0.));
#8764 = ( GEOMETRIC_REPRESENTATION_CONTEXT(2) 
PARAMETRIC_REPRESENTATION_CONTEXT() REPRESENTATION_CONTEXT('2D SPACE',''
  ) );
#8765 = ADVANCED_FACE('',(#8766),#8641,.F.);
#8766 = FACE_BOUND('',#8767,.F.);
#8767 = EDGE_LOOP('',(#8768,#8791,#8792,#8815));
#8768 = ORIENTED_EDGE('',*,*,#8769,.F.);
#8769 = EDGE_CURVE('',#8619,#8770,#8772,.T.);
#8770 = VERTEX_POINT('',#8771);
#8771 = CARTESIAN_POINT('',(46.26,24.,-12.));
#8772 = SURFACE_CURVE('',#8773,(#8777,#8784),.PCURVE_S1.);
#8773 = LINE('',#8774,#8775);
#8774 = CARTESIAN_POINT('',(34.26,24.,-12.));
#8775 = VECTOR('',#8776,1.);
#8776 = DIRECTION('',(1.,0.,-0.));
#8777 = PCURVE('',#8641,#8778);
#8778 = DEFINITIONAL_REPRESENTATION('',(#8779),#8783);
#8779 = LINE('',#8780,#8781);
#8780 = CARTESIAN_POINT('',(0.,0.));
#8781 = VECTOR('',#8782,1.);
#8782 = DIRECTION('',(0.,1.));
#8783 = ( GEOMETRIC_REPRESENTATION_CONTEXT(2) 
PARAMETRIC_REPRESENTATION_CONTEXT() REPRESENTATION_CONTEXT('2D SPACE',''
  ) );
#8784 = PCURVE('',#8669,#8785);
#8785 = DEFINITIONAL_REPRESENTATION('',(#8786),#8790);
#8786 = LINE('',#8787,#8788);
#8787 = CARTESIAN_POINT('',(0.,0.));
#8788 = VECTOR('',#8789,1.);
#8789 = DIRECTION('',(1.,0.));
#8790 = ( GEOMETRIC_REPRESENTATION_CONTEXT(2) 
PARAMETRIC_REPRESENTATION_CONTEXT() REPRESENTATION_CONTEXT('2D SPACE',''
  ) );
#8791 = ORIENTED_EDGE('',*,*,#8618,.T.);
#8792 = ORIENTED_EDGE('',*,*,#8793,.T.);
#8793 = EDGE_CURVE('',#8621,#8794,#8796,.T.);
#8794 = VERTEX_POINT('',#8795);
#8795 = CARTESIAN_POINT('',(46.26,24.,12.));
#8796 = SURFACE_CURVE('',#8797,(#8801,#8808),.PCURVE_S1.);
#8797 = LINE('',#8798,#8799);
#8798 = CARTESIAN_POINT('',(34.26,24.,12.));
#8799 = VECTOR('',#8800,1.);
#8800 = DIRECTION('',(1.,0.,-0.));
#8801 = PCURVE('',#8641,#8802);
#8802 = DEFINITIONAL_REPRESENTATION('',(#8803),#8807);
#8803 = LINE('',#8804,#8805);
#8804 = CARTESIAN_POINT('',(24.,0.));
#8805 = VECTOR('',#8806,1.);
#8806 = DIRECTION('',(0.,1.));
#8807 = ( GEOMETRIC_REPRESENTATION_CONTEXT(2) 
PARAMETRIC_REPRESENTATION_CONTEXT() REPRESENTATION_CONTEXT('2D SPACE',''
  ) );
#8808 = PCURVE('',#8723,#8809);
#8809 = DEFINITIONAL_REPRESENTATION('',(#8810),#8814);
#8810 = LINE('',#8811,#8812);
#8811 = CARTESIAN_POINT('',(0.,0.));
#8812 = VECTOR('',#8813,1.);
#8813 = DIRECTION('',(1.,0.));
#8814 = ( GEOMETRIC_REPRESENTATION_CONTEXT(2) 
PARAMETRIC_REPRESENTATION_CONTEXT() REPRESENTATION_CONTEXT('2D SPACE',''
  ) );
#8815 = ORIENTED_EDGE('',*,*,#8816,.F.);
#8816 = EDGE_CURVE('',#8770,#8794,#8817,.T.);
#8817 = SURFACE_CURVE('',#8818,(#8822,#8829),.PCURVE_S1.);
#8818 = LINE('',#8819,#8820);
#8819 = CARTESIAN_POINT('',(46.26,24.,-12.));
#8820 = VECTOR('',#8821,1.);
#8821 = DIRECTION('',(0.,0.,1.));
#8822 = PCURVE('',#8641,#8823);
#8823 = DEFINITIONAL_REPRESENTATION('',(#8824),#8828);
#8824 = LINE('',#8825,#8826);
#8825 = CARTESIAN_POINT('',(0.,12.));
#8826 = VECTOR('',#8827,1.);
#8827 = DIRECTION('',(1.,0.));
#8828 = ( GEOMETRIC_REPRESENTATION_CONTEXT(2) 
PARAMETRIC_REPRESENTATION_CONTEXT() REPRESENTATION_CONTEXT('2D SPACE',''
  ) );
#8829 = PCURVE('',#8830,#8835);
#8830 = PLANE('',#8831);
#8831 = AXIS2_PLACEMENT_3D('',#8832,#8833,#8834);
#8832 = CARTESIAN_POINT('',(46.26,24.,-12.));
#8833 = DIRECTION('',(1.,0.,-0.));
#8834 = DIRECTION('',(0.,0.,1.));
#8835 = DEFINITIONAL_REPRESENTATION('',(#8836),#8840);
#8836 = LINE('',#8837,#8838);
#8837 = CARTESIAN_POINT('',(0.,0.));
#8838 = VECTOR('',#8839,1.);
#8839 = DIRECTION('',(1.,0.));
#8840 = ( GEOMETRIC_REPRESENTATION_CONTEXT(2) 
PARAMETRIC_REPRESENTATION_CONTEXT() REPRESENTATION_CONTEXT('2D SPACE',''
  ) );
#8841 = ADVANCED_FACE('',(#8842),#8723,.T.);
#8842 = FACE_BOUND('',#8843,.T.);
#8843 = EDGE_LOOP('',(#8844,#8845,#8846,#8869));
#8844 = ORIENTED_EDGE('',*,*,#8709,.F.);
#8845 = ORIENTED_EDGE('',*,*,#8793,.T.);
#8846 = ORIENTED_EDGE('',*,*,#8847,.T.);
#8847 = EDGE_CURVE('',#8794,#8848,#8850,.T.);
#8848 = VERTEX_POINT('',#8849);
#8849 = CARTESIAN_POINT('',(46.26,48.,12.));
#8850 = SURFACE_CURVE('',#8851,(#8855,#8862),.PCURVE_S1.);
#8851 = LINE('',#8852,#8853);
#8852 = CARTESIAN_POINT('',(46.26,24.,12.));
#8853 = VECTOR('',#8854,1.);
#8854 = DIRECTION('',(-0.,1.,0.));
#8855 = PCURVE('',#8723,#8856);
#8856 = DEFINITIONAL_REPRESENTATION('',(#8857),#8861);
#8857 = LINE('',#8858,#8859);
#8858 = CARTESIAN_POINT('',(12.,0.));
#8859 = VECTOR('',#8860,1.);
#8860 = DIRECTION('',(0.,1.));
#8861 = ( GEOMETRIC_REPRESENTATION_CONTEXT(2) 
PARAMETRIC_REPRESENTATION_CONTEXT() REPRESENTATION_CONTEXT('2D SPACE',''
  ) );
#8862 = PCURVE('',#8830,#8863);
#8863 = DEFINITIONAL_REPRESENTATION('',(#8864),#8868);
#8864 = LINE('',#8865,#8866);
#8865 = CARTESIAN_POINT('',(24.,0.));
#8866 = VECTOR('',#8867,1.);
#8867 = DIRECTION('',(0.,-1.));
#8868 = ( GEOMETRIC_REPRESENTATION_CONTEXT(2) 
PARAMETRIC_REPRESENTATION_CONTEXT() REPRESENTATION_CONTEXT('2D SPACE',''
  ) );
#8869 = ORIENTED_EDGE('',*,*,#8870,.F.);
#8870 = EDGE_CURVE('',#8682,#8848,#8871,.T.);
#8871 = SURFACE_CURVE('',#8872,(#8876,#8883),.PCURVE_S1.);
#8872 = LINE('',#8873,#8874);
#8873 = CARTESIAN_POINT('',(34.26,48.,12.));
#8874 = VECTOR('',#8875,1.);
#8875 = DIRECTION('',(1.,0.,-0.));
#8876 = PCURVE('',#8723,#8877);
#8877 = DEFINITIONAL_REPRESENTATION('',(#8878),#8882);
#8878 = LINE('',#8879,#8880);
#8879 = CARTESIAN_POINT('',(0.,24.));
#8880 = VECTOR('',#8881,1.);
#8881 = DIRECTION('',(1.,0.));
#8882 = ( GEOMETRIC_REPRESENTATION_CONTEXT(2) 
PARAMETRIC_REPRESENTATION_CONTEXT() REPRESENTATION_CONTEXT('2D SPACE',''
  ) );
#8883 = PCURVE('',#8697,#8884);
#8884 = DEFINITIONAL_REPRESENTATION('',(#8885),#8889);
#8885 = LINE('',#8886,#8887);
#8886 = CARTESIAN_POINT('',(24.,0.));
#8887 = VECTOR('',#8888,1.);
#8888 = DIRECTION('',(0.,1.));
#8889 = ( GEOMETRIC_REPRESENTATION_CONTEXT(2) 
PARAMETRIC_REPRESENTATION_CONTEXT() REPRESENTATION_CONTEXT('2D SPACE',''
  ) );
#8890 = ADVANCED_FACE('',(#8891),#8669,.F.);
#8891 = FACE_BOUND('',#8892,.F.);
#8892 = EDGE_LOOP('',(#8893,#8894,#8895,#8918));
#8893 = ORIENTED_EDGE('',*,*,#8653,.F.);
#8894 = ORIENTED_EDGE('',*,*,#8769,.T.);
#8895 = ORIENTED_EDGE('',*,*,#8896,.T.);
#8896 = EDGE_CURVE('',#8770,#8897,#8899,.T.);
#8897 = VERTEX_POINT('',#8898);
#8898 = CARTESIAN_POINT('',(46.26,48.,-12.));
#8899 = SURFACE_CURVE('',#8900,(#8904,#8911),.PCURVE_S1.);
#8900 = LINE('',#8901,#8902);
#8901 = CARTESIAN_POINT('',(46.26,24.,-12.));
#8902 = VECTOR('',#8903,1.);
#8903 = DIRECTION('',(-0.,1.,0.));
#8904 = PCURVE('',#8669,#8905);
#8905 = DEFINITIONAL_REPRESENTATION('',(#8906),#8910);
#8906 = LINE('',#8907,#8908);
#8907 = CARTESIAN_POINT('',(12.,0.));
#8908 = VECTOR('',#8909,1.);
#8909 = DIRECTION('',(0.,1.));
#8910 = ( GEOMETRIC_REPRESENTATION_CONTEXT(2) 
PARAMETRIC_REPRESENTATION_CONTEXT() REPRESENTATION_CONTEXT('2D SPACE',''
  ) );
#8911 = PCURVE('',#8830,#8912);
#8912 = DEFINITIONAL_REPRESENTATION('',(#8913),#8917);
#8913 = LINE('',#8914,#8915);
#8914 = CARTESIAN_POINT('',(0.,0.));
#8915 = VECTOR('',#8916,1.);
#8916 = DIRECTION('',(0.,-1.));
#8917 = ( GEOMETRIC_REPRESENTATION_CONTEXT(2) 
PARAMETRIC_REPRESENTATION_CONTEXT() REPRESENTATION_CONTEXT('2D SPACE',''
  ) );
#8918 = ORIENTED_EDGE('',*,*,#8919,.F.);
#8919 = EDGE_CURVE('',#8654,#8897,#8920,.T.);
#8920 = SURFACE_CURVE('',#8921,(#8925,#8932),.PCURVE_S1.);
#8921 = LINE('',#8922,#8923);
#8922 = CARTESIAN_POINT('',(34.26,48.,-12.));
#8923 = VECTOR('',#8924,1.);
#8924 = DIRECTION('',(1.,0.,-0.));
#8925 = PCURVE('',#8669,#8926);
#8926 = DEFINITIONAL_REPRESENTATION('',(#8927),#8931);
#8927 = LINE('',#8928,#8929);
#8928 = CARTESIAN_POINT('',(0.,24.));
#8929 = VECTOR('',#8930,1.);
#8930 = DIRECTION('',(1.,0.));
#8931 = ( GEOMETRIC_REPRESENTATION_CONTEXT(2) 
PARAMETRIC_REPRESENTATION_CONTEXT() REPRESENTATION_CONTEXT('2D SPACE',''
  ) );
#8932 = PCURVE('',#8697,#8933);
#8933 = DEFINITIONAL_REPRESENTATION('',(#8934),#8938);
#8934 = LINE('',#8935,#8936);
#8935 = CARTESIAN_POINT('',(0.,0.));
#8936 = VECTOR('',#8937,1.);
#8937 = DIRECTION('',(0.,1.));
#8938 = ( GEOMETRIC_REPRESENTATION_CONTEXT(2) 
PARAMETRIC_REPRESENTATION_CONTEXT() REPRESENTATION_CONTEXT('2D SPACE',''
  ) );
#8939 = ADVANCED_FACE('',(#8940),#8697,.T.);
#8940 = FACE_BOUND('',#8941,.T.);
#8941 = EDGE_LOOP('',(#8942,#8943,#8944,#8945));
#8942 = ORIENTED_EDGE('',*,*,#8919,.F.);
#8943 = ORIENTED_EDGE('',*,*,#8681,.T.);
#8944 = ORIENTED_EDGE('',*,*,#8870,.T.);
#8945 = ORIENTED_EDGE('',*,*,#8946,.F.);
#8946 = EDGE_CURVE('',#8897,#8848,#8947,.T.);
#8947 = SURFACE_CURVE('',#8948,(#8952,#8959),.PCURVE_S1.);
#8948 = LINE('',#8949,#8950);
#8949 = CARTESIAN_POINT('',(46.26,48.,-12.));
#8950 = VECTOR('',#8951,1.);
#8951 = DIRECTION('',(0.,0.,1.));
#8952 = PCURVE('',#8697,#8953);
#8953 = DEFINITIONAL_REPRESENTATION('',(#8954),#8958);
#8954 = LINE('',#8955,#8956);
#8955 = CARTESIAN_POINT('',(0.,12.));
#8956 = VECTOR('',#8957,1.);
#8957 = DIRECTION('',(1.,0.));
#8958 = ( GEOMETRIC_REPRESENTATION_CONTEXT(2) 
PARAMETRIC_REPRESENTATION_CONTEXT() REPRESENTATION_CONTEXT('2D SPACE',''
  ) );
#8959 = PCURVE('',#8830,#8960);
#8960 = DEFINITIONAL_REPRESENTATION('',(#8961),#8965);
#8961 = LINE('',#8962,#8963);
#8962 = CARTESIAN_POINT('',(0.,-24.));
#8963 = VECTOR('',#8964,1.);
#8964 = DIRECTION('',(1.,0.));
#8965 = ( GEOMETRIC_REPRESENTATION_CONTEXT(2) 
PARAMETRIC_REPRESENTATION_CONTEXT() REPRESENTATION_CONTEXT('2D SPACE',''
  ) );
#8966 = ADVANCED_FACE('',(#8967),#8754,.T.);
#8967 = FACE_BOUND('',#8968,.T.);
#8968 = EDGE_LOOP('',(#8969,#8970,#8993,#9020));
#8969 = ORIENTED_EDGE('',*,*,#8737,.F.);
#8970 = ORIENTED_EDGE('',*,*,#8971,.F.);
#8971 = EDGE_CURVE('',#8972,#8738,#8974,.T.);
#8972 = VERTEX_POINT('',#8973);
#8973 = CARTESIAN_POINT('',(32.01,36.,-3.5));
#8974 = SEAM_CURVE('',#8975,(#8979,#8986),.PCURVE_S1.);
#8975 = LINE('',#8976,#8977);
#8976 = CARTESIAN_POINT('',(32.01,36.,-3.5));
#8977 = VECTOR('',#8978,1.);
#8978 = DIRECTION('',(1.,0.,2.22044604925E-16));
#8979 = PCURVE('',#8754,#8980);
#8980 = DEFINITIONAL_REPRESENTATION('',(#8981),#8985);
#8981 = LINE('',#8982,#8983);
#8982 = CARTESIAN_POINT('',(6.28318530718,-0.));
#8983 = VECTOR('',#8984,1.);
#8984 = DIRECTION('',(0.,1.));
#8985 = ( GEOMETRIC_REPRESENTATION_CONTEXT(2) 
PARAMETRIC_REPRESENTATION_CONTEXT() REPRESENTATION_CONTEXT('2D SPACE',''
  ) );
#8986 = PCURVE('',#8754,#8987);
#8987 = DEFINITIONAL_REPRESENTATION('',(#8988),#8992);
#8988 = LINE('',#8989,#8990);
#8989 = CARTESIAN_POINT('',(0.,-0.));
#8990 = VECTOR('',#8991,1.);
#8991 = DIRECTION('',(0.,1.));
#8992 = ( GEOMETRIC_REPRESENTATION_CONTEXT(2) 
PARAMETRIC_REPRESENTATION_CONTEXT() REPRESENTATION_CONTEXT('2D SPACE',''
  ) );
#8993 = ORIENTED_EDGE('',*,*,#8994,.T.);
#8994 = EDGE_CURVE('',#8972,#8972,#8995,.T.);
#8995 = SURFACE_CURVE('',#8996,(#9001,#9008),.PCURVE_S1.);
#8996 = CIRCLE('',#8997,3.5);
#8997 = AXIS2_PLACEMENT_3D('',#8998,#8999,#9000);
#8998 = CARTESIAN_POINT('',(32.01,36.,-2.720046410332E-15));
#8999 = DIRECTION('',(1.,-0.,2.22044604925E-16));
#9000 = DIRECTION('',(2.22044604925E-16,0.,-1.));
#9001 = PCURVE('',#8754,#9002);
#9002 = DEFINITIONAL_REPRESENTATION('',(#9003),#9007);
#9003 = LINE('',#9004,#9005);
#9004 = CARTESIAN_POINT('',(0.,0.));
#9005 = VECTOR('',#9006,1.);
#9006 = DIRECTION('',(1.,0.));
#9007 = ( GEOMETRIC_REPRESENTATION_CONTEXT(2) 
PARAMETRIC_REPRESENTATION_CONTEXT() REPRESENTATION_CONTEXT('2D SPACE',''
  ) );
#9008 = PCURVE('',#9009,#9014);
#9009 = PLANE('',#9010);
#9010 = AXIS2_PLACEMENT_3D('',#9011,#9012,#9013);
#9011 = CARTESIAN_POINT('',(32.01,36.,-2.720046410332E-15));
#9012 = DIRECTION('',(1.,0.,2.22044604925E-16));
#9013 = DIRECTION('',(2.22044604925E-16,0.,-1.));
#9014 = DEFINITIONAL_REPRESENTATION('',(#9015),#9019);
#9015 = CIRCLE('',#9016,3.5);
#9016 = AXIS2_PLACEMENT_2D('',#9017,#9018);
#9017 = CARTESIAN_POINT('',(0.,0.));
#9018 = DIRECTION('',(1.,0.));
#9019 = ( GEOMETRIC_REPRESENTATION_CONTEXT(2) 
PARAMETRIC_REPRESENTATION_CONTEXT() REPRESENTATION_CONTEXT('2D SPACE',''
  ) );
#9020 = ORIENTED_EDGE('',*,*,#8971,.T.);
#9021 = ADVANCED_FACE('',(#9022,#9028),#8830,.T.);
#9022 = FACE_BOUND('',#9023,.T.);
#9023 = EDGE_LOOP('',(#9024,#9025,#9026,#9027));
#9024 = ORIENTED_EDGE('',*,*,#8816,.F.);
#9025 = ORIENTED_EDGE('',*,*,#8896,.T.);
#9026 = ORIENTED_EDGE('',*,*,#8946,.T.);
#9027 = ORIENTED_EDGE('',*,*,#8847,.F.);
#9028 = FACE_BOUND('',#9029,.T.);
#9029 = EDGE_LOOP('',(#9030));
#9030 = ORIENTED_EDGE('',*,*,#9031,.F.);
#9031 = EDGE_CURVE('',#9032,#9032,#9034,.T.);
#9032 = VERTEX_POINT('',#9033);
#9033 = CARTESIAN_POINT('',(46.26,36.,-3.5));
#9034 = SURFACE_CURVE('',#9035,(#9040,#9047),.PCURVE_S1.);
#9035 = CIRCLE('',#9036,3.5);
#9036 = AXIS2_PLACEMENT_3D('',#9037,#9038,#9039);
#9037 = CARTESIAN_POINT('',(46.26,36.,4.440892098501E-16));
#9038 = DIRECTION('',(1.,0.,2.22044604925E-16));
#9039 = DIRECTION('',(2.22044604925E-16,0.,-1.));
#9040 = PCURVE('',#8830,#9041);
#9041 = DEFINITIONAL_REPRESENTATION('',(#9042),#9046);
#9042 = CIRCLE('',#9043,3.5);
#9043 = AXIS2_PLACEMENT_2D('',#9044,#9045);
#9044 = CARTESIAN_POINT('',(12.,-12.));
#9045 = DIRECTION('',(-1.,0.));
#9046 = ( GEOMETRIC_REPRESENTATION_CONTEXT(2) 
PARAMETRIC_REPRESENTATION_CONTEXT() REPRESENTATION_CONTEXT('2D SPACE',''
  ) );
#9047 = PCURVE('',#9048,#9053);
#9048 = CYLINDRICAL_SURFACE('',#9049,3.5);
#9049 = AXIS2_PLACEMENT_3D('',#9050,#9051,#9052);
#9050 = CARTESIAN_POINT('',(32.01,36.,-2.720046410332E-15));
#9051 = DIRECTION('',(1.,0.,2.22044604925E-16));
#9052 = DIRECTION('',(2.22044604925E-16,0.,-1.));
#9053 = DEFINITIONAL_REPRESENTATION('',(#9054),#9058);
#9054 = LINE('',#9055,#9056);
#9055 = CARTESIAN_POINT('',(0.,14.25));
#9056 = VECTOR('',#9057,1.);
#9057 = DIRECTION('',(1.,0.));
#9058 = ( GEOMETRIC_REPRESENTATION_CONTEXT(2) 
PARAMETRIC_REPRESENTATION_CONTEXT() REPRESENTATION_CONTEXT('2D SPACE',''
  ) );
#9059 = ADVANCED_FACE('',(#9060),#9009,.F.);
#9060 = FACE_BOUND('',#9061,.T.);
#9061 = EDGE_LOOP('',(#9062));
#9062 = ORIENTED_EDGE('',*,*,#8994,.F.);
#9063 = ADVANCED_FACE('',(#9064),#9048,.T.);
#9064 = FACE_BOUND('',#9065,.T.);
#9065 = EDGE_LOOP('',(#9066,#9067,#9090,#9117));
#9066 = ORIENTED_EDGE('',*,*,#9031,.T.);
#9067 = ORIENTED_EDGE('',*,*,#9068,.T.);
#9068 = EDGE_CURVE('',#9032,#9069,#9071,.T.);
#9069 = VERTEX_POINT('',#9070);
#9070 = CARTESIAN_POINT('',(56.26,36.,-3.5));
#9071 = SEAM_CURVE('',#9072,(#9076,#9083),.PCURVE_S1.);
#9072 = LINE('',#9073,#9074);
#9073 = CARTESIAN_POINT('',(32.01,36.,-3.5));
#9074 = VECTOR('',#9075,1.);
#9075 = DIRECTION('',(1.,0.,2.22044604925E-16));
#9076 = PCURVE('',#9048,#9077);
#9077 = DEFINITIONAL_REPRESENTATION('',(#9078),#9082);
#9078 = LINE('',#9079,#9080);
#9079 = CARTESIAN_POINT('',(0.,-0.));
#9080 = VECTOR('',#9081,1.);
#9081 = DIRECTION('',(0.,1.));
#9082 = ( GEOMETRIC_REPRESENTATION_CONTEXT(2) 
PARAMETRIC_REPRESENTATION_CONTEXT() REPRESENTATION_CONTEXT('2D SPACE',''
  ) );
#9083 = PCURVE('',#9048,#9084);
#9084 = DEFINITIONAL_REPRESENTATION('',(#9085),#9089);
#9085 = LINE('',#9086,#9087);
#9086 = CARTESIAN_POINT('',(6.28318530718,-0.));
#9087 = VECTOR('',#9088,1.);
#9088 = DIRECTION('',(0.,1.));
#9089 = ( GEOMETRIC_REPRESENTATION_CONTEXT(2) 
PARAMETRIC_REPRESENTATION_CONTEXT() REPRESENTATION_CONTEXT('2D SPACE',''
  ) );
#9090 = ORIENTED_EDGE('',*,*,#9091,.F.);
#9091 = EDGE_CURVE('',#9069,#9069,#9092,.T.);
#9092 = SURFACE_CURVE('',#9093,(#9098,#9105),.PCURVE_S1.);
#9093 = CIRCLE('',#9094,3.5);
#9094 = AXIS2_PLACEMENT_3D('',#9095,#9096,#9097);
#9095 = CARTESIAN_POINT('',(56.26,36.,2.6645352591E-15));
#9096 = DIRECTION('',(1.,0.,2.22044604925E-16));
#9097 = DIRECTION('',(2.22044604925E-16,0.,-1.));
#9098 = PCURVE('',#9048,#9099);
#9099 = DEFINITIONAL_REPRESENTATION('',(#9100),#9104);
#9100 = LINE('',#9101,#9102);
#9101 = CARTESIAN_POINT('',(0.,24.25));
#9102 = VECTOR('',#9103,1.);
#9103 = DIRECTION('',(1.,0.));
#9104 = ( GEOMETRIC_REPRESENTATION_CONTEXT(2) 
PARAMETRIC_REPRESENTATION_CONTEXT() REPRESENTATION_CONTEXT('2D SPACE',''
  ) );
#9105 = PCURVE('',#9106,#9111);
#9106 = PLANE('',#9107);
#9107 = AXIS2_PLACEMENT_3D('',#9108,#9109,#9110);
#9108 = CARTESIAN_POINT('',(56.26,36.,-1.110223024625E-15));
#9109 = DIRECTION('',(1.,0.,2.22044604925E-16));
#9110 = DIRECTION('',(2.22044604925E-16,0.,-1.));
#9111 = DEFINITIONAL_REPRESENTATION('',(#9112),#9116);
#9112 = CIRCLE('',#9113,3.5);
#9113 = AXIS2_PLACEMENT_2D('',#9114,#9115);
#9114 = CARTESIAN_POINT('',(-3.774758283726E-15,0.));
#9115 = DIRECTION('',(1.,0.));
#9116 = ( GEOMETRIC_REPRESENTATION_CONTEXT(2) 
PARAMETRIC_REPRESENTATION_CONTEXT() REPRESENTATION_CONTEXT('2D SPACE',''
  ) );
#9117 = ORIENTED_EDGE('',*,*,#9068,.F.);
#9118 = ADVANCED_FACE('',(#9119,#9150),#9106,.F.);
#9119 = FACE_BOUND('',#9120,.F.);
#9120 = EDGE_LOOP('',(#9121));
#9121 = ORIENTED_EDGE('',*,*,#9122,.T.);
#9122 = EDGE_CURVE('',#9123,#9123,#9125,.T.);
#9123 = VERTEX_POINT('',#9124);
#9124 = CARTESIAN_POINT('',(56.26,36.,-9.));
#9125 = SURFACE_CURVE('',#9126,(#9131,#9138),.PCURVE_S1.);
#9126 = CIRCLE('',#9127,9.);
#9127 = AXIS2_PLACEMENT_3D('',#9128,#9129,#9130);
#9128 = CARTESIAN_POINT('',(56.26,36.,-1.110223024625E-15));
#9129 = DIRECTION('',(1.,-0.,2.22044604925E-16));
#9130 = DIRECTION('',(2.22044604925E-16,0.,-1.));
#9131 = PCURVE('',#9106,#9132);
#9132 = DEFINITIONAL_REPRESENTATION('',(#9133),#9137);
#9133 = CIRCLE('',#9134,9.);
#9134 = AXIS2_PLACEMENT_2D('',#9135,#9136);
#9135 = CARTESIAN_POINT('',(0.,0.));
#9136 = DIRECTION('',(1.,0.));
#9137 = ( GEOMETRIC_REPRESENTATION_CONTEXT(2) 
PARAMETRIC_REPRESENTATION_CONTEXT() REPRESENTATION_CONTEXT('2D SPACE',''
  ) );
#9138 = PCURVE('',#9139,#9144);
#9139 = CYLINDRICAL_SURFACE('',#9140,9.);
#9140 = AXIS2_PLACEMENT_3D('',#9141,#9142,#9143);
#9141 = CARTESIAN_POINT('',(56.26,36.,-1.110223024625E-15));
#9142 = DIRECTION('',(1.,0.,2.22044604925E-16));
#9143 = DIRECTION('',(2.22044604925E-16,0.,-1.));
#9144 = DEFINITIONAL_REPRESENTATION('',(#9145),#9149);
#9145 = LINE('',#9146,#9147);
#9146 = CARTESIAN_POINT('',(0.,0.));
#9147 = VECTOR('',#9148,1.);
#9148 = DIRECTION('',(1.,0.));
#9149 = ( GEOMETRIC_REPRESENTATION_CONTEXT(2) 
PARAMETRIC_REPRESENTATION_CONTEXT() REPRESENTATION_CONTEXT('2D SPACE',''
  ) );
#9150 = FACE_BOUND('',#9151,.F.);
#9151 = EDGE_LOOP('',(#9152));
#9152 = ORIENTED_EDGE('',*,*,#9091,.F.);
#9153 = ADVANCED_FACE('',(#9154),#9139,.T.);
#9154 = FACE_BOUND('',#9155,.T.);
#9155 = EDGE_LOOP('',(#9156,#9185,#9206,#9207));
#9156 = ORIENTED_EDGE('',*,*,#9157,.F.);
#9157 = EDGE_CURVE('',#9158,#9158,#9160,.T.);
#9158 = VERTEX_POINT('',#9159);
#9159 = CARTESIAN_POINT('',(66.26,36.,-9.));
#9160 = SURFACE_CURVE('',#9161,(#9166,#9173),.PCURVE_S1.);
#9161 = CIRCLE('',#9162,9.);
#9162 = AXIS2_PLACEMENT_3D('',#9163,#9164,#9165);
#9163 = CARTESIAN_POINT('',(66.26,36.,1.110223024625E-15));
#9164 = DIRECTION('',(1.,-0.,2.22044604925E-16));
#9165 = DIRECTION('',(2.22044604925E-16,0.,-1.));
#9166 = PCURVE('',#9139,#9167);
#9167 = DEFINITIONAL_REPRESENTATION('',(#9168),#9172);
#9168 = LINE('',#9169,#9170);
#9169 = CARTESIAN_POINT('',(0.,10.));
#9170 = VECTOR('',#9171,1.);
#9171 = DIRECTION('',(1.,0.));
#9172 = ( GEOMETRIC_REPRESENTATION_CONTEXT(2) 
PARAMETRIC_REPRESENTATION_CONTEXT() REPRESENTATION_CONTEXT('2D SPACE',''
  ) );
#9173 = PCURVE('',#9174,#9179);
#9174 = PLANE('',#9175);
#9175 = AXIS2_PLACEMENT_3D('',#9176,#9177,#9178);
#9176 = CARTESIAN_POINT('',(66.26,36.,1.110223024625E-15));
#9177 = DIRECTION('',(1.,0.,2.22044604925E-16));
#9178 = DIRECTION('',(2.22044604925E-16,0.,-1.));
#9179 = DEFINITIONAL_REPRESENTATION('',(#9180),#9184);
#9180 = CIRCLE('',#9181,9.);
#9181 = AXIS2_PLACEMENT_2D('',#9182,#9183);
#9182 = CARTESIAN_POINT('',(0.,0.));
#9183 = DIRECTION('',(1.,0.));
#9184 = ( GEOMETRIC_REPRESENTATION_CONTEXT(2) 
PARAMETRIC_REPRESENTATION_CONTEXT() REPRESENTATION_CONTEXT('2D SPACE',''
  ) );
#9185 = ORIENTED_EDGE('',*,*,#9186,.F.);
#9186 = EDGE_CURVE('',#9123,#9158,#9187,.T.);
#9187 = SEAM_CURVE('',#9188,(#9192,#9199),.PCURVE_S1.);
#9188 = LINE('',#9189,#9190);
#9189 = CARTESIAN_POINT('',(56.26,36.,-9.));
#9190 = VECTOR('',#9191,1.);
#9191 = DIRECTION('',(1.,0.,2.22044604925E-16));
#9192 = PCURVE('',#9139,#9193);
#9193 = DEFINITIONAL_REPRESENTATION('',(#9194),#9198);
#9194 = LINE('',#9195,#9196);
#9195 = CARTESIAN_POINT('',(6.28318530718,-0.));
#9196 = VECTOR('',#9197,1.);
#9197 = DIRECTION('',(0.,1.));
#9198 = ( GEOMETRIC_REPRESENTATION_CONTEXT(2) 
PARAMETRIC_REPRESENTATION_CONTEXT() REPRESENTATION_CONTEXT('2D SPACE',''
  ) );
#9199 = PCURVE('',#9139,#9200);
#9200 = DEFINITIONAL_REPRESENTATION('',(#9201),#9205);
#9201 = LINE('',#9202,#9203);
#9202 = CARTESIAN_POINT('',(0.,-0.));
#9203 = VECTOR('',#9204,1.);
#9204 = DIRECTION('',(0.,1.));
#9205 = ( GEOMETRIC_REPRESENTATION_CONTEXT(2) 
PARAMETRIC_REPRESENTATION_CONTEXT() REPRESENTATION_CONTEXT('2D SPACE',''
  ) );
#9206 = ORIENTED_EDGE('',*,*,#9122,.T.);
#9207 = ORIENTED_EDGE('',*,*,#9186,.T.);
#9208 = ADVANCED_FACE('',(#9209),#9174,.T.);
#9209 = FACE_BOUND('',#9210,.T.);
#9210 = EDGE_LOOP('',(#9211));
#9211 = ORIENTED_EDGE('',*,*,#9157,.T.);
#9212 = ( GEOMETRIC_REPRESENTATION_CONTEXT(3) 
GLOBAL_UNCERTAINTY_ASSIGNED_CONTEXT((#9216)) 
GLOBAL_UNIT_ASSIGNED_CONTEXT((#9213,#9214,#9215)) REPRESENTATION_CONTEXT
('Context #1','3D Context with UNIT and UNCERTAINTY') );
#9213 = ( LENGTH_UNIT() NAMED_UNIT(*) SI_UNIT(.MILLI.,.METRE.) );
#9214 = ( NAMED_UNIT(*) PLANE_ANGLE_UNIT() SI_UNIT($,.RADIAN.) );
#9215 = ( NAMED_UNIT(*) SI_UNIT($,.STERADIAN.) SOLID_ANGLE_UNIT() );
#9216 = UNCERTAINTY_MEASURE_WITH_UNIT(LENGTH_MEASURE(1.E-07),#9213,
  'distance_accuracy_value','confusion accuracy');
#9217 = CONTEXT_DEPENDENT_SHAPE_REPRESENTATION(#9218,#9220);
#9218 = ( REPRESENTATION_RELATIONSHIP('','',#8611,#10) 
REPRESENTATION_RELATIONSHIP_WITH_TRANSFORMATION(#9219) 
SHAPE_REPRESENTATION_RELATIONSHIP() );
#9219 = ITEM_DEFINED_TRANSFORMATION('','',#11,#31);
#9220 = PRODUCT_DEFINITION_SHAPE('Placement','Placement of an item',
  #9221);
#9221 = NEXT_ASSEMBLY_USAGE_OCCURRENCE('5','ROTARY_ENCODER','',#5,#8606,
  $);
#9222 = PRODUCT_RELATED_PRODUCT_CATEGORY('part',$,(#8608));
#9223 = SHAPE_DEFINITION_REPRESENTATION(#9224,#9230);
#9224 = PRODUCT_DEFINITION_SHAPE('','',#9225);
#9225 = PRODUCT_DEFINITION('design','',#9226,#9229);
#9226 = PRODUCT_DEFINITION_FORMATION('','',#9227);
#9227 = PRODUCT('USB_C_PORT','USB_C_PORT','',(#9228));
#9228 = PRODUCT_CONTEXT('',#2,'mechanical');
#9229 = PRODUCT_DEFINITION_CONTEXT('part definition',#2,'design');
#9230 = ADVANCED_BREP_SHAPE_REPRESENTATION('',(#11,#9231),#9561);
#9231 = MANIFOLD_SOLID_BREP('',#9232);
#9232 = CLOSED_SHELL('',(#9233,#9353,#9453,#9500,#9547,#9554));
#9233 = ADVANCED_FACE('',(#9234),#9248,.F.);
#9234 = FACE_BOUND('',#9235,.F.);
#9235 = EDGE_LOOP('',(#9236,#9271,#9299,#9327));
#9236 = ORIENTED_EDGE('',*,*,#9237,.F.);
#9237 = EDGE_CURVE('',#9238,#9240,#9242,.T.);
#9238 = VERTEX_POINT('',#9239);
#9239 = CARTESIAN_POINT('',(-1.63,-3.675,-4.47));
#9240 = VERTEX_POINT('',#9241);
#9241 = CARTESIAN_POINT('',(-1.63,-3.675,4.47));
#9242 = SURFACE_CURVE('',#9243,(#9247,#9259),.PCURVE_S1.);
#9243 = LINE('',#9244,#9245);
#9244 = CARTESIAN_POINT('',(-1.63,-3.675,-4.47));
#9245 = VECTOR('',#9246,1.);
#9246 = DIRECTION('',(0.,0.,1.));
#9247 = PCURVE('',#9248,#9253);
#9248 = PLANE('',#9249);
#9249 = AXIS2_PLACEMENT_3D('',#9250,#9251,#9252);
#9250 = CARTESIAN_POINT('',(-1.63,-3.675,-4.47));
#9251 = DIRECTION('',(1.,0.,-0.));
#9252 = DIRECTION('',(0.,0.,1.));
#9253 = DEFINITIONAL_REPRESENTATION('',(#9254),#9258);
#9254 = LINE('',#9255,#9256);
#9255 = CARTESIAN_POINT('',(0.,0.));
#9256 = VECTOR('',#9257,1.);
#9257 = DIRECTION('',(1.,0.));
#9258 = ( GEOMETRIC_REPRESENTATION_CONTEXT(2) 
PARAMETRIC_REPRESENTATION_CONTEXT() REPRESENTATION_CONTEXT('2D SPACE',''
  ) );
#9259 = PCURVE('',#9260,#9265);
#9260 = PLANE('',#9261);
#9261 = AXIS2_PLACEMENT_3D('',#9262,#9263,#9264);
#9262 = CARTESIAN_POINT('',(-1.63,-3.675,-4.47));
#9263 = DIRECTION('',(-0.,1.,0.));
#9264 = DIRECTION('',(0.,0.,1.));
#9265 = DEFINITIONAL_REPRESENTATION('',(#9266),#9270);
#9266 = LINE('',#9267,#9268);
#9267 = CARTESIAN_POINT('',(0.,0.));
#9268 = VECTOR('',#9269,1.);
#9269 = DIRECTION('',(1.,0.));
#9270 = ( GEOMETRIC_REPRESENTATION_CONTEXT(2) 
PARAMETRIC_REPRESENTATION_CONTEXT() REPRESENTATION_CONTEXT('2D SPACE',''
  ) );
#9271 = ORIENTED_EDGE('',*,*,#9272,.T.);
#9272 = EDGE_CURVE('',#9238,#9273,#9275,.T.);
#9273 = VERTEX_POINT('',#9274);
#9274 = CARTESIAN_POINT('',(-1.63,3.675,-4.47));
#9275 = SURFACE_CURVE('',#9276,(#9280,#9287),.PCURVE_S1.);
#9276 = LINE('',#9277,#9278);
#9277 = CARTESIAN_POINT('',(-1.63,-3.675,-4.47));
#9278 = VECTOR('',#9279,1.);
#9279 = DIRECTION('',(-0.,1.,0.));
#9280 = PCURVE('',#9248,#9281);
#9281 = DEFINITIONAL_REPRESENTATION('',(#9282),#9286);
#9282 = LINE('',#9283,#9284);
#9283 = CARTESIAN_POINT('',(0.,0.));
#9284 = VECTOR('',#9285,1.);
#9285 = DIRECTION('',(0.,-1.));
#9286 = ( GEOMETRIC_REPRESENTATION_CONTEXT(2) 
PARAMETRIC_REPRESENTATION_CONTEXT() REPRESENTATION_CONTEXT('2D SPACE',''
  ) );
#9287 = PCURVE('',#9288,#9293);
#9288 = PLANE('',#9289);
#9289 = AXIS2_PLACEMENT_3D('',#9290,#9291,#9292);
#9290 = CARTESIAN_POINT('',(-1.63,-3.675,-4.47));
#9291 = DIRECTION('',(0.,0.,1.));
#9292 = DIRECTION('',(1.,0.,-0.));
#9293 = DEFINITIONAL_REPRESENTATION('',(#9294),#9298);
#9294 = LINE('',#9295,#9296);
#9295 = CARTESIAN_POINT('',(0.,0.));
#9296 = VECTOR('',#9297,1.);
#9297 = DIRECTION('',(0.,1.));
#9298 = ( GEOMETRIC_REPRESENTATION_CONTEXT(2) 
PARAMETRIC_REPRESENTATION_CONTEXT() REPRESENTATION_CONTEXT('2D SPACE',''
  ) );
#9299 = ORIENTED_EDGE('',*,*,#9300,.T.);
#9300 = EDGE_CURVE('',#9273,#9301,#9303,.T.);
#9301 = VERTEX_POINT('',#9302);
#9302 = CARTESIAN_POINT('',(-1.63,3.675,4.47));
#9303 = SURFACE_CURVE('',#9304,(#9308,#9315),.PCURVE_S1.);
#9304 = LINE('',#9305,#9306);
#9305 = CARTESIAN_POINT('',(-1.63,3.675,-4.47));
#9306 = VECTOR('',#9307,1.);
#9307 = DIRECTION('',(0.,0.,1.));
#9308 = PCURVE('',#9248,#9309);
#9309 = DEFINITIONAL_REPRESENTATION('',(#9310),#9314);
#9310 = LINE('',#9311,#9312);
#9311 = CARTESIAN_POINT('',(0.,-7.35));
#9312 = VECTOR('',#9313,1.);
#9313 = DIRECTION('',(1.,0.));
#9314 = ( GEOMETRIC_REPRESENTATION_CONTEXT(2) 
PARAMETRIC_REPRESENTATION_CONTEXT() REPRESENTATION_CONTEXT('2D SPACE',''
  ) );
#9315 = PCURVE('',#9316,#9321);
#9316 = PLANE('',#9317);
#9317 = AXIS2_PLACEMENT_3D('',#9318,#9319,#9320);
#9318 = CARTESIAN_POINT('',(-1.63,3.675,-4.47));
#9319 = DIRECTION('',(-0.,1.,0.));
#9320 = DIRECTION('',(0.,0.,1.));
#9321 = DEFINITIONAL_REPRESENTATION('',(#9322),#9326);
#9322 = LINE('',#9323,#9324);
#9323 = CARTESIAN_POINT('',(0.,0.));
#9324 = VECTOR('',#9325,1.);
#9325 = DIRECTION('',(1.,0.));
#9326 = ( GEOMETRIC_REPRESENTATION_CONTEXT(2) 
PARAMETRIC_REPRESENTATION_CONTEXT() REPRESENTATION_CONTEXT('2D SPACE',''
  ) );
#9327 = ORIENTED_EDGE('',*,*,#9328,.F.);
#9328 = EDGE_CURVE('',#9240,#9301,#9329,.T.);
#9329 = SURFACE_CURVE('',#9330,(#9334,#9341),.PCURVE_S1.);
#9330 = LINE('',#9331,#9332);
#9331 = CARTESIAN_POINT('',(-1.63,-3.675,4.47));
#9332 = VECTOR('',#9333,1.);
#9333 = DIRECTION('',(-0.,1.,0.));
#9334 = PCURVE('',#9248,#9335);
#9335 = DEFINITIONAL_REPRESENTATION('',(#9336),#9340);
#9336 = LINE('',#9337,#9338);
#9337 = CARTESIAN_POINT('',(8.94,0.));
#9338 = VECTOR('',#9339,1.);
#9339 = DIRECTION('',(0.,-1.));
#9340 = ( GEOMETRIC_REPRESENTATION_CONTEXT(2) 
PARAMETRIC_REPRESENTATION_CONTEXT() REPRESENTATION_CONTEXT('2D SPACE',''
  ) );
#9341 = PCURVE('',#9342,#9347);
#9342 = PLANE('',#9343);
#9343 = AXIS2_PLACEMENT_3D('',#9344,#9345,#9346);
#9344 = CARTESIAN_POINT('',(-1.63,-3.675,4.47));
#9345 = DIRECTION('',(0.,0.,1.));
#9346 = DIRECTION('',(1.,0.,-0.));
#9347 = DEFINITIONAL_REPRESENTATION('',(#9348),#9352);
#9348 = LINE('',#9349,#9350);
#9349 = CARTESIAN_POINT('',(0.,0.));
#9350 = VECTOR('',#9351,1.);
#9351 = DIRECTION('',(0.,1.));
#9352 = ( GEOMETRIC_REPRESENTATION_CONTEXT(2) 
PARAMETRIC_REPRESENTATION_CONTEXT() REPRESENTATION_CONTEXT('2D SPACE',''
  ) );
#9353 = ADVANCED_FACE('',(#9354),#9368,.T.);
#9354 = FACE_BOUND('',#9355,.T.);
#9355 = EDGE_LOOP('',(#9356,#9386,#9409,#9432));
#9356 = ORIENTED_EDGE('',*,*,#9357,.F.);
#9357 = EDGE_CURVE('',#9358,#9360,#9362,.T.);
#9358 = VERTEX_POINT('',#9359);
#9359 = CARTESIAN_POINT('',(1.63,-3.675,-4.47));
#9360 = VERTEX_POINT('',#9361);
#9361 = CARTESIAN_POINT('',(1.63,-3.675,4.47));
#9362 = SURFACE_CURVE('',#9363,(#9367,#9379),.PCURVE_S1.);
#9363 = LINE('',#9364,#9365);
#9364 = CARTESIAN_POINT('',(1.63,-3.675,-4.47));
#9365 = VECTOR('',#9366,1.);
#9366 = DIRECTION('',(0.,0.,1.));
#9367 = PCURVE('',#9368,#9373);
#9368 = PLANE('',#9369);
#9369 = AXIS2_PLACEMENT_3D('',#9370,#9371,#9372);
#9370 = CARTESIAN_POINT('',(1.63,-3.675,-4.47));
#9371 = DIRECTION('',(1.,0.,-0.));
#9372 = DIRECTION('',(0.,0.,1.));
#9373 = DEFINITIONAL_REPRESENTATION('',(#9374),#9378);
#9374 = LINE('',#9375,#9376);
#9375 = CARTESIAN_POINT('',(0.,0.));
#9376 = VECTOR('',#9377,1.);
#9377 = DIRECTION('',(1.,0.));
#9378 = ( GEOMETRIC_REPRESENTATION_CONTEXT(2) 
PARAMETRIC_REPRESENTATION_CONTEXT() REPRESENTATION_CONTEXT('2D SPACE',''
  ) );
#9379 = PCURVE('',#9260,#9380);
#9380 = DEFINITIONAL_REPRESENTATION('',(#9381),#9385);
#9381 = LINE('',#9382,#9383);
#9382 = CARTESIAN_POINT('',(0.,3.26));
#9383 = VECTOR('',#9384,1.);
#9384 = DIRECTION('',(1.,0.));
#9385 = ( GEOMETRIC_REPRESENTATION_CONTEXT(2) 
PARAMETRIC_REPRESENTATION_CONTEXT() REPRESENTATION_CONTEXT('2D SPACE',''
  ) );
#9386 = ORIENTED_EDGE('',*,*,#9387,.T.);
#9387 = EDGE_CURVE('',#9358,#9388,#9390,.T.);
#9388 = VERTEX_POINT('',#9389);
#9389 = CARTESIAN_POINT('',(1.63,3.675,-4.47));
#9390 = SURFACE_CURVE('',#9391,(#9395,#9402),.PCURVE_S1.);
#9391 = LINE('',#9392,#9393);
#9392 = CARTESIAN_POINT('',(1.63,-3.675,-4.47));
#9393 = VECTOR('',#9394,1.);
#9394 = DIRECTION('',(-0.,1.,0.));
#9395 = PCURVE('',#9368,#9396);
#9396 = DEFINITIONAL_REPRESENTATION('',(#9397),#9401);
#9397 = LINE('',#9398,#9399);
#9398 = CARTESIAN_POINT('',(0.,0.));
#9399 = VECTOR('',#9400,1.);
#9400 = DIRECTION('',(0.,-1.));
#9401 = ( GEOMETRIC_REPRESENTATION_CONTEXT(2) 
PARAMETRIC_REPRESENTATION_CONTEXT() REPRESENTATION_CONTEXT('2D SPACE',''
  ) );
#9402 = PCURVE('',#9288,#9403);
#9403 = DEFINITIONAL_REPRESENTATION('',(#9404),#9408);
#9404 = LINE('',#9405,#9406);
#9405 = CARTESIAN_POINT('',(3.26,0.));
#9406 = VECTOR('',#9407,1.);
#9407 = DIRECTION('',(0.,1.));
#9408 = ( GEOMETRIC_REPRESENTATION_CONTEXT(2) 
PARAMETRIC_REPRESENTATION_CONTEXT() REPRESENTATION_CONTEXT('2D SPACE',''
  ) );
#9409 = ORIENTED_EDGE('',*,*,#9410,.T.);
#9410 = EDGE_CURVE('',#9388,#9411,#9413,.T.);
#9411 = VERTEX_POINT('',#9412);
#9412 = CARTESIAN_POINT('',(1.63,3.675,4.47));
#9413 = SURFACE_CURVE('',#9414,(#9418,#9425),.PCURVE_S1.);
#9414 = LINE('',#9415,#9416);
#9415 = CARTESIAN_POINT('',(1.63,3.675,-4.47));
#9416 = VECTOR('',#9417,1.);
#9417 = DIRECTION('',(0.,0.,1.));
#9418 = PCURVE('',#9368,#9419);
#9419 = DEFINITIONAL_REPRESENTATION('',(#9420),#9424);
#9420 = LINE('',#9421,#9422);
#9421 = CARTESIAN_POINT('',(0.,-7.35));
#9422 = VECTOR('',#9423,1.);
#9423 = DIRECTION('',(1.,0.));
#9424 = ( GEOMETRIC_REPRESENTATION_CONTEXT(2) 
PARAMETRIC_REPRESENTATION_CONTEXT() REPRESENTATION_CONTEXT('2D SPACE',''
  ) );
#9425 = PCURVE('',#9316,#9426);
#9426 = DEFINITIONAL_REPRESENTATION('',(#9427),#9431);
#9427 = LINE('',#9428,#9429);
#9428 = CARTESIAN_POINT('',(0.,3.26));
#9429 = VECTOR('',#9430,1.);
#9430 = DIRECTION('',(1.,0.));
#9431 = ( GEOMETRIC_REPRESENTATION_CONTEXT(2) 
PARAMETRIC_REPRESENTATION_CONTEXT() REPRESENTATION_CONTEXT('2D SPACE',''
  ) );
#9432 = ORIENTED_EDGE('',*,*,#9433,.F.);
#9433 = EDGE_CURVE('',#9360,#9411,#9434,.T.);
#9434 = SURFACE_CURVE('',#9435,(#9439,#9446),.PCURVE_S1.);
#9435 = LINE('',#9436,#9437);
#9436 = CARTESIAN_POINT('',(1.63,-3.675,4.47));
#9437 = VECTOR('',#9438,1.);
#9438 = DIRECTION('',(-0.,1.,0.));
#9439 = PCURVE('',#9368,#9440);
#9440 = DEFINITIONAL_REPRESENTATION('',(#9441),#9445);
#9441 = LINE('',#9442,#9443);
#9442 = CARTESIAN_POINT('',(8.94,0.));
#9443 = VECTOR('',#9444,1.);
#9444 = DIRECTION('',(0.,-1.));
#9445 = ( GEOMETRIC_REPRESENTATION_CONTEXT(2) 
PARAMETRIC_REPRESENTATION_CONTEXT() REPRESENTATION_CONTEXT('2D SPACE',''
  ) );
#9446 = PCURVE('',#9342,#9447);
#9447 = DEFINITIONAL_REPRESENTATION('',(#9448),#9452);
#9448 = LINE('',#9449,#9450);
#9449 = CARTESIAN_POINT('',(3.26,0.));
#9450 = VECTOR('',#9451,1.);
#9451 = DIRECTION('',(0.,1.));
#9452 = ( GEOMETRIC_REPRESENTATION_CONTEXT(2) 
PARAMETRIC_REPRESENTATION_CONTEXT() REPRESENTATION_CONTEXT('2D SPACE',''
  ) );
#9453 = ADVANCED_FACE('',(#9454),#9260,.F.);
#9454 = FACE_BOUND('',#9455,.F.);
#9455 = EDGE_LOOP('',(#9456,#9477,#9478,#9499));
#9456 = ORIENTED_EDGE('',*,*,#9457,.F.);
#9457 = EDGE_CURVE('',#9238,#9358,#9458,.T.);
#9458 = SURFACE_CURVE('',#9459,(#9463,#9470),.PCURVE_S1.);
#9459 = LINE('',#9460,#9461);
#9460 = CARTESIAN_POINT('',(-1.63,-3.675,-4.47));
#9461 = VECTOR('',#9462,1.);
#9462 = DIRECTION('',(1.,0.,-0.));
#9463 = PCURVE('',#9260,#9464);
#9464 = DEFINITIONAL_REPRESENTATION('',(#9465),#9469);
#9465 = LINE('',#9466,#9467);
#9466 = CARTESIAN_POINT('',(0.,0.));
#9467 = VECTOR('',#9468,1.);
#9468 = DIRECTION('',(0.,1.));
#9469 = ( GEOMETRIC_REPRESENTATION_CONTEXT(2) 
PARAMETRIC_REPRESENTATION_CONTEXT() REPRESENTATION_CONTEXT('2D SPACE',''
  ) );
#9470 = PCURVE('',#9288,#9471);
#9471 = DEFINITIONAL_REPRESENTATION('',(#9472),#9476);
#9472 = LINE('',#9473,#9474);
#9473 = CARTESIAN_POINT('',(0.,0.));
#9474 = VECTOR('',#9475,1.);
#9475 = DIRECTION('',(1.,0.));
#9476 = ( GEOMETRIC_REPRESENTATION_CONTEXT(2) 
PARAMETRIC_REPRESENTATION_CONTEXT() REPRESENTATION_CONTEXT('2D SPACE',''
  ) );
#9477 = ORIENTED_EDGE('',*,*,#9237,.T.);
#9478 = ORIENTED_EDGE('',*,*,#9479,.T.);
#9479 = EDGE_CURVE('',#9240,#9360,#9480,.T.);
#9480 = SURFACE_CURVE('',#9481,(#9485,#9492),.PCURVE_S1.);
#9481 = LINE('',#9482,#9483);
#9482 = CARTESIAN_POINT('',(-1.63,-3.675,4.47));
#9483 = VECTOR('',#9484,1.);
#9484 = DIRECTION('',(1.,0.,-0.));
#9485 = PCURVE('',#9260,#9486);
#9486 = DEFINITIONAL_REPRESENTATION('',(#9487),#9491);
#9487 = LINE('',#9488,#9489);
#9488 = CARTESIAN_POINT('',(8.94,0.));
#9489 = VECTOR('',#9490,1.);
#9490 = DIRECTION('',(0.,1.));
#9491 = ( GEOMETRIC_REPRESENTATION_CONTEXT(2) 
PARAMETRIC_REPRESENTATION_CONTEXT() REPRESENTATION_CONTEXT('2D SPACE',''
  ) );
#9492 = PCURVE('',#9342,#9493);
#9493 = DEFINITIONAL_REPRESENTATION('',(#9494),#9498);
#9494 = LINE('',#9495,#9496);
#9495 = CARTESIAN_POINT('',(0.,0.));
#9496 = VECTOR('',#9497,1.);
#9497 = DIRECTION('',(1.,0.));
#9498 = ( GEOMETRIC_REPRESENTATION_CONTEXT(2) 
PARAMETRIC_REPRESENTATION_CONTEXT() REPRESENTATION_CONTEXT('2D SPACE',''
  ) );
#9499 = ORIENTED_EDGE('',*,*,#9357,.F.);
#9500 = ADVANCED_FACE('',(#9501),#9316,.T.);
#9501 = FACE_BOUND('',#9502,.T.);
#9502 = EDGE_LOOP('',(#9503,#9524,#9525,#9546));
#9503 = ORIENTED_EDGE('',*,*,#9504,.F.);
#9504 = EDGE_CURVE('',#9273,#9388,#9505,.T.);
#9505 = SURFACE_CURVE('',#9506,(#9510,#9517),.PCURVE_S1.);
#9506 = LINE('',#9507,#9508);
#9507 = CARTESIAN_POINT('',(-1.63,3.675,-4.47));
#9508 = VECTOR('',#9509,1.);
#9509 = DIRECTION('',(1.,0.,-0.));
#9510 = PCURVE('',#9316,#9511);
#9511 = DEFINITIONAL_REPRESENTATION('',(#9512),#9516);
#9512 = LINE('',#9513,#9514);
#9513 = CARTESIAN_POINT('',(0.,0.));
#9514 = VECTOR('',#9515,1.);
#9515 = DIRECTION('',(0.,1.));
#9516 = ( GEOMETRIC_REPRESENTATION_CONTEXT(2) 
PARAMETRIC_REPRESENTATION_CONTEXT() REPRESENTATION_CONTEXT('2D SPACE',''
  ) );
#9517 = PCURVE('',#9288,#9518);
#9518 = DEFINITIONAL_REPRESENTATION('',(#9519),#9523);
#9519 = LINE('',#9520,#9521);
#9520 = CARTESIAN_POINT('',(0.,7.35));
#9521 = VECTOR('',#9522,1.);
#9522 = DIRECTION('',(1.,0.));
#9523 = ( GEOMETRIC_REPRESENTATION_CONTEXT(2) 
PARAMETRIC_REPRESENTATION_CONTEXT() REPRESENTATION_CONTEXT('2D SPACE',''
  ) );
#9524 = ORIENTED_EDGE('',*,*,#9300,.T.);
#9525 = ORIENTED_EDGE('',*,*,#9526,.T.);
#9526 = EDGE_CURVE('',#9301,#9411,#9527,.T.);
#9527 = SURFACE_CURVE('',#9528,(#9532,#9539),.PCURVE_S1.);
#9528 = LINE('',#9529,#9530);
#9529 = CARTESIAN_POINT('',(-1.63,3.675,4.47));
#9530 = VECTOR('',#9531,1.);
#9531 = DIRECTION('',(1.,0.,-0.));
#9532 = PCURVE('',#9316,#9533);
#9533 = DEFINITIONAL_REPRESENTATION('',(#9534),#9538);
#9534 = LINE('',#9535,#9536);
#9535 = CARTESIAN_POINT('',(8.94,0.));
#9536 = VECTOR('',#9537,1.);
#9537 = DIRECTION('',(0.,1.));
#9538 = ( GEOMETRIC_REPRESENTATION_CONTEXT(2) 
PARAMETRIC_REPRESENTATION_CONTEXT() REPRESENTATION_CONTEXT('2D SPACE',''
  ) );
#9539 = PCURVE('',#9342,#9540);
#9540 = DEFINITIONAL_REPRESENTATION('',(#9541),#9545);
#9541 = LINE('',#9542,#9543);
#9542 = CARTESIAN_POINT('',(0.,7.35));
#9543 = VECTOR('',#9544,1.);
#9544 = DIRECTION('',(1.,0.));
#9545 = ( GEOMETRIC_REPRESENTATION_CONTEXT(2) 
PARAMETRIC_REPRESENTATION_CONTEXT() REPRESENTATION_CONTEXT('2D SPACE',''
  ) );
#9546 = ORIENTED_EDGE('',*,*,#9410,.F.);
#9547 = ADVANCED_FACE('',(#9548),#9288,.F.);
#9548 = FACE_BOUND('',#9549,.F.);
#9549 = EDGE_LOOP('',(#9550,#9551,#9552,#9553));
#9550 = ORIENTED_EDGE('',*,*,#9272,.F.);
#9551 = ORIENTED_EDGE('',*,*,#9457,.T.);
#9552 = ORIENTED_EDGE('',*,*,#9387,.T.);
#9553 = ORIENTED_EDGE('',*,*,#9504,.F.);
#9554 = ADVANCED_FACE('',(#9555),#9342,.T.);
#9555 = FACE_BOUND('',#9556,.T.);
#9556 = EDGE_LOOP('',(#9557,#9558,#9559,#9560));
#9557 = ORIENTED_EDGE('',*,*,#9328,.F.);
#9558 = ORIENTED_EDGE('',*,*,#9479,.T.);
#9559 = ORIENTED_EDGE('',*,*,#9433,.T.);
#9560 = ORIENTED_EDGE('',*,*,#9526,.F.);
#9561 = ( GEOMETRIC_REPRESENTATION_CONTEXT(3) 
GLOBAL_UNCERTAINTY_ASSIGNED_CONTEXT((#9565)) 
GLOBAL_UNIT_ASSIGNED_CONTEXT((#9562,#9563,#9564)) REPRESENTATION_CONTEXT
('Context #1','3D Context with UNIT and UNCERTAINTY') );
#9562 = ( LENGTH_UNIT() NAMED_UNIT(*) SI_UNIT(.MILLI.,.METRE.) );
#9563 = ( NAMED_UNIT(*) PLANE_ANGLE_UNIT() SI_UNIT($,.RADIAN.) );
#9564 = ( NAMED_UNIT(*) SI_UNIT($,.STERADIAN.) SOLID_ANGLE_UNIT() );
#9565 = UNCERTAINTY_MEASURE_WITH_UNIT(LENGTH_MEASURE(1.E-07),#9562,
  'distance_accuracy_value','confusion accuracy');
#9566 = CONTEXT_DEPENDENT_SHAPE_REPRESENTATION(#9567,#9569);
#9567 = ( REPRESENTATION_RELATIONSHIP('','',#9230,#10) 
REPRESENTATION_RELATIONSHIP_WITH_TRANSFORMATION(#9568) 
SHAPE_REPRESENTATION_RELATIONSHIP() );
#9568 = ITEM_DEFINED_TRANSFORMATION('','',#11,#35);
#9569 = PRODUCT_DEFINITION_SHAPE('Placement','Placement of an item',
  #9570);
#9570 = NEXT_ASSEMBLY_USAGE_OCCURRENCE('6','USB_C_PORT','',#5,#9225,$);
#9571 = PRODUCT_RELATED_PRODUCT_CATEGORY('part',$,(#9227));
#9572 = SHAPE_DEFINITION_REPRESENTATION(#9573,#9579);
#9573 = PRODUCT_DEFINITION_SHAPE('','',#9574);
#9574 = PRODUCT_DEFINITION('design','',#9575,#9578);
#9575 = PRODUCT_DEFINITION_FORMATION('','',#9576);
#9576 = PRODUCT('CORNER_CAMERA_BLOCK','CORNER_CAMERA_BLOCK','',(#9577));
#9577 = PRODUCT_CONTEXT('',#2,'mechanical');
#9578 = PRODUCT_DEFINITION_CONTEXT('part definition',#2,'design');
#9579 = ADVANCED_BREP_SHAPE_REPRESENTATION('',(#11,#9580),#11400);
#9580 = MANIFOLD_SOLID_BREP('',#9581);
#9581 = CLOSED_SHELL('',(#9582,#9702,#9790,#9869,#9948,#10026,#10084,
    #10142,#10218,#10394,#10420,#10672,#10698,#10774,#10800,#10826,
    #10904,#10930,#10956,#11005,#11032,#11203,#11260,#11309,#11355,
    #11362,#11389,#11396));
#9582 = ADVANCED_FACE('',(#9583),#9597,.F.);
#9583 = FACE_BOUND('',#9584,.F.);
#9584 = EDGE_LOOP('',(#9585,#9620,#9648,#9676));
#9585 = ORIENTED_EDGE('',*,*,#9586,.F.);
#9586 = EDGE_CURVE('',#9587,#9589,#9591,.T.);
#9587 = VERTEX_POINT('',#9588);
#9588 = CARTESIAN_POINT('',(14.26,57.55,-11.));
#9589 = VERTEX_POINT('',#9590);
#9590 = CARTESIAN_POINT('',(14.26,57.55,17.));
#9591 = SURFACE_CURVE('',#9592,(#9596,#9608),.PCURVE_S1.);
#9592 = LINE('',#9593,#9594);
#9593 = CARTESIAN_POINT('',(14.26,57.55,-14.));
#9594 = VECTOR('',#9595,1.);
#9595 = DIRECTION('',(0.,0.,1.));
#9596 = PCURVE('',#9597,#9602);
#9597 = PLANE('',#9598);
#9598 = AXIS2_PLACEMENT_3D('',#9599,#9600,#9601);
#9599 = CARTESIAN_POINT('',(14.26,48.55,-14.));
#9600 = DIRECTION('',(1.,0.,-0.));
#9601 = DIRECTION('',(0.,0.,1.));
#9602 = DEFINITIONAL_REPRESENTATION('',(#9603),#9607);
#9603 = LINE('',#9604,#9605);
#9604 = CARTESIAN_POINT('',(0.,-9.));
#9605 = VECTOR('',#9606,1.);
#9606 = DIRECTION('',(1.,0.));
#9607 = ( GEOMETRIC_REPRESENTATION_CONTEXT(2) 
PARAMETRIC_REPRESENTATION_CONTEXT() REPRESENTATION_CONTEXT('2D SPACE',''
  ) );
#9608 = PCURVE('',#9609,#9614);
#9609 = CYLINDRICAL_SURFACE('',#9610,9.);
#9610 = AXIS2_PLACEMENT_3D('',#9611,#9612,#9613);
#9611 = CARTESIAN_POINT('',(23.26,57.55,-14.));
#9612 = DIRECTION('',(0.,0.,1.));
#9613 = DIRECTION('',(-1.,-0.,0.));
#9614 = DEFINITIONAL_REPRESENTATION('',(#9615),#9619);
#9615 = LINE('',#9616,#9617);
#9616 = CARTESIAN_POINT('',(0.,0.));
#9617 = VECTOR('',#9618,1.);
#9618 = DIRECTION('',(0.,1.));
#9619 = ( GEOMETRIC_REPRESENTATION_CONTEXT(2) 
PARAMETRIC_REPRESENTATION_CONTEXT() REPRESENTATION_CONTEXT('2D SPACE',''
  ) );
#9620 = ORIENTED_EDGE('',*,*,#9621,.T.);
#9621 = EDGE_CURVE('',#9587,#9622,#9624,.T.);
#9622 = VERTEX_POINT('',#9623);
#9623 = CARTESIAN_POINT('',(14.26,71.55,-11.));
#9624 = SURFACE_CURVE('',#9625,(#9629,#9636),.PCURVE_S1.);
#9625 = LINE('',#9626,#9627);
#9626 = CARTESIAN_POINT('',(14.26,57.55,-11.));
#9627 = VECTOR('',#9628,1.);
#9628 = DIRECTION('',(-0.,1.,0.));
#9629 = PCURVE('',#9597,#9630);
#9630 = DEFINITIONAL_REPRESENTATION('',(#9631),#9635);
#9631 = LINE('',#9632,#9633);
#9632 = CARTESIAN_POINT('',(3.,-9.));
#9633 = VECTOR('',#9634,1.);
#9634 = DIRECTION('',(0.,-1.));
#9635 = ( GEOMETRIC_REPRESENTATION_CONTEXT(2) 
PARAMETRIC_REPRESENTATION_CONTEXT() REPRESENTATION_CONTEXT('2D SPACE',''
  ) );
#9636 = PCURVE('',#9637,#9642);
#9637 = CYLINDRICAL_SURFACE('',#9638,3.);
#9638 = AXIS2_PLACEMENT_3D('',#9639,#9640,#9641);
#9639 = CARTESIAN_POINT('',(17.26,57.55,-11.));
#9640 = DIRECTION('',(-0.,1.,0.));
#9641 = DIRECTION('',(-1.,-0.,0.));
#9642 = DEFINITIONAL_REPRESENTATION('',(#9643),#9647);
#9643 = LINE('',#9644,#9645);
#9644 = CARTESIAN_POINT('',(-0.,0.));
#9645 = VECTOR('',#9646,1.);
#9646 = DIRECTION('',(-0.,1.));
#9647 = ( GEOMETRIC_REPRESENTATION_CONTEXT(2) 
PARAMETRIC_REPRESENTATION_CONTEXT() REPRESENTATION_CONTEXT('2D SPACE',''
  ) );
#9648 = ORIENTED_EDGE('',*,*,#9649,.T.);
#9649 = EDGE_CURVE('',#9622,#9650,#9652,.T.);
#9650 = VERTEX_POINT('',#9651);
#9651 = CARTESIAN_POINT('',(14.26,71.55,17.));
#9652 = SURFACE_CURVE('',#9653,(#9657,#9664),.PCURVE_S1.);
#9653 = LINE('',#9654,#9655);
#9654 = CARTESIAN_POINT('',(14.26,71.55,-14.));
#9655 = VECTOR('',#9656,1.);
#9656 = DIRECTION('',(0.,0.,1.));
#9657 = PCURVE('',#9597,#9658);
#9658 = DEFINITIONAL_REPRESENTATION('',(#9659),#9663);
#9659 = LINE('',#9660,#9661);
#9660 = CARTESIAN_POINT('',(0.,-23.));
#9661 = VECTOR('',#9662,1.);
#9662 = DIRECTION('',(1.,0.));
#9663 = ( GEOMETRIC_REPRESENTATION_CONTEXT(2) 
PARAMETRIC_REPRESENTATION_CONTEXT() REPRESENTATION_CONTEXT('2D SPACE',''
  ) );
#9664 = PCURVE('',#9665,#9670);
#9665 = CYLINDRICAL_SURFACE('',#9666,9.);
#9666 = AXIS2_PLACEMENT_3D('',#9667,#9668,#9669);
#9667 = CARTESIAN_POINT('',(23.26,71.55,-14.));
#9668 = DIRECTION('',(0.,0.,1.));
#9669 = DIRECTION('',(-1.,-0.,0.));
#9670 = DEFINITIONAL_REPRESENTATION('',(#9671),#9675);
#9671 = LINE('',#9672,#9673);
#9672 = CARTESIAN_POINT('',(-0.,0.));
#9673 = VECTOR('',#9674,1.);
#9674 = DIRECTION('',(-0.,1.));
#9675 = ( GEOMETRIC_REPRESENTATION_CONTEXT(2) 
PARAMETRIC_REPRESENTATION_CONTEXT() REPRESENTATION_CONTEXT('2D SPACE',''
  ) );
#9676 = ORIENTED_EDGE('',*,*,#9677,.F.);
#9677 = EDGE_CURVE('',#9589,#9650,#9678,.T.);
#9678 = SURFACE_CURVE('',#9679,(#9683,#9690),.PCURVE_S1.);
#9679 = LINE('',#9680,#9681);
#9680 = CARTESIAN_POINT('',(14.26,57.55,17.));
#9681 = VECTOR('',#9682,1.);
#9682 = DIRECTION('',(-0.,1.,0.));
#9683 = PCURVE('',#9597,#9684);
#9684 = DEFINITIONAL_REPRESENTATION('',(#9685),#9689);
#9685 = LINE('',#9686,#9687);
#9686 = CARTESIAN_POINT('',(31.,-9.));
#9687 = VECTOR('',#9688,1.);
#9688 = DIRECTION('',(0.,-1.));
#9689 = ( GEOMETRIC_REPRESENTATION_CONTEXT(2) 
PARAMETRIC_REPRESENTATION_CONTEXT() REPRESENTATION_CONTEXT('2D SPACE',''
  ) );
#9690 = PCURVE('',#9691,#9696);
#9691 = CYLINDRICAL_SURFACE('',#9692,3.);
#9692 = AXIS2_PLACEMENT_3D('',#9693,#9694,#9695);
#9693 = CARTESIAN_POINT('',(17.26,57.55,17.));
#9694 = DIRECTION('',(-0.,1.,0.));
#9695 = DIRECTION('',(-1.,-0.,0.));
#9696 = DEFINITIONAL_REPRESENTATION('',(#9697),#9701);
#9697 = LINE('',#9698,#9699);
#9698 = CARTESIAN_POINT('',(0.,0.));
#9699 = VECTOR('',#9700,1.);
#9700 = DIRECTION('',(0.,1.));
#9701 = ( GEOMETRIC_REPRESENTATION_CONTEXT(2) 
PARAMETRIC_REPRESENTATION_CONTEXT() REPRESENTATION_CONTEXT('2D SPACE',''
  ) );
#9702 = ADVANCED_FACE('',(#9703),#9609,.T.);
#9703 = FACE_BOUND('',#9704,.T.);
#9704 = EDGE_LOOP('',(#9705,#9706,#9735,#9763));
#9705 = ORIENTED_EDGE('',*,*,#9586,.F.);
#9706 = ORIENTED_EDGE('',*,*,#9707,.F.);
#9707 = EDGE_CURVE('',#9708,#9587,#9710,.T.);
#9708 = VERTEX_POINT('',#9709);
#9709 = CARTESIAN_POINT('',(23.26,48.55,-11.));
#9710 = SURFACE_CURVE('',#9711,(#9716,#9723),.PCURVE_S1.);
#9711 = CIRCLE('',#9712,9.);
#9712 = AXIS2_PLACEMENT_3D('',#9713,#9714,#9715);
#9713 = CARTESIAN_POINT('',(23.26,57.55,-11.));
#9714 = DIRECTION('',(-0.,0.,-1.));
#9715 = DIRECTION('',(-1.973729821556E-16,-1.,0.));
#9716 = PCURVE('',#9609,#9717);
#9717 = DEFINITIONAL_REPRESENTATION('',(#9718),#9722);
#9718 = LINE('',#9719,#9720);
#9719 = CARTESIAN_POINT('',(1.570796326795,3.));
#9720 = VECTOR('',#9721,1.);
#9721 = DIRECTION('',(-1.,-0.));
#9722 = ( GEOMETRIC_REPRESENTATION_CONTEXT(2) 
PARAMETRIC_REPRESENTATION_CONTEXT() REPRESENTATION_CONTEXT('2D SPACE',''
  ) );
#9723 = PCURVE('',#9724,#9729);
#9724 = TOROIDAL_SURFACE('',#9725,6.,3.);
#9725 = AXIS2_PLACEMENT_3D('',#9726,#9727,#9728);
#9726 = CARTESIAN_POINT('',(23.26,57.55,-11.));
#9727 = DIRECTION('',(-0.,-0.,-1.));
#9728 = DIRECTION('',(-1.973729821556E-16,-1.,0.));
#9729 = DEFINITIONAL_REPRESENTATION('',(#9730),#9734);
#9730 = LINE('',#9731,#9732);
#9731 = CARTESIAN_POINT('',(0.,0.));
#9732 = VECTOR('',#9733,1.);
#9733 = DIRECTION('',(1.,0.));
#9734 = ( GEOMETRIC_REPRESENTATION_CONTEXT(2) 
PARAMETRIC_REPRESENTATION_CONTEXT() REPRESENTATION_CONTEXT('2D SPACE',''
  ) );
#9735 = ORIENTED_EDGE('',*,*,#9736,.T.);
#9736 = EDGE_CURVE('',#9708,#9737,#9739,.T.);
#9737 = VERTEX_POINT('',#9738);
#9738 = CARTESIAN_POINT('',(23.26,48.55,17.));
#9739 = SURFACE_CURVE('',#9740,(#9744,#9751),.PCURVE_S1.);
#9740 = LINE('',#9741,#9742);
#9741 = CARTESIAN_POINT('',(23.26,48.55,-14.));
#9742 = VECTOR('',#9743,1.);
#9743 = DIRECTION('',(0.,0.,1.));
#9744 = PCURVE('',#9609,#9745);
#9745 = DEFINITIONAL_REPRESENTATION('',(#9746),#9750);
#9746 = LINE('',#9747,#9748);
#9747 = CARTESIAN_POINT('',(1.570796326795,0.));
#9748 = VECTOR('',#9749,1.);
#9749 = DIRECTION('',(0.,1.));
#9750 = ( GEOMETRIC_REPRESENTATION_CONTEXT(2) 
PARAMETRIC_REPRESENTATION_CONTEXT() REPRESENTATION_CONTEXT('2D SPACE',''
  ) );
#9751 = PCURVE('',#9752,#9757);
#9752 = PLANE('',#9753);
#9753 = AXIS2_PLACEMENT_3D('',#9754,#9755,#9756);
#9754 = CARTESIAN_POINT('',(14.26,48.55,-14.));
#9755 = DIRECTION('',(-0.,1.,0.));
#9756 = DIRECTION('',(0.,0.,1.));
#9757 = DEFINITIONAL_REPRESENTATION('',(#9758),#9762);
#9758 = LINE('',#9759,#9760);
#9759 = CARTESIAN_POINT('',(0.,9.));
#9760 = VECTOR('',#9761,1.);
#9761 = DIRECTION('',(1.,0.));
#9762 = ( GEOMETRIC_REPRESENTATION_CONTEXT(2) 
PARAMETRIC_REPRESENTATION_CONTEXT() REPRESENTATION_CONTEXT('2D SPACE',''
  ) );
#9763 = ORIENTED_EDGE('',*,*,#9764,.T.);
#9764 = EDGE_CURVE('',#9737,#9589,#9765,.T.);
#9765 = SURFACE_CURVE('',#9766,(#9771,#9778),.PCURVE_S1.);
#9766 = CIRCLE('',#9767,9.);
#9767 = AXIS2_PLACEMENT_3D('',#9768,#9769,#9770);
#9768 = CARTESIAN_POINT('',(23.26,57.55,17.));
#9769 = DIRECTION('',(-0.,0.,-1.));
#9770 = DIRECTION('',(-1.973729821556E-16,-1.,0.));
#9771 = PCURVE('',#9609,#9772);
#9772 = DEFINITIONAL_REPRESENTATION('',(#9773),#9777);
#9773 = LINE('',#9774,#9775);
#9774 = CARTESIAN_POINT('',(1.570796326795,31.));
#9775 = VECTOR('',#9776,1.);
#9776 = DIRECTION('',(-1.,-0.));
#9777 = ( GEOMETRIC_REPRESENTATION_CONTEXT(2) 
PARAMETRIC_REPRESENTATION_CONTEXT() REPRESENTATION_CONTEXT('2D SPACE',''
  ) );
#9778 = PCURVE('',#9779,#9784);
#9779 = TOROIDAL_SURFACE('',#9780,6.,3.);
#9780 = AXIS2_PLACEMENT_3D('',#9781,#9782,#9783);
#9781 = CARTESIAN_POINT('',(23.26,57.55,17.));
#9782 = DIRECTION('',(0.,0.,1.));
#9783 = DIRECTION('',(-1.973729821556E-16,-1.,0.));
#9784 = DEFINITIONAL_REPRESENTATION('',(#9785),#9789);
#9785 = LINE('',#9786,#9787);
#9786 = CARTESIAN_POINT('',(-0.,0.));
#9787 = VECTOR('',#9788,1.);
#9788 = DIRECTION('',(-1.,0.));
#9789 = ( GEOMETRIC_REPRESENTATION_CONTEXT(2) 
PARAMETRIC_REPRESENTATION_CONTEXT() REPRESENTATION_CONTEXT('2D SPACE',''
  ) );
#9790 = ADVANCED_FACE('',(#9791),#9637,.T.);
#9791 = FACE_BOUND('',#9792,.F.);
#9792 = EDGE_LOOP('',(#9793,#9815,#9843,#9868));
#9793 = ORIENTED_EDGE('',*,*,#9794,.T.);
#9794 = EDGE_CURVE('',#9587,#9795,#9797,.T.);
#9795 = VERTEX_POINT('',#9796);
#9796 = CARTESIAN_POINT('',(17.26,57.55,-14.));
#9797 = SURFACE_CURVE('',#9798,(#9803,#9809),.PCURVE_S1.);
#9798 = CIRCLE('',#9799,3.);
#9799 = AXIS2_PLACEMENT_3D('',#9800,#9801,#9802);
#9800 = CARTESIAN_POINT('',(17.26,57.55,-11.));
#9801 = DIRECTION('',(0.,-1.,-0.));
#9802 = DIRECTION('',(-1.,-0.,0.));
#9803 = PCURVE('',#9637,#9804);
#9804 = DEFINITIONAL_REPRESENTATION('',(#9805),#9808);
#9805 = B_SPLINE_CURVE_WITH_KNOTS('',1,(#9806,#9807),.UNSPECIFIED.,.F.,
  .F.,(2,2),(0.,1.570796326795),.PIECEWISE_BEZIER_KNOTS.);
#9806 = CARTESIAN_POINT('',(0.,0.));
#9807 = CARTESIAN_POINT('',(-1.570796326795,0.));
#9808 = ( GEOMETRIC_REPRESENTATION_CONTEXT(2) 
PARAMETRIC_REPRESENTATION_CONTEXT() REPRESENTATION_CONTEXT('2D SPACE',''
  ) );
#9809 = PCURVE('',#9724,#9810);
#9810 = DEFINITIONAL_REPRESENTATION('',(#9811),#9814);
#9811 = B_SPLINE_CURVE_WITH_KNOTS('',1,(#9812,#9813),.UNSPECIFIED.,.F.,
  .F.,(2,2),(0.,1.570796326795),.PIECEWISE_BEZIER_KNOTS.);
#9812 = CARTESIAN_POINT('',(1.570796326795,0.));
#9813 = CARTESIAN_POINT('',(1.570796326795,1.570796326795));
#9814 = ( GEOMETRIC_REPRESENTATION_CONTEXT(2) 
PARAMETRIC_REPRESENTATION_CONTEXT() REPRESENTATION_CONTEXT('2D SPACE',''
  ) );
#9815 = ORIENTED_EDGE('',*,*,#9816,.T.);
#9816 = EDGE_CURVE('',#9795,#9817,#9819,.T.);
#9817 = VERTEX_POINT('',#9818);
#9818 = CARTESIAN_POINT('',(17.26,71.55,-14.));
#9819 = SURFACE_CURVE('',#9820,(#9824,#9831),.PCURVE_S1.);
#9820 = LINE('',#9821,#9822);
#9821 = CARTESIAN_POINT('',(17.26,57.55,-14.));
#9822 = VECTOR('',#9823,1.);
#9823 = DIRECTION('',(-0.,1.,0.));
#9824 = PCURVE('',#9637,#9825);
#9825 = DEFINITIONAL_REPRESENTATION('',(#9826),#9830);
#9826 = LINE('',#9827,#9828);
#9827 = CARTESIAN_POINT('',(-1.570796326795,0.));
#9828 = VECTOR('',#9829,1.);
#9829 = DIRECTION('',(-0.,1.));
#9830 = ( GEOMETRIC_REPRESENTATION_CONTEXT(2) 
PARAMETRIC_REPRESENTATION_CONTEXT() REPRESENTATION_CONTEXT('2D SPACE',''
  ) );
#9831 = PCURVE('',#9832,#9837);
#9832 = PLANE('',#9833);
#9833 = AXIS2_PLACEMENT_3D('',#9834,#9835,#9836);
#9834 = CARTESIAN_POINT('',(14.26,48.55,-14.));
#9835 = DIRECTION('',(0.,0.,1.));
#9836 = DIRECTION('',(1.,0.,-0.));
#9837 = DEFINITIONAL_REPRESENTATION('',(#9838),#9842);
#9838 = LINE('',#9839,#9840);
#9839 = CARTESIAN_POINT('',(3.,9.));
#9840 = VECTOR('',#9841,1.);
#9841 = DIRECTION('',(0.,1.));
#9842 = ( GEOMETRIC_REPRESENTATION_CONTEXT(2) 
PARAMETRIC_REPRESENTATION_CONTEXT() REPRESENTATION_CONTEXT('2D SPACE',''
  ) );
#9843 = ORIENTED_EDGE('',*,*,#9844,.F.);
#9844 = EDGE_CURVE('',#9622,#9817,#9845,.T.);
#9845 = SURFACE_CURVE('',#9846,(#9851,#9857),.PCURVE_S1.);
#9846 = CIRCLE('',#9847,3.);
#9847 = AXIS2_PLACEMENT_3D('',#9848,#9849,#9850);
#9848 = CARTESIAN_POINT('',(17.26,71.55,-11.));
#9849 = DIRECTION('',(0.,-1.,-0.));
#9850 = DIRECTION('',(-1.,-0.,0.));
#9851 = PCURVE('',#9637,#9852);
#9852 = DEFINITIONAL_REPRESENTATION('',(#9853),#9856);
#9853 = B_SPLINE_CURVE_WITH_KNOTS('',1,(#9854,#9855),.UNSPECIFIED.,.F.,
  .F.,(2,2),(0.,1.570796326795),.PIECEWISE_BEZIER_KNOTS.);
#9854 = CARTESIAN_POINT('',(0.,14.));
#9855 = CARTESIAN_POINT('',(-1.570796326795,14.));
#9856 = ( GEOMETRIC_REPRESENTATION_CONTEXT(2) 
PARAMETRIC_REPRESENTATION_CONTEXT() REPRESENTATION_CONTEXT('2D SPACE',''
  ) );
#9857 = PCURVE('',#9858,#9863);
#9858 = TOROIDAL_SURFACE('',#9859,6.,3.);
#9859 = AXIS2_PLACEMENT_3D('',#9860,#9861,#9862);
#9860 = CARTESIAN_POINT('',(23.26,71.55,-11.));
#9861 = DIRECTION('',(-0.,-0.,-1.));
#9862 = DIRECTION('',(-1.,9.868649107779E-17,0.));
#9863 = DEFINITIONAL_REPRESENTATION('',(#9864),#9867);
#9864 = B_SPLINE_CURVE_WITH_KNOTS('',1,(#9865,#9866),.UNSPECIFIED.,.F.,
  .F.,(2,2),(0.,1.570796326795),.PIECEWISE_BEZIER_KNOTS.);
#9865 = CARTESIAN_POINT('',(0.,0.));
#9866 = CARTESIAN_POINT('',(0.,1.570796326795));
#9867 = ( GEOMETRIC_REPRESENTATION_CONTEXT(2) 
PARAMETRIC_REPRESENTATION_CONTEXT() REPRESENTATION_CONTEXT('2D SPACE',''
  ) );
#9868 = ORIENTED_EDGE('',*,*,#9621,.F.);
#9869 = ADVANCED_FACE('',(#9870),#9691,.T.);
#9870 = FACE_BOUND('',#9871,.T.);
#9871 = EDGE_LOOP('',(#9872,#9894,#9922,#9947));
#9872 = ORIENTED_EDGE('',*,*,#9873,.T.);
#9873 = EDGE_CURVE('',#9589,#9874,#9876,.T.);
#9874 = VERTEX_POINT('',#9875);
#9875 = CARTESIAN_POINT('',(17.26,57.55,20.));
#9876 = SURFACE_CURVE('',#9877,(#9882,#9888),.PCURVE_S1.);
#9877 = CIRCLE('',#9878,3.);
#9878 = AXIS2_PLACEMENT_3D('',#9879,#9880,#9881);
#9879 = CARTESIAN_POINT('',(17.26,57.55,17.));
#9880 = DIRECTION('',(-0.,1.,0.));
#9881 = DIRECTION('',(-1.,-0.,0.));
#9882 = PCURVE('',#9691,#9883);
#9883 = DEFINITIONAL_REPRESENTATION('',(#9884),#9887);
#9884 = B_SPLINE_CURVE_WITH_KNOTS('',1,(#9885,#9886),.UNSPECIFIED.,.F.,
  .F.,(2,2),(0.,1.570796326795),.PIECEWISE_BEZIER_KNOTS.);
#9885 = CARTESIAN_POINT('',(0.,0.));
#9886 = CARTESIAN_POINT('',(1.570796326795,0.));
#9887 = ( GEOMETRIC_REPRESENTATION_CONTEXT(2) 
PARAMETRIC_REPRESENTATION_CONTEXT() REPRESENTATION_CONTEXT('2D SPACE',''
  ) );
#9888 = PCURVE('',#9779,#9889);
#9889 = DEFINITIONAL_REPRESENTATION('',(#9890),#9893);
#9890 = B_SPLINE_CURVE_WITH_KNOTS('',1,(#9891,#9892),.UNSPECIFIED.,.F.,
  .F.,(2,2),(0.,1.570796326795),.PIECEWISE_BEZIER_KNOTS.);
#9891 = CARTESIAN_POINT('',(-1.570796326795,0.));
#9892 = CARTESIAN_POINT('',(-1.570796326795,1.570796326795));
#9893 = ( GEOMETRIC_REPRESENTATION_CONTEXT(2) 
PARAMETRIC_REPRESENTATION_CONTEXT() REPRESENTATION_CONTEXT('2D SPACE',''
  ) );
#9894 = ORIENTED_EDGE('',*,*,#9895,.T.);
#9895 = EDGE_CURVE('',#9874,#9896,#9898,.T.);
#9896 = VERTEX_POINT('',#9897);
#9897 = CARTESIAN_POINT('',(17.26,71.55,20.));
#9898 = SURFACE_CURVE('',#9899,(#9903,#9910),.PCURVE_S1.);
#9899 = LINE('',#9900,#9901);
#9900 = CARTESIAN_POINT('',(17.26,57.55,20.));
#9901 = VECTOR('',#9902,1.);
#9902 = DIRECTION('',(-0.,1.,0.));
#9903 = PCURVE('',#9691,#9904);
#9904 = DEFINITIONAL_REPRESENTATION('',(#9905),#9909);
#9905 = LINE('',#9906,#9907);
#9906 = CARTESIAN_POINT('',(1.570796326795,0.));
#9907 = VECTOR('',#9908,1.);
#9908 = DIRECTION('',(0.,1.));
#9909 = ( GEOMETRIC_REPRESENTATION_CONTEXT(2) 
PARAMETRIC_REPRESENTATION_CONTEXT() REPRESENTATION_CONTEXT('2D SPACE',''
  ) );
#9910 = PCURVE('',#9911,#9916);
#9911 = PLANE('',#9912);
#9912 = AXIS2_PLACEMENT_3D('',#9913,#9914,#9915);
#9913 = CARTESIAN_POINT('',(14.26,48.55,20.));
#9914 = DIRECTION('',(0.,0.,1.));
#9915 = DIRECTION('',(1.,0.,-0.));
#9916 = DEFINITIONAL_REPRESENTATION('',(#9917),#9921);
#9917 = LINE('',#9918,#9919);
#9918 = CARTESIAN_POINT('',(3.,9.));
#9919 = VECTOR('',#9920,1.);
#9920 = DIRECTION('',(0.,1.));
#9921 = ( GEOMETRIC_REPRESENTATION_CONTEXT(2) 
PARAMETRIC_REPRESENTATION_CONTEXT() REPRESENTATION_CONTEXT('2D SPACE',''
  ) );
#9922 = ORIENTED_EDGE('',*,*,#9923,.F.);
#9923 = EDGE_CURVE('',#9650,#9896,#9924,.T.);
#9924 = SURFACE_CURVE('',#9925,(#9930,#9936),.PCURVE_S1.);
#9925 = CIRCLE('',#9926,3.);
#9926 = AXIS2_PLACEMENT_3D('',#9927,#9928,#9929);
#9927 = CARTESIAN_POINT('',(17.26,71.55,17.));
#9928 = DIRECTION('',(-0.,1.,0.));
#9929 = DIRECTION('',(-1.,-0.,0.));
#9930 = PCURVE('',#9691,#9931);
#9931 = DEFINITIONAL_REPRESENTATION('',(#9932),#9935);
#9932 = B_SPLINE_CURVE_WITH_KNOTS('',1,(#9933,#9934),.UNSPECIFIED.,.F.,
  .F.,(2,2),(0.,1.570796326795),.PIECEWISE_BEZIER_KNOTS.);
#9933 = CARTESIAN_POINT('',(0.,14.));
#9934 = CARTESIAN_POINT('',(1.570796326795,14.));
#9935 = ( GEOMETRIC_REPRESENTATION_CONTEXT(2) 
PARAMETRIC_REPRESENTATION_CONTEXT() REPRESENTATION_CONTEXT('2D SPACE',''
  ) );
#9936 = PCURVE('',#9937,#9942);
#9937 = TOROIDAL_SURFACE('',#9938,6.,3.);
#9938 = AXIS2_PLACEMENT_3D('',#9939,#9940,#9941);
#9939 = CARTESIAN_POINT('',(23.26,71.55,17.));
#9940 = DIRECTION('',(0.,0.,1.));
#9941 = DIRECTION('',(-1.,9.868649107779E-17,0.));
#9942 = DEFINITIONAL_REPRESENTATION('',(#9943),#9946);
#9943 = B_SPLINE_CURVE_WITH_KNOTS('',1,(#9944,#9945),.UNSPECIFIED.,.F.,
  .F.,(2,2),(0.,1.570796326795),.PIECEWISE_BEZIER_KNOTS.);
#9944 = CARTESIAN_POINT('',(0.,0.));
#9945 = CARTESIAN_POINT('',(0.,1.570796326795));
#9946 = ( GEOMETRIC_REPRESENTATION_CONTEXT(2) 
PARAMETRIC_REPRESENTATION_CONTEXT() REPRESENTATION_CONTEXT('2D SPACE',''
  ) );
#9947 = ORIENTED_EDGE('',*,*,#9677,.F.);
#9948 = ADVANCED_FACE('',(#9949),#9665,.T.);
#9949 = FACE_BOUND('',#9950,.F.);
#9950 = EDGE_LOOP('',(#9951,#9952,#9976,#10004));
#9951 = ORIENTED_EDGE('',*,*,#9649,.F.);
#9952 = ORIENTED_EDGE('',*,*,#9953,.T.);
#9953 = EDGE_CURVE('',#9622,#9954,#9956,.T.);
#9954 = VERTEX_POINT('',#9955);
#9955 = CARTESIAN_POINT('',(23.26,80.55,-11.));
#9956 = SURFACE_CURVE('',#9957,(#9962,#9969),.PCURVE_S1.);
#9957 = CIRCLE('',#9958,9.);
#9958 = AXIS2_PLACEMENT_3D('',#9959,#9960,#9961);
#9959 = CARTESIAN_POINT('',(23.26,71.55,-11.));
#9960 = DIRECTION('',(-0.,0.,-1.));
#9961 = DIRECTION('',(-1.,9.868649107779E-17,0.));
#9962 = PCURVE('',#9665,#9963);
#9963 = DEFINITIONAL_REPRESENTATION('',(#9964),#9968);
#9964 = LINE('',#9965,#9966);
#9965 = CARTESIAN_POINT('',(-0.,3.));
#9966 = VECTOR('',#9967,1.);
#9967 = DIRECTION('',(-1.,0.));
#9968 = ( GEOMETRIC_REPRESENTATION_CONTEXT(2) 
PARAMETRIC_REPRESENTATION_CONTEXT() REPRESENTATION_CONTEXT('2D SPACE',''
  ) );
#9969 = PCURVE('',#9858,#9970);
#9970 = DEFINITIONAL_REPRESENTATION('',(#9971),#9975);
#9971 = LINE('',#9972,#9973);
#9972 = CARTESIAN_POINT('',(0.,0.));
#9973 = VECTOR('',#9974,1.);
#9974 = DIRECTION('',(1.,0.));
#9975 = ( GEOMETRIC_REPRESENTATION_CONTEXT(2) 
PARAMETRIC_REPRESENTATION_CONTEXT() REPRESENTATION_CONTEXT('2D SPACE',''
  ) );
#9976 = ORIENTED_EDGE('',*,*,#9977,.T.);
#9977 = EDGE_CURVE('',#9954,#9978,#9980,.T.);
#9978 = VERTEX_POINT('',#9979);
#9979 = CARTESIAN_POINT('',(23.26,80.55,17.));
#9980 = SURFACE_CURVE('',#9981,(#9985,#9992),.PCURVE_S1.);
#9981 = LINE('',#9982,#9983);
#9982 = CARTESIAN_POINT('',(23.26,80.55,-14.));
#9983 = VECTOR('',#9984,1.);
#9984 = DIRECTION('',(0.,0.,1.));
#9985 = PCURVE('',#9665,#9986);
#9986 = DEFINITIONAL_REPRESENTATION('',(#9987),#9991);
#9987 = LINE('',#9988,#9989);
#9988 = CARTESIAN_POINT('',(-1.570796326795,0.));
#9989 = VECTOR('',#9990,1.);
#9990 = DIRECTION('',(-0.,1.));
#9991 = ( GEOMETRIC_REPRESENTATION_CONTEXT(2) 
PARAMETRIC_REPRESENTATION_CONTEXT() REPRESENTATION_CONTEXT('2D SPACE',''
  ) );
#9992 = PCURVE('',#9993,#9998);
#9993 = PLANE('',#9994);
#9994 = AXIS2_PLACEMENT_3D('',#9995,#9996,#9997);
#9995 = CARTESIAN_POINT('',(14.26,80.55,-14.));
#9996 = DIRECTION('',(-0.,1.,0.));
#9997 = DIRECTION('',(0.,0.,1.));
#9998 = DEFINITIONAL_REPRESENTATION('',(#9999),#10003);
#9999 = LINE('',#10000,#10001);
#10000 = CARTESIAN_POINT('',(0.,9.));
#10001 = VECTOR('',#10002,1.);
#10002 = DIRECTION('',(1.,0.));
#10003 = ( GEOMETRIC_REPRESENTATION_CONTEXT(2) 
PARAMETRIC_REPRESENTATION_CONTEXT() REPRESENTATION_CONTEXT('2D SPACE',''
  ) );
#10004 = ORIENTED_EDGE('',*,*,#10005,.F.);
#10005 = EDGE_CURVE('',#9650,#9978,#10006,.T.);
#10006 = SURFACE_CURVE('',#10007,(#10012,#10019),.PCURVE_S1.);
#10007 = CIRCLE('',#10008,9.);
#10008 = AXIS2_PLACEMENT_3D('',#10009,#10010,#10011);
#10009 = CARTESIAN_POINT('',(23.26,71.55,17.));
#10010 = DIRECTION('',(-0.,0.,-1.));
#10011 = DIRECTION('',(-1.,9.868649107779E-17,0.));
#10012 = PCURVE('',#9665,#10013);
#10013 = DEFINITIONAL_REPRESENTATION('',(#10014),#10018);
#10014 = LINE('',#10015,#10016);
#10015 = CARTESIAN_POINT('',(-0.,31.));
#10016 = VECTOR('',#10017,1.);
#10017 = DIRECTION('',(-1.,0.));
#10018 = ( GEOMETRIC_REPRESENTATION_CONTEXT(2) 
PARAMETRIC_REPRESENTATION_CONTEXT() REPRESENTATION_CONTEXT('2D SPACE',''
  ) );
#10019 = PCURVE('',#9937,#10020);
#10020 = DEFINITIONAL_REPRESENTATION('',(#10021),#10025);
#10021 = LINE('',#10022,#10023);
#10022 = CARTESIAN_POINT('',(-0.,0.));
#10023 = VECTOR('',#10024,1.);
#10024 = DIRECTION('',(-1.,0.));
#10025 = ( GEOMETRIC_REPRESENTATION_CONTEXT(2) 
PARAMETRIC_REPRESENTATION_CONTEXT() REPRESENTATION_CONTEXT('2D SPACE',''
  ) );
#10026 = ADVANCED_FACE('',(#10027),#9724,.T.);
#10027 = FACE_BOUND('',#10028,.T.);
#10028 = EDGE_LOOP('',(#10029,#10056,#10057,#10058));
#10029 = ORIENTED_EDGE('',*,*,#10030,.F.);
#10030 = EDGE_CURVE('',#9708,#10031,#10033,.T.);
#10031 = VERTEX_POINT('',#10032);
#10032 = CARTESIAN_POINT('',(23.26,51.55,-14.));
#10033 = SURFACE_CURVE('',#10034,(#10039,#10045),.PCURVE_S1.);
#10034 = CIRCLE('',#10035,3.);
#10035 = AXIS2_PLACEMENT_3D('',#10036,#10037,#10038);
#10036 = CARTESIAN_POINT('',(23.26,51.55,-11.));
#10037 = DIRECTION('',(1.,0.,0.));
#10038 = DIRECTION('',(0.,-1.,0.));
#10039 = PCURVE('',#9724,#10040);
#10040 = DEFINITIONAL_REPRESENTATION('',(#10041),#10044);
#10041 = B_SPLINE_CURVE_WITH_KNOTS('',1,(#10042,#10043),.UNSPECIFIED.,
  .F.,.F.,(2,2),(0.,1.570796326795),.PIECEWISE_BEZIER_KNOTS.);
#10042 = CARTESIAN_POINT('',(-2.22044604925E-16,0.));
#10043 = CARTESIAN_POINT('',(-2.22044604925E-16,1.570796326795));
#10044 = ( GEOMETRIC_REPRESENTATION_CONTEXT(2) 
PARAMETRIC_REPRESENTATION_CONTEXT() REPRESENTATION_CONTEXT('2D SPACE',''
  ) );
#10045 = PCURVE('',#10046,#10051);
#10046 = CYLINDRICAL_SURFACE('',#10047,3.);
#10047 = AXIS2_PLACEMENT_3D('',#10048,#10049,#10050);
#10048 = CARTESIAN_POINT('',(37.26,51.55,-11.));
#10049 = DIRECTION('',(-1.,-0.,0.));
#10050 = DIRECTION('',(0.,-1.,-0.));
#10051 = DEFINITIONAL_REPRESENTATION('',(#10052),#10055);
#10052 = B_SPLINE_CURVE_WITH_KNOTS('',1,(#10053,#10054),.UNSPECIFIED.,
  .F.,.F.,(2,2),(0.,1.570796326795),.PIECEWISE_BEZIER_KNOTS.);
#10053 = CARTESIAN_POINT('',(0.,14.));
#10054 = CARTESIAN_POINT('',(-1.570796326795,14.));
#10055 = ( GEOMETRIC_REPRESENTATION_CONTEXT(2) 
PARAMETRIC_REPRESENTATION_CONTEXT() REPRESENTATION_CONTEXT('2D SPACE',''
  ) );
#10056 = ORIENTED_EDGE('',*,*,#9707,.T.);
#10057 = ORIENTED_EDGE('',*,*,#9794,.T.);
#10058 = ORIENTED_EDGE('',*,*,#10059,.F.);
#10059 = EDGE_CURVE('',#10031,#9795,#10060,.T.);
#10060 = SURFACE_CURVE('',#10061,(#10066,#10073),.PCURVE_S1.);
#10061 = CIRCLE('',#10062,6.);
#10062 = AXIS2_PLACEMENT_3D('',#10063,#10064,#10065);
#10063 = CARTESIAN_POINT('',(23.26,57.55,-14.));
#10064 = DIRECTION('',(-0.,0.,-1.));
#10065 = DIRECTION('',(-1.973729821556E-16,-1.,0.));
#10066 = PCURVE('',#9724,#10067);
#10067 = DEFINITIONAL_REPRESENTATION('',(#10068),#10072);
#10068 = LINE('',#10069,#10070);
#10069 = CARTESIAN_POINT('',(0.,1.570796326795));
#10070 = VECTOR('',#10071,1.);
#10071 = DIRECTION('',(1.,0.));
#10072 = ( GEOMETRIC_REPRESENTATION_CONTEXT(2) 
PARAMETRIC_REPRESENTATION_CONTEXT() REPRESENTATION_CONTEXT('2D SPACE',''
  ) );
#10073 = PCURVE('',#9832,#10074);
#10074 = DEFINITIONAL_REPRESENTATION('',(#10075),#10083);
#10075 = ( BOUNDED_CURVE() B_SPLINE_CURVE(2,(#10076,#10077,#10078,#10079
    ,#10080,#10081,#10082),.UNSPECIFIED.,.T.,.F.) 
B_SPLINE_CURVE_WITH_KNOTS((1,2,2,2,2,1),(-2.094395102393,0.,
    2.094395102393,4.188790204786,6.28318530718,8.377580409573),
.UNSPECIFIED.) CURVE() GEOMETRIC_REPRESENTATION_ITEM() 
RATIONAL_B_SPLINE_CURVE((1.,0.5,1.,0.5,1.,0.5,1.)) REPRESENTATION_ITEM(
  '') );
#10076 = CARTESIAN_POINT('',(9.,3.));
#10077 = CARTESIAN_POINT('',(-1.392304845413,3.));
#10078 = CARTESIAN_POINT('',(3.803847577293,12.));
#10079 = CARTESIAN_POINT('',(9.,21.));
#10080 = CARTESIAN_POINT('',(14.196152422707,12.));
#10081 = CARTESIAN_POINT('',(19.392304845413,3.));
#10082 = CARTESIAN_POINT('',(9.,3.));
#10083 = ( GEOMETRIC_REPRESENTATION_CONTEXT(2) 
PARAMETRIC_REPRESENTATION_CONTEXT() REPRESENTATION_CONTEXT('2D SPACE',''
  ) );
#10084 = ADVANCED_FACE('',(#10085),#9779,.T.);
#10085 = FACE_BOUND('',#10086,.F.);
#10086 = EDGE_LOOP('',(#10087,#10114,#10115,#10116));
#10087 = ORIENTED_EDGE('',*,*,#10088,.F.);
#10088 = EDGE_CURVE('',#9737,#10089,#10091,.T.);
#10089 = VERTEX_POINT('',#10090);
#10090 = CARTESIAN_POINT('',(23.26,51.55,20.));
#10091 = SURFACE_CURVE('',#10092,(#10097,#10103),.PCURVE_S1.);
#10092 = CIRCLE('',#10093,3.);
#10093 = AXIS2_PLACEMENT_3D('',#10094,#10095,#10096);
#10094 = CARTESIAN_POINT('',(23.26,51.55,17.));
#10095 = DIRECTION('',(-1.,-0.,0.));
#10096 = DIRECTION('',(0.,-1.,-0.));
#10097 = PCURVE('',#9779,#10098);
#10098 = DEFINITIONAL_REPRESENTATION('',(#10099),#10102);
#10099 = B_SPLINE_CURVE_WITH_KNOTS('',1,(#10100,#10101),.UNSPECIFIED.,
  .F.,.F.,(2,2),(0.,1.570796326795),.PIECEWISE_BEZIER_KNOTS.);
#10100 = CARTESIAN_POINT('',(2.22044604925E-16,0.));
#10101 = CARTESIAN_POINT('',(2.22044604925E-16,1.570796326795));
#10102 = ( GEOMETRIC_REPRESENTATION_CONTEXT(2) 
PARAMETRIC_REPRESENTATION_CONTEXT() REPRESENTATION_CONTEXT('2D SPACE',''
  ) );
#10103 = PCURVE('',#10104,#10109);
#10104 = CYLINDRICAL_SURFACE('',#10105,3.);
#10105 = AXIS2_PLACEMENT_3D('',#10106,#10107,#10108);
#10106 = CARTESIAN_POINT('',(37.26,51.55,17.));
#10107 = DIRECTION('',(-1.,-0.,0.));
#10108 = DIRECTION('',(0.,-1.,-0.));
#10109 = DEFINITIONAL_REPRESENTATION('',(#10110),#10113);
#10110 = B_SPLINE_CURVE_WITH_KNOTS('',1,(#10111,#10112),.UNSPECIFIED.,
  .F.,.F.,(2,2),(0.,1.570796326795),.PIECEWISE_BEZIER_KNOTS.);
#10111 = CARTESIAN_POINT('',(0.,14.));
#10112 = CARTESIAN_POINT('',(1.570796326795,14.));
#10113 = ( GEOMETRIC_REPRESENTATION_CONTEXT(2) 
PARAMETRIC_REPRESENTATION_CONTEXT() REPRESENTATION_CONTEXT('2D SPACE',''
  ) );
#10114 = ORIENTED_EDGE('',*,*,#9764,.T.);
#10115 = ORIENTED_EDGE('',*,*,#9873,.T.);
#10116 = ORIENTED_EDGE('',*,*,#10117,.F.);
#10117 = EDGE_CURVE('',#10089,#9874,#10118,.T.);
#10118 = SURFACE_CURVE('',#10119,(#10124,#10131),.PCURVE_S1.);
#10119 = CIRCLE('',#10120,6.);
#10120 = AXIS2_PLACEMENT_3D('',#10121,#10122,#10123);
#10121 = CARTESIAN_POINT('',(23.26,57.55,20.));
#10122 = DIRECTION('',(-0.,0.,-1.));
#10123 = DIRECTION('',(-1.973729821556E-16,-1.,0.));
#10124 = PCURVE('',#9779,#10125);
#10125 = DEFINITIONAL_REPRESENTATION('',(#10126),#10130);
#10126 = LINE('',#10127,#10128);
#10127 = CARTESIAN_POINT('',(-0.,1.570796326795));
#10128 = VECTOR('',#10129,1.);
#10129 = DIRECTION('',(-1.,0.));
#10130 = ( GEOMETRIC_REPRESENTATION_CONTEXT(2) 
PARAMETRIC_REPRESENTATION_CONTEXT() REPRESENTATION_CONTEXT('2D SPACE',''
  ) );
#10131 = PCURVE('',#9911,#10132);
#10132 = DEFINITIONAL_REPRESENTATION('',(#10133),#10141);
#10133 = ( BOUNDED_CURVE() B_SPLINE_CURVE(2,(#10134,#10135,#10136,#10137
    ,#10138,#10139,#10140),.UNSPECIFIED.,.T.,.F.) 
B_SPLINE_CURVE_WITH_KNOTS((1,2,2,2,2,1),(-2.094395102393,0.,
    2.094395102393,4.188790204786,6.28318530718,8.377580409573),
.UNSPECIFIED.) CURVE() GEOMETRIC_REPRESENTATION_ITEM() 
RATIONAL_B_SPLINE_CURVE((1.,0.5,1.,0.5,1.,0.5,1.)) REPRESENTATION_ITEM(
  '') );
#10134 = CARTESIAN_POINT('',(9.,3.));
#10135 = CARTESIAN_POINT('',(-1.392304845413,3.));
#10136 = CARTESIAN_POINT('',(3.803847577293,12.));
#10137 = CARTESIAN_POINT('',(9.,21.));
#10138 = CARTESIAN_POINT('',(14.196152422707,12.));
#10139 = CARTESIAN_POINT('',(19.392304845413,3.));
#10140 = CARTESIAN_POINT('',(9.,3.));
#10141 = ( GEOMETRIC_REPRESENTATION_CONTEXT(2) 
PARAMETRIC_REPRESENTATION_CONTEXT() REPRESENTATION_CONTEXT('2D SPACE',''
  ) );
#10142 = ADVANCED_FACE('',(#10143),#9752,.F.);
#10143 = FACE_BOUND('',#10144,.F.);
#10144 = EDGE_LOOP('',(#10145,#10146,#10169,#10197));
#10145 = ORIENTED_EDGE('',*,*,#9736,.T.);
#10146 = ORIENTED_EDGE('',*,*,#10147,.F.);
#10147 = EDGE_CURVE('',#10148,#9737,#10150,.T.);
#10148 = VERTEX_POINT('',#10149);
#10149 = CARTESIAN_POINT('',(37.26,48.55,17.));
#10150 = SURFACE_CURVE('',#10151,(#10155,#10162),.PCURVE_S1.);
#10151 = LINE('',#10152,#10153);
#10152 = CARTESIAN_POINT('',(37.26,48.55,17.));
#10153 = VECTOR('',#10154,1.);
#10154 = DIRECTION('',(-1.,-0.,0.));
#10155 = PCURVE('',#9752,#10156);
#10156 = DEFINITIONAL_REPRESENTATION('',(#10157),#10161);
#10157 = LINE('',#10158,#10159);
#10158 = CARTESIAN_POINT('',(31.,23.));
#10159 = VECTOR('',#10160,1.);
#10160 = DIRECTION('',(0.,-1.));
#10161 = ( GEOMETRIC_REPRESENTATION_CONTEXT(2) 
PARAMETRIC_REPRESENTATION_CONTEXT() REPRESENTATION_CONTEXT('2D SPACE',''
  ) );
#10162 = PCURVE('',#10104,#10163);
#10163 = DEFINITIONAL_REPRESENTATION('',(#10164),#10168);
#10164 = LINE('',#10165,#10166);
#10165 = CARTESIAN_POINT('',(0.,0.));
#10166 = VECTOR('',#10167,1.);
#10167 = DIRECTION('',(0.,1.));
#10168 = ( GEOMETRIC_REPRESENTATION_CONTEXT(2) 
PARAMETRIC_REPRESENTATION_CONTEXT() REPRESENTATION_CONTEXT('2D SPACE',''
  ) );
#10169 = ORIENTED_EDGE('',*,*,#10170,.F.);
#10170 = EDGE_CURVE('',#10171,#10148,#10173,.T.);
#10171 = VERTEX_POINT('',#10172);
#10172 = CARTESIAN_POINT('',(37.26,48.55,-11.));
#10173 = SURFACE_CURVE('',#10174,(#10178,#10185),.PCURVE_S1.);
#10174 = LINE('',#10175,#10176);
#10175 = CARTESIAN_POINT('',(37.26,48.55,-14.));
#10176 = VECTOR('',#10177,1.);
#10177 = DIRECTION('',(0.,0.,1.));
#10178 = PCURVE('',#9752,#10179);
#10179 = DEFINITIONAL_REPRESENTATION('',(#10180),#10184);
#10180 = LINE('',#10181,#10182);
#10181 = CARTESIAN_POINT('',(0.,23.));
#10182 = VECTOR('',#10183,1.);
#10183 = DIRECTION('',(1.,0.));
#10184 = ( GEOMETRIC_REPRESENTATION_CONTEXT(2) 
PARAMETRIC_REPRESENTATION_CONTEXT() REPRESENTATION_CONTEXT('2D SPACE',''
  ) );
#10185 = PCURVE('',#10186,#10191);
#10186 = CYLINDRICAL_SURFACE('',#10187,9.);
#10187 = AXIS2_PLACEMENT_3D('',#10188,#10189,#10190);
#10188 = CARTESIAN_POINT('',(37.26,57.55,-14.));
#10189 = DIRECTION('',(0.,0.,1.));
#10190 = DIRECTION('',(1.,0.,-0.));
#10191 = DEFINITIONAL_REPRESENTATION('',(#10192),#10196);
#10192 = LINE('',#10193,#10194);
#10193 = CARTESIAN_POINT('',(-1.570796326795,0.));
#10194 = VECTOR('',#10195,1.);
#10195 = DIRECTION('',(-0.,1.));
#10196 = ( GEOMETRIC_REPRESENTATION_CONTEXT(2) 
PARAMETRIC_REPRESENTATION_CONTEXT() REPRESENTATION_CONTEXT('2D SPACE',''
  ) );
#10197 = ORIENTED_EDGE('',*,*,#10198,.T.);
#10198 = EDGE_CURVE('',#10171,#9708,#10199,.T.);
#10199 = SURFACE_CURVE('',#10200,(#10204,#10211),.PCURVE_S1.);
#10200 = LINE('',#10201,#10202);
#10201 = CARTESIAN_POINT('',(37.26,48.55,-11.));
#10202 = VECTOR('',#10203,1.);
#10203 = DIRECTION('',(-1.,-0.,0.));
#10204 = PCURVE('',#9752,#10205);
#10205 = DEFINITIONAL_REPRESENTATION('',(#10206),#10210);
#10206 = LINE('',#10207,#10208);
#10207 = CARTESIAN_POINT('',(3.,23.));
#10208 = VECTOR('',#10209,1.);
#10209 = DIRECTION('',(0.,-1.));
#10210 = ( GEOMETRIC_REPRESENTATION_CONTEXT(2) 
PARAMETRIC_REPRESENTATION_CONTEXT() REPRESENTATION_CONTEXT('2D SPACE',''
  ) );
#10211 = PCURVE('',#10046,#10212);
#10212 = DEFINITIONAL_REPRESENTATION('',(#10213),#10217);
#10213 = LINE('',#10214,#10215);
#10214 = CARTESIAN_POINT('',(-0.,0.));
#10215 = VECTOR('',#10216,1.);
#10216 = DIRECTION('',(-0.,1.));
#10217 = ( GEOMETRIC_REPRESENTATION_CONTEXT(2) 
PARAMETRIC_REPRESENTATION_CONTEXT() REPRESENTATION_CONTEXT('2D SPACE',''
  ) );
#10218 = ADVANCED_FACE('',(#10219),#9832,.F.);
#10219 = FACE_BOUND('',#10220,.F.);
#10220 = EDGE_LOOP('',(#10221,#10222,#10223,#10246,#10279,#10307,#10340,
    #10368));
#10221 = ORIENTED_EDGE('',*,*,#9816,.F.);
#10222 = ORIENTED_EDGE('',*,*,#10059,.F.);
#10223 = ORIENTED_EDGE('',*,*,#10224,.F.);
#10224 = EDGE_CURVE('',#10225,#10031,#10227,.T.);
#10225 = VERTEX_POINT('',#10226);
#10226 = CARTESIAN_POINT('',(37.26,51.55,-14.));
#10227 = SURFACE_CURVE('',#10228,(#10232,#10239),.PCURVE_S1.);
#10228 = LINE('',#10229,#10230);
#10229 = CARTESIAN_POINT('',(37.26,51.55,-14.));
#10230 = VECTOR('',#10231,1.);
#10231 = DIRECTION('',(-1.,-0.,0.));
#10232 = PCURVE('',#9832,#10233);
#10233 = DEFINITIONAL_REPRESENTATION('',(#10234),#10238);
#10234 = LINE('',#10235,#10236);
#10235 = CARTESIAN_POINT('',(23.,3.));
#10236 = VECTOR('',#10237,1.);
#10237 = DIRECTION('',(-1.,0.));
#10238 = ( GEOMETRIC_REPRESENTATION_CONTEXT(2) 
PARAMETRIC_REPRESENTATION_CONTEXT() REPRESENTATION_CONTEXT('2D SPACE',''
  ) );
#10239 = PCURVE('',#10046,#10240);
#10240 = DEFINITIONAL_REPRESENTATION('',(#10241),#10245);
#10241 = LINE('',#10242,#10243);
#10242 = CARTESIAN_POINT('',(-1.570796326795,0.));
#10243 = VECTOR('',#10244,1.);
#10244 = DIRECTION('',(-0.,1.));
#10245 = ( GEOMETRIC_REPRESENTATION_CONTEXT(2) 
PARAMETRIC_REPRESENTATION_CONTEXT() REPRESENTATION_CONTEXT('2D SPACE',''
  ) );
#10246 = ORIENTED_EDGE('',*,*,#10247,.F.);
#10247 = EDGE_CURVE('',#10248,#10225,#10250,.T.);
#10248 = VERTEX_POINT('',#10249);
#10249 = CARTESIAN_POINT('',(43.26,57.55,-14.));
#10250 = SURFACE_CURVE('',#10251,(#10256,#10267),.PCURVE_S1.);
#10251 = CIRCLE('',#10252,6.);
#10252 = AXIS2_PLACEMENT_3D('',#10253,#10254,#10255);
#10253 = CARTESIAN_POINT('',(37.26,57.55,-14.));
#10254 = DIRECTION('',(0.,-0.,-1.));
#10255 = DIRECTION('',(1.,0.,-0.));
#10256 = PCURVE('',#9832,#10257);
#10257 = DEFINITIONAL_REPRESENTATION('',(#10258),#10266);
#10258 = ( BOUNDED_CURVE() B_SPLINE_CURVE(2,(#10259,#10260,#10261,#10262
    ,#10263,#10264,#10265),.UNSPECIFIED.,.T.,.F.) 
B_SPLINE_CURVE_WITH_KNOTS((1,2,2,2,2,1),(-2.094395102393,0.,
    2.094395102393,4.188790204786,6.28318530718,8.377580409573),
.UNSPECIFIED.) CURVE() GEOMETRIC_REPRESENTATION_ITEM() 
RATIONAL_B_SPLINE_CURVE((1.,0.5,1.,0.5,1.,0.5,1.)) REPRESENTATION_ITEM(
  '') );
#10259 = CARTESIAN_POINT('',(29.,9.));
#10260 = CARTESIAN_POINT('',(29.,-1.392304845413));
#10261 = CARTESIAN_POINT('',(20.,3.803847577293));
#10262 = CARTESIAN_POINT('',(11.,9.));
#10263 = CARTESIAN_POINT('',(20.,14.196152422707));
#10264 = CARTESIAN_POINT('',(29.,19.392304845413));
#10265 = CARTESIAN_POINT('',(29.,9.));
#10266 = ( GEOMETRIC_REPRESENTATION_CONTEXT(2) 
PARAMETRIC_REPRESENTATION_CONTEXT() REPRESENTATION_CONTEXT('2D SPACE',''
  ) );
#10267 = PCURVE('',#10268,#10273);
#10268 = TOROIDAL_SURFACE('',#10269,6.,3.);
#10269 = AXIS2_PLACEMENT_3D('',#10270,#10271,#10272);
#10270 = CARTESIAN_POINT('',(37.26,57.55,-11.));
#10271 = DIRECTION('',(-0.,-0.,-1.));
#10272 = DIRECTION('',(1.,0.,-0.));
#10273 = DEFINITIONAL_REPRESENTATION('',(#10274),#10278);
#10274 = LINE('',#10275,#10276);
#10275 = CARTESIAN_POINT('',(0.,1.570796326795));
#10276 = VECTOR('',#10277,1.);
#10277 = DIRECTION('',(1.,0.));
#10278 = ( GEOMETRIC_REPRESENTATION_CONTEXT(2) 
PARAMETRIC_REPRESENTATION_CONTEXT() REPRESENTATION_CONTEXT('2D SPACE',''
  ) );
#10279 = ORIENTED_EDGE('',*,*,#10280,.F.);
#10280 = EDGE_CURVE('',#10281,#10248,#10283,.T.);
#10281 = VERTEX_POINT('',#10282);
#10282 = CARTESIAN_POINT('',(43.26,71.55,-14.));
#10283 = SURFACE_CURVE('',#10284,(#10288,#10295),.PCURVE_S1.);
#10284 = LINE('',#10285,#10286);
#10285 = CARTESIAN_POINT('',(43.26,71.55,-14.));
#10286 = VECTOR('',#10287,1.);
#10287 = DIRECTION('',(0.,-1.,-0.));
#10288 = PCURVE('',#9832,#10289);
#10289 = DEFINITIONAL_REPRESENTATION('',(#10290),#10294);
#10290 = LINE('',#10291,#10292);
#10291 = CARTESIAN_POINT('',(29.,23.));
#10292 = VECTOR('',#10293,1.);
#10293 = DIRECTION('',(0.,-1.));
#10294 = ( GEOMETRIC_REPRESENTATION_CONTEXT(2) 
PARAMETRIC_REPRESENTATION_CONTEXT() REPRESENTATION_CONTEXT('2D SPACE',''
  ) );
#10295 = PCURVE('',#10296,#10301);
#10296 = CYLINDRICAL_SURFACE('',#10297,3.);
#10297 = AXIS2_PLACEMENT_3D('',#10298,#10299,#10300);
#10298 = CARTESIAN_POINT('',(43.26,71.55,-11.));
#10299 = DIRECTION('',(0.,-1.,-0.));
#10300 = DIRECTION('',(1.,0.,0.));
#10301 = DEFINITIONAL_REPRESENTATION('',(#10302),#10306);
#10302 = LINE('',#10303,#10304);
#10303 = CARTESIAN_POINT('',(-1.570796326795,0.));
#10304 = VECTOR('',#10305,1.);
#10305 = DIRECTION('',(-0.,1.));
#10306 = ( GEOMETRIC_REPRESENTATION_CONTEXT(2) 
PARAMETRIC_REPRESENTATION_CONTEXT() REPRESENTATION_CONTEXT('2D SPACE',''
  ) );
#10307 = ORIENTED_EDGE('',*,*,#10308,.F.);
#10308 = EDGE_CURVE('',#10309,#10281,#10311,.T.);
#10309 = VERTEX_POINT('',#10310);
#10310 = CARTESIAN_POINT('',(37.26,77.55,-14.));
#10311 = SURFACE_CURVE('',#10312,(#10317,#10328),.PCURVE_S1.);
#10312 = CIRCLE('',#10313,6.);
#10313 = AXIS2_PLACEMENT_3D('',#10314,#10315,#10316);
#10314 = CARTESIAN_POINT('',(37.26,71.55,-14.));
#10315 = DIRECTION('',(0.,-0.,-1.));
#10316 = DIRECTION('',(2.960594732334E-16,1.,-0.));
#10317 = PCURVE('',#9832,#10318);
#10318 = DEFINITIONAL_REPRESENTATION('',(#10319),#10327);
#10319 = ( BOUNDED_CURVE() B_SPLINE_CURVE(2,(#10320,#10321,#10322,#10323
    ,#10324,#10325,#10326),.UNSPECIFIED.,.T.,.F.) 
B_SPLINE_CURVE_WITH_KNOTS((1,2,2,2,2,1),(-2.094395102393,0.,
    2.094395102393,4.188790204786,6.28318530718,8.377580409573),
.UNSPECIFIED.) CURVE() GEOMETRIC_REPRESENTATION_ITEM() 
RATIONAL_B_SPLINE_CURVE((1.,0.5,1.,0.5,1.,0.5,1.)) REPRESENTATION_ITEM(
  '') );
#10320 = CARTESIAN_POINT('',(23.,29.));
#10321 = CARTESIAN_POINT('',(33.392304845413,29.));
#10322 = CARTESIAN_POINT('',(28.196152422707,20.));
#10323 = CARTESIAN_POINT('',(23.,11.));
#10324 = CARTESIAN_POINT('',(17.803847577293,20.));
#10325 = CARTESIAN_POINT('',(12.607695154587,29.));
#10326 = CARTESIAN_POINT('',(23.,29.));
#10327 = ( GEOMETRIC_REPRESENTATION_CONTEXT(2) 
PARAMETRIC_REPRESENTATION_CONTEXT() REPRESENTATION_CONTEXT('2D SPACE',''
  ) );
#10328 = PCURVE('',#10329,#10334);
#10329 = TOROIDAL_SURFACE('',#10330,6.,3.);
#10330 = AXIS2_PLACEMENT_3D('',#10331,#10332,#10333);
#10331 = CARTESIAN_POINT('',(37.26,71.55,-11.));
#10332 = DIRECTION('',(-0.,-0.,-1.));
#10333 = DIRECTION('',(2.960594732334E-16,1.,-0.));
#10334 = DEFINITIONAL_REPRESENTATION('',(#10335),#10339);
#10335 = LINE('',#10336,#10337);
#10336 = CARTESIAN_POINT('',(0.,1.570796326795));
#10337 = VECTOR('',#10338,1.);
#10338 = DIRECTION('',(1.,0.));
#10339 = ( GEOMETRIC_REPRESENTATION_CONTEXT(2) 
PARAMETRIC_REPRESENTATION_CONTEXT() REPRESENTATION_CONTEXT('2D SPACE',''
  ) );
#10340 = ORIENTED_EDGE('',*,*,#10341,.F.);
#10341 = EDGE_CURVE('',#10342,#10309,#10344,.T.);
#10342 = VERTEX_POINT('',#10343);
#10343 = CARTESIAN_POINT('',(23.26,77.55,-14.));
#10344 = SURFACE_CURVE('',#10345,(#10349,#10356),.PCURVE_S1.);
#10345 = LINE('',#10346,#10347);
#10346 = CARTESIAN_POINT('',(23.26,77.55,-14.));
#10347 = VECTOR('',#10348,1.);
#10348 = DIRECTION('',(1.,0.,-0.));
#10349 = PCURVE('',#9832,#10350);
#10350 = DEFINITIONAL_REPRESENTATION('',(#10351),#10355);
#10351 = LINE('',#10352,#10353);
#10352 = CARTESIAN_POINT('',(9.,29.));
#10353 = VECTOR('',#10354,1.);
#10354 = DIRECTION('',(1.,0.));
#10355 = ( GEOMETRIC_REPRESENTATION_CONTEXT(2) 
PARAMETRIC_REPRESENTATION_CONTEXT() REPRESENTATION_CONTEXT('2D SPACE',''
  ) );
#10356 = PCURVE('',#10357,#10362);
#10357 = CYLINDRICAL_SURFACE('',#10358,3.);
#10358 = AXIS2_PLACEMENT_3D('',#10359,#10360,#10361);
#10359 = CARTESIAN_POINT('',(23.26,77.55,-11.));
#10360 = DIRECTION('',(1.,0.,-0.));
#10361 = DIRECTION('',(0.,1.,0.));
#10362 = DEFINITIONAL_REPRESENTATION('',(#10363),#10367);
#10363 = LINE('',#10364,#10365);
#10364 = CARTESIAN_POINT('',(-1.570796326795,0.));
#10365 = VECTOR('',#10366,1.);
#10366 = DIRECTION('',(-0.,1.));
#10367 = ( GEOMETRIC_REPRESENTATION_CONTEXT(2) 
PARAMETRIC_REPRESENTATION_CONTEXT() REPRESENTATION_CONTEXT('2D SPACE',''
  ) );
#10368 = ORIENTED_EDGE('',*,*,#10369,.F.);
#10369 = EDGE_CURVE('',#9817,#10342,#10370,.T.);
#10370 = SURFACE_CURVE('',#10371,(#10376,#10387),.PCURVE_S1.);
#10371 = CIRCLE('',#10372,6.);
#10372 = AXIS2_PLACEMENT_3D('',#10373,#10374,#10375);
#10373 = CARTESIAN_POINT('',(23.26,71.55,-14.));
#10374 = DIRECTION('',(-0.,0.,-1.));
#10375 = DIRECTION('',(-1.,9.868649107779E-17,0.));
#10376 = PCURVE('',#9832,#10377);
#10377 = DEFINITIONAL_REPRESENTATION('',(#10378),#10386);
#10378 = ( BOUNDED_CURVE() B_SPLINE_CURVE(2,(#10379,#10380,#10381,#10382
    ,#10383,#10384,#10385),.UNSPECIFIED.,.T.,.F.) 
B_SPLINE_CURVE_WITH_KNOTS((1,2,2,2,2,1),(-2.094395102393,0.,
    2.094395102393,4.188790204786,6.28318530718,8.377580409573),
.UNSPECIFIED.) CURVE() GEOMETRIC_REPRESENTATION_ITEM() 
RATIONAL_B_SPLINE_CURVE((1.,0.5,1.,0.5,1.,0.5,1.)) REPRESENTATION_ITEM(
  '') );
#10379 = CARTESIAN_POINT('',(3.,23.));
#10380 = CARTESIAN_POINT('',(3.,33.392304845413));
#10381 = CARTESIAN_POINT('',(12.,28.196152422707));
#10382 = CARTESIAN_POINT('',(21.,23.));
#10383 = CARTESIAN_POINT('',(12.,17.803847577293));
#10384 = CARTESIAN_POINT('',(3.,12.607695154587));
#10385 = CARTESIAN_POINT('',(3.,23.));
#10386 = ( GEOMETRIC_REPRESENTATION_CONTEXT(2) 
PARAMETRIC_REPRESENTATION_CONTEXT() REPRESENTATION_CONTEXT('2D SPACE',''
  ) );
#10387 = PCURVE('',#9858,#10388);
#10388 = DEFINITIONAL_REPRESENTATION('',(#10389),#10393);
#10389 = LINE('',#10390,#10391);
#10390 = CARTESIAN_POINT('',(0.,1.570796326795));
#10391 = VECTOR('',#10392,1.);
#10392 = DIRECTION('',(1.,0.));
#10393 = ( GEOMETRIC_REPRESENTATION_CONTEXT(2) 
PARAMETRIC_REPRESENTATION_CONTEXT() REPRESENTATION_CONTEXT('2D SPACE',''
  ) );
#10394 = ADVANCED_FACE('',(#10395),#9858,.T.);
#10395 = FACE_BOUND('',#10396,.T.);
#10396 = EDGE_LOOP('',(#10397,#10398,#10399,#10419));
#10397 = ORIENTED_EDGE('',*,*,#9844,.F.);
#10398 = ORIENTED_EDGE('',*,*,#9953,.T.);
#10399 = ORIENTED_EDGE('',*,*,#10400,.T.);
#10400 = EDGE_CURVE('',#9954,#10342,#10401,.T.);
#10401 = SURFACE_CURVE('',#10402,(#10407,#10413),.PCURVE_S1.);
#10402 = CIRCLE('',#10403,3.);
#10403 = AXIS2_PLACEMENT_3D('',#10404,#10405,#10406);
#10404 = CARTESIAN_POINT('',(23.26,77.55,-11.));
#10405 = DIRECTION('',(-1.,3.745415112042E-17,0.));
#10406 = DIRECTION('',(3.745415112042E-17,1.,0.));
#10407 = PCURVE('',#9858,#10408);
#10408 = DEFINITIONAL_REPRESENTATION('',(#10409),#10412);
#10409 = B_SPLINE_CURVE_WITH_KNOTS('',1,(#10410,#10411),.UNSPECIFIED.,
  .F.,.F.,(2,2),(0.,1.570796326795),.PIECEWISE_BEZIER_KNOTS.);
#10410 = CARTESIAN_POINT('',(1.570796326795,0.));
#10411 = CARTESIAN_POINT('',(1.570796326795,1.570796326795));
#10412 = ( GEOMETRIC_REPRESENTATION_CONTEXT(2) 
PARAMETRIC_REPRESENTATION_CONTEXT() REPRESENTATION_CONTEXT('2D SPACE',''
  ) );
#10413 = PCURVE('',#10357,#10414);
#10414 = DEFINITIONAL_REPRESENTATION('',(#10415),#10418);
#10415 = B_SPLINE_CURVE_WITH_KNOTS('',1,(#10416,#10417),.UNSPECIFIED.,
  .F.,.F.,(2,2),(0.,1.570796326795),.PIECEWISE_BEZIER_KNOTS.);
#10416 = CARTESIAN_POINT('',(0.,0.));
#10417 = CARTESIAN_POINT('',(-1.570796326795,0.));
#10418 = ( GEOMETRIC_REPRESENTATION_CONTEXT(2) 
PARAMETRIC_REPRESENTATION_CONTEXT() REPRESENTATION_CONTEXT('2D SPACE',''
  ) );
#10419 = ORIENTED_EDGE('',*,*,#10369,.F.);
#10420 = ADVANCED_FACE('',(#10421),#9911,.T.);
#10421 = FACE_BOUND('',#10422,.T.);
#10422 = EDGE_LOOP('',(#10423,#10424,#10425,#10448,#10481,#10509,#10542,
    #10570,#10599,#10623,#10646));
#10423 = ORIENTED_EDGE('',*,*,#9895,.F.);
#10424 = ORIENTED_EDGE('',*,*,#10117,.F.);
#10425 = ORIENTED_EDGE('',*,*,#10426,.F.);
#10426 = EDGE_CURVE('',#10427,#10089,#10429,.T.);
#10427 = VERTEX_POINT('',#10428);
#10428 = CARTESIAN_POINT('',(37.26,51.55,20.));
#10429 = SURFACE_CURVE('',#10430,(#10434,#10441),.PCURVE_S1.);
#10430 = LINE('',#10431,#10432);
#10431 = CARTESIAN_POINT('',(37.26,51.55,20.));
#10432 = VECTOR('',#10433,1.);
#10433 = DIRECTION('',(-1.,-0.,0.));
#10434 = PCURVE('',#9911,#10435);
#10435 = DEFINITIONAL_REPRESENTATION('',(#10436),#10440);
#10436 = LINE('',#10437,#10438);
#10437 = CARTESIAN_POINT('',(23.,3.));
#10438 = VECTOR('',#10439,1.);
#10439 = DIRECTION('',(-1.,0.));
#10440 = ( GEOMETRIC_REPRESENTATION_CONTEXT(2) 
PARAMETRIC_REPRESENTATION_CONTEXT() REPRESENTATION_CONTEXT('2D SPACE',''
  ) );
#10441 = PCURVE('',#10104,#10442);
#10442 = DEFINITIONAL_REPRESENTATION('',(#10443),#10447);
#10443 = LINE('',#10444,#10445);
#10444 = CARTESIAN_POINT('',(1.570796326795,0.));
#10445 = VECTOR('',#10446,1.);
#10446 = DIRECTION('',(0.,1.));
#10447 = ( GEOMETRIC_REPRESENTATION_CONTEXT(2) 
PARAMETRIC_REPRESENTATION_CONTEXT() REPRESENTATION_CONTEXT('2D SPACE',''
  ) );
#10448 = ORIENTED_EDGE('',*,*,#10449,.F.);
#10449 = EDGE_CURVE('',#10450,#10427,#10452,.T.);
#10450 = VERTEX_POINT('',#10451);
#10451 = CARTESIAN_POINT('',(43.26,57.55,20.));
#10452 = SURFACE_CURVE('',#10453,(#10458,#10469),.PCURVE_S1.);
#10453 = CIRCLE('',#10454,6.);
#10454 = AXIS2_PLACEMENT_3D('',#10455,#10456,#10457);
#10455 = CARTESIAN_POINT('',(37.26,57.55,20.));
#10456 = DIRECTION('',(0.,-0.,-1.));
#10457 = DIRECTION('',(1.,0.,-0.));
#10458 = PCURVE('',#9911,#10459);
#10459 = DEFINITIONAL_REPRESENTATION('',(#10460),#10468);
#10460 = ( BOUNDED_CURVE() B_SPLINE_CURVE(2,(#10461,#10462,#10463,#10464
    ,#10465,#10466,#10467),.UNSPECIFIED.,.T.,.F.) 
B_SPLINE_CURVE_WITH_KNOTS((1,2,2,2,2,1),(-2.094395102393,0.,
    2.094395102393,4.188790204786,6.28318530718,8.377580409573),
.UNSPECIFIED.) CURVE() GEOMETRIC_REPRESENTATION_ITEM() 
RATIONAL_B_SPLINE_CURVE((1.,0.5,1.,0.5,1.,0.5,1.)) REPRESENTATION_ITEM(
  '') );
#10461 = CARTESIAN_POINT('',(29.,9.));
#10462 = CARTESIAN_POINT('',(29.,-1.392304845413));
#10463 = CARTESIAN_POINT('',(20.,3.803847577293));
#10464 = CARTESIAN_POINT('',(11.,9.));
#10465 = CARTESIAN_POINT('',(20.,14.196152422707));
#10466 = CARTESIAN_POINT('',(29.,19.392304845413));
#10467 = CARTESIAN_POINT('',(29.,9.));
#10468 = ( GEOMETRIC_REPRESENTATION_CONTEXT(2) 
PARAMETRIC_REPRESENTATION_CONTEXT() REPRESENTATION_CONTEXT('2D SPACE',''
  ) );
#10469 = PCURVE('',#10470,#10475);
#10470 = TOROIDAL_SURFACE('',#10471,6.,3.);
#10471 = AXIS2_PLACEMENT_3D('',#10472,#10473,#10474);
#10472 = CARTESIAN_POINT('',(37.26,57.55,17.));
#10473 = DIRECTION('',(0.,0.,1.));
#10474 = DIRECTION('',(1.,0.,-0.));
#10475 = DEFINITIONAL_REPRESENTATION('',(#10476),#10480);
#10476 = LINE('',#10477,#10478);
#10477 = CARTESIAN_POINT('',(-0.,1.570796326795));
#10478 = VECTOR('',#10479,1.);
#10479 = DIRECTION('',(-1.,0.));
#10480 = ( GEOMETRIC_REPRESENTATION_CONTEXT(2) 
PARAMETRIC_REPRESENTATION_CONTEXT() REPRESENTATION_CONTEXT('2D SPACE',''
  ) );
#10481 = ORIENTED_EDGE('',*,*,#10482,.F.);
#10482 = EDGE_CURVE('',#10483,#10450,#10485,.T.);
#10483 = VERTEX_POINT('',#10484);
#10484 = CARTESIAN_POINT('',(43.26,71.55,20.));
#10485 = SURFACE_CURVE('',#10486,(#10490,#10497),.PCURVE_S1.);
#10486 = LINE('',#10487,#10488);
#10487 = CARTESIAN_POINT('',(43.26,71.55,20.));
#10488 = VECTOR('',#10489,1.);
#10489 = DIRECTION('',(0.,-1.,-0.));
#10490 = PCURVE('',#9911,#10491);
#10491 = DEFINITIONAL_REPRESENTATION('',(#10492),#10496);
#10492 = LINE('',#10493,#10494);
#10493 = CARTESIAN_POINT('',(29.,23.));
#10494 = VECTOR('',#10495,1.);
#10495 = DIRECTION('',(0.,-1.));
#10496 = ( GEOMETRIC_REPRESENTATION_CONTEXT(2) 
PARAMETRIC_REPRESENTATION_CONTEXT() REPRESENTATION_CONTEXT('2D SPACE',''
  ) );
#10497 = PCURVE('',#10498,#10503);
#10498 = CYLINDRICAL_SURFACE('',#10499,3.);
#10499 = AXIS2_PLACEMENT_3D('',#10500,#10501,#10502);
#10500 = CARTESIAN_POINT('',(43.26,71.55,17.));
#10501 = DIRECTION('',(0.,-1.,-0.));
#10502 = DIRECTION('',(1.,0.,0.));
#10503 = DEFINITIONAL_REPRESENTATION('',(#10504),#10508);
#10504 = LINE('',#10505,#10506);
#10505 = CARTESIAN_POINT('',(1.570796326795,0.));
#10506 = VECTOR('',#10507,1.);
#10507 = DIRECTION('',(0.,1.));
#10508 = ( GEOMETRIC_REPRESENTATION_CONTEXT(2) 
PARAMETRIC_REPRESENTATION_CONTEXT() REPRESENTATION_CONTEXT('2D SPACE',''
  ) );
#10509 = ORIENTED_EDGE('',*,*,#10510,.F.);
#10510 = EDGE_CURVE('',#10511,#10483,#10513,.T.);
#10511 = VERTEX_POINT('',#10512);
#10512 = CARTESIAN_POINT('',(37.26,77.55,20.));
#10513 = SURFACE_CURVE('',#10514,(#10519,#10530),.PCURVE_S1.);
#10514 = CIRCLE('',#10515,6.);
#10515 = AXIS2_PLACEMENT_3D('',#10516,#10517,#10518);
#10516 = CARTESIAN_POINT('',(37.26,71.55,20.));
#10517 = DIRECTION('',(0.,-0.,-1.));
#10518 = DIRECTION('',(2.960594732334E-16,1.,-0.));
#10519 = PCURVE('',#9911,#10520);
#10520 = DEFINITIONAL_REPRESENTATION('',(#10521),#10529);
#10521 = ( BOUNDED_CURVE() B_SPLINE_CURVE(2,(#10522,#10523,#10524,#10525
    ,#10526,#10527,#10528),.UNSPECIFIED.,.T.,.F.) 
B_SPLINE_CURVE_WITH_KNOTS((1,2,2,2,2,1),(-2.094395102393,0.,
    2.094395102393,4.188790204786,6.28318530718,8.377580409573),
.UNSPECIFIED.) CURVE() GEOMETRIC_REPRESENTATION_ITEM() 
RATIONAL_B_SPLINE_CURVE((1.,0.5,1.,0.5,1.,0.5,1.)) REPRESENTATION_ITEM(
  '') );
#10522 = CARTESIAN_POINT('',(23.,29.));
#10523 = CARTESIAN_POINT('',(33.392304845413,29.));
#10524 = CARTESIAN_POINT('',(28.196152422707,20.));
#10525 = CARTESIAN_POINT('',(23.,11.));
#10526 = CARTESIAN_POINT('',(17.803847577293,20.));
#10527 = CARTESIAN_POINT('',(12.607695154587,29.));
#10528 = CARTESIAN_POINT('',(23.,29.));
#10529 = ( GEOMETRIC_REPRESENTATION_CONTEXT(2) 
PARAMETRIC_REPRESENTATION_CONTEXT() REPRESENTATION_CONTEXT('2D SPACE',''
  ) );
#10530 = PCURVE('',#10531,#10536);
#10531 = TOROIDAL_SURFACE('',#10532,6.,3.);
#10532 = AXIS2_PLACEMENT_3D('',#10533,#10534,#10535);
#10533 = CARTESIAN_POINT('',(37.26,71.55,17.));
#10534 = DIRECTION('',(0.,0.,1.));
#10535 = DIRECTION('',(2.960594732334E-16,1.,-0.));
#10536 = DEFINITIONAL_REPRESENTATION('',(#10537),#10541);
#10537 = LINE('',#10538,#10539);
#10538 = CARTESIAN_POINT('',(-0.,1.570796326795));
#10539 = VECTOR('',#10540,1.);
#10540 = DIRECTION('',(-1.,0.));
#10541 = ( GEOMETRIC_REPRESENTATION_CONTEXT(2) 
PARAMETRIC_REPRESENTATION_CONTEXT() REPRESENTATION_CONTEXT('2D SPACE',''
  ) );
#10542 = ORIENTED_EDGE('',*,*,#10543,.F.);
#10543 = EDGE_CURVE('',#10544,#10511,#10546,.T.);
#10544 = VERTEX_POINT('',#10545);
#10545 = CARTESIAN_POINT('',(36.817247898318,77.55,20.));
#10546 = SURFACE_CURVE('',#10547,(#10551,#10558),.PCURVE_S1.);
#10547 = LINE('',#10548,#10549);
#10548 = CARTESIAN_POINT('',(23.26,77.55,20.));
#10549 = VECTOR('',#10550,1.);
#10550 = DIRECTION('',(1.,0.,-0.));
#10551 = PCURVE('',#9911,#10552);
#10552 = DEFINITIONAL_REPRESENTATION('',(#10553),#10557);
#10553 = LINE('',#10554,#10555);
#10554 = CARTESIAN_POINT('',(9.,29.));
#10555 = VECTOR('',#10556,1.);
#10556 = DIRECTION('',(1.,0.));
#10557 = ( GEOMETRIC_REPRESENTATION_CONTEXT(2) 
PARAMETRIC_REPRESENTATION_CONTEXT() REPRESENTATION_CONTEXT('2D SPACE',''
  ) );
#10558 = PCURVE('',#10559,#10564);
#10559 = CYLINDRICAL_SURFACE('',#10560,3.);
#10560 = AXIS2_PLACEMENT_3D('',#10561,#10562,#10563);
#10561 = CARTESIAN_POINT('',(23.26,77.55,17.));
#10562 = DIRECTION('',(1.,0.,-0.));
#10563 = DIRECTION('',(0.,1.,0.));
#10564 = DEFINITIONAL_REPRESENTATION('',(#10565),#10569);
#10565 = LINE('',#10566,#10567);
#10566 = CARTESIAN_POINT('',(1.570796326795,0.));
#10567 = VECTOR('',#10568,1.);
#10568 = DIRECTION('',(0.,1.));
#10569 = ( GEOMETRIC_REPRESENTATION_CONTEXT(2) 
PARAMETRIC_REPRESENTATION_CONTEXT() REPRESENTATION_CONTEXT('2D SPACE',''
  ) );
#10570 = ORIENTED_EDGE('',*,*,#10571,.F.);
#10571 = EDGE_CURVE('',#10572,#10544,#10574,.T.);
#10572 = VERTEX_POINT('',#10573);
#10573 = CARTESIAN_POINT('',(40.26,70.,20.));
#10574 = SURFACE_CURVE('',#10575,(#10580,#10587),.PCURVE_S1.);
#10575 = CIRCLE('',#10576,10.);
#10576 = AXIS2_PLACEMENT_3D('',#10577,#10578,#10579);
#10577 = CARTESIAN_POINT('',(30.26,70.,20.));
#10578 = DIRECTION('',(0.,0.,1.));
#10579 = DIRECTION('',(1.,0.,-0.));
#10580 = PCURVE('',#9911,#10581);
#10581 = DEFINITIONAL_REPRESENTATION('',(#10582),#10586);
#10582 = CIRCLE('',#10583,10.);
#10583 = AXIS2_PLACEMENT_2D('',#10584,#10585);
#10584 = CARTESIAN_POINT('',(16.,21.45));
#10585 = DIRECTION('',(1.,0.));
#10586 = ( GEOMETRIC_REPRESENTATION_CONTEXT(2) 
PARAMETRIC_REPRESENTATION_CONTEXT() REPRESENTATION_CONTEXT('2D SPACE',''
  ) );
#10587 = PCURVE('',#10588,#10593);
#10588 = CYLINDRICAL_SURFACE('',#10589,10.);
#10589 = AXIS2_PLACEMENT_3D('',#10590,#10591,#10592);
#10590 = CARTESIAN_POINT('',(30.26,70.,7.5));
#10591 = DIRECTION('',(0.,0.,1.));
#10592 = DIRECTION('',(1.,0.,-0.));
#10593 = DEFINITIONAL_REPRESENTATION('',(#10594),#10598);
#10594 = LINE('',#10595,#10596);
#10595 = CARTESIAN_POINT('',(0.,12.5));
#10596 = VECTOR('',#10597,1.);
#10597 = DIRECTION('',(1.,0.));
#10598 = ( GEOMETRIC_REPRESENTATION_CONTEXT(2) 
PARAMETRIC_REPRESENTATION_CONTEXT() REPRESENTATION_CONTEXT('2D SPACE',''
  ) );
#10599 = ORIENTED_EDGE('',*,*,#10600,.F.);
#10600 = EDGE_CURVE('',#10601,#10572,#10603,.T.);
#10601 = VERTEX_POINT('',#10602);
#10602 = CARTESIAN_POINT('',(23.702752101682,77.55,20.));
#10603 = SURFACE_CURVE('',#10604,(#10609,#10616),.PCURVE_S1.);
#10604 = CIRCLE('',#10605,10.);
#10605 = AXIS2_PLACEMENT_3D('',#10606,#10607,#10608);
#10606 = CARTESIAN_POINT('',(30.26,70.,20.));
#10607 = DIRECTION('',(0.,0.,1.));
#10608 = DIRECTION('',(1.,0.,-0.));
#10609 = PCURVE('',#9911,#10610);
#10610 = DEFINITIONAL_REPRESENTATION('',(#10611),#10615);
#10611 = CIRCLE('',#10612,10.);
#10612 = AXIS2_PLACEMENT_2D('',#10613,#10614);
#10613 = CARTESIAN_POINT('',(16.,21.45));
#10614 = DIRECTION('',(1.,0.));
#10615 = ( GEOMETRIC_REPRESENTATION_CONTEXT(2) 
PARAMETRIC_REPRESENTATION_CONTEXT() REPRESENTATION_CONTEXT('2D SPACE',''
  ) );
#10616 = PCURVE('',#10588,#10617);
#10617 = DEFINITIONAL_REPRESENTATION('',(#10618),#10622);
#10618 = LINE('',#10619,#10620);
#10619 = CARTESIAN_POINT('',(0.,12.5));
#10620 = VECTOR('',#10621,1.);
#10621 = DIRECTION('',(1.,0.));
#10622 = ( GEOMETRIC_REPRESENTATION_CONTEXT(2) 
PARAMETRIC_REPRESENTATION_CONTEXT() REPRESENTATION_CONTEXT('2D SPACE',''
  ) );
#10623 = ORIENTED_EDGE('',*,*,#10624,.F.);
#10624 = EDGE_CURVE('',#10625,#10601,#10627,.T.);
#10625 = VERTEX_POINT('',#10626);
#10626 = CARTESIAN_POINT('',(23.26,77.55,20.));
#10627 = SURFACE_CURVE('',#10628,(#10632,#10639),.PCURVE_S1.);
#10628 = LINE('',#10629,#10630);
#10629 = CARTESIAN_POINT('',(23.26,77.55,20.));
#10630 = VECTOR('',#10631,1.);
#10631 = DIRECTION('',(1.,0.,-0.));
#10632 = PCURVE('',#9911,#10633);
#10633 = DEFINITIONAL_REPRESENTATION('',(#10634),#10638);
#10634 = LINE('',#10635,#10636);
#10635 = CARTESIAN_POINT('',(9.,29.));
#10636 = VECTOR('',#10637,1.);
#10637 = DIRECTION('',(1.,0.));
#10638 = ( GEOMETRIC_REPRESENTATION_CONTEXT(2) 
PARAMETRIC_REPRESENTATION_CONTEXT() REPRESENTATION_CONTEXT('2D SPACE',''
  ) );
#10639 = PCURVE('',#10559,#10640);
#10640 = DEFINITIONAL_REPRESENTATION('',(#10641),#10645);
#10641 = LINE('',#10642,#10643);
#10642 = CARTESIAN_POINT('',(1.570796326795,0.));
#10643 = VECTOR('',#10644,1.);
#10644 = DIRECTION('',(0.,1.));
#10645 = ( GEOMETRIC_REPRESENTATION_CONTEXT(2) 
PARAMETRIC_REPRESENTATION_CONTEXT() REPRESENTATION_CONTEXT('2D SPACE',''
  ) );
#10646 = ORIENTED_EDGE('',*,*,#10647,.F.);
#10647 = EDGE_CURVE('',#9896,#10625,#10648,.T.);
#10648 = SURFACE_CURVE('',#10649,(#10654,#10665),.PCURVE_S1.);
#10649 = CIRCLE('',#10650,6.);
#10650 = AXIS2_PLACEMENT_3D('',#10651,#10652,#10653);
#10651 = CARTESIAN_POINT('',(23.26,71.55,20.));
#10652 = DIRECTION('',(-0.,0.,-1.));
#10653 = DIRECTION('',(-1.,9.868649107779E-17,0.));
#10654 = PCURVE('',#9911,#10655);
#10655 = DEFINITIONAL_REPRESENTATION('',(#10656),#10664);
#10656 = ( BOUNDED_CURVE() B_SPLINE_CURVE(2,(#10657,#10658,#10659,#10660
    ,#10661,#10662,#10663),.UNSPECIFIED.,.T.,.F.) 
B_SPLINE_CURVE_WITH_KNOTS((1,2,2,2,2,1),(-2.094395102393,0.,
    2.094395102393,4.188790204786,6.28318530718,8.377580409573),
.UNSPECIFIED.) CURVE() GEOMETRIC_REPRESENTATION_ITEM() 
RATIONAL_B_SPLINE_CURVE((1.,0.5,1.,0.5,1.,0.5,1.)) REPRESENTATION_ITEM(
  '') );
#10657 = CARTESIAN_POINT('',(3.,23.));
#10658 = CARTESIAN_POINT('',(3.,33.392304845413));
#10659 = CARTESIAN_POINT('',(12.,28.196152422707));
#10660 = CARTESIAN_POINT('',(21.,23.));
#10661 = CARTESIAN_POINT('',(12.,17.803847577293));
#10662 = CARTESIAN_POINT('',(3.,12.607695154587));
#10663 = CARTESIAN_POINT('',(3.,23.));
#10664 = ( GEOMETRIC_REPRESENTATION_CONTEXT(2) 
PARAMETRIC_REPRESENTATION_CONTEXT() REPRESENTATION_CONTEXT('2D SPACE',''
  ) );
#10665 = PCURVE('',#9937,#10666);
#10666 = DEFINITIONAL_REPRESENTATION('',(#10667),#10671);
#10667 = LINE('',#10668,#10669);
#10668 = CARTESIAN_POINT('',(-0.,1.570796326795));
#10669 = VECTOR('',#10670,1.);
#10670 = DIRECTION('',(-1.,0.));
#10671 = ( GEOMETRIC_REPRESENTATION_CONTEXT(2) 
PARAMETRIC_REPRESENTATION_CONTEXT() REPRESENTATION_CONTEXT('2D SPACE',''
  ) );
#10672 = ADVANCED_FACE('',(#10673),#9937,.T.);
#10673 = FACE_BOUND('',#10674,.F.);
#10674 = EDGE_LOOP('',(#10675,#10676,#10677,#10697));
#10675 = ORIENTED_EDGE('',*,*,#9923,.F.);
#10676 = ORIENTED_EDGE('',*,*,#10005,.T.);
#10677 = ORIENTED_EDGE('',*,*,#10678,.T.);
#10678 = EDGE_CURVE('',#9978,#10625,#10679,.T.);
#10679 = SURFACE_CURVE('',#10680,(#10685,#10691),.PCURVE_S1.);
#10680 = CIRCLE('',#10681,3.);
#10681 = AXIS2_PLACEMENT_3D('',#10682,#10683,#10684);
#10682 = CARTESIAN_POINT('',(23.26,77.55,17.));
#10683 = DIRECTION('',(1.,-3.745415112042E-17,0.));
#10684 = DIRECTION('',(3.745415112042E-17,1.,0.));
#10685 = PCURVE('',#9937,#10686);
#10686 = DEFINITIONAL_REPRESENTATION('',(#10687),#10690);
#10687 = B_SPLINE_CURVE_WITH_KNOTS('',1,(#10688,#10689),.UNSPECIFIED.,
  .F.,.F.,(2,2),(0.,1.570796326795),.PIECEWISE_BEZIER_KNOTS.);
#10688 = CARTESIAN_POINT('',(-1.570796326795,0.));
#10689 = CARTESIAN_POINT('',(-1.570796326795,1.570796326795));
#10690 = ( GEOMETRIC_REPRESENTATION_CONTEXT(2) 
PARAMETRIC_REPRESENTATION_CONTEXT() REPRESENTATION_CONTEXT('2D SPACE',''
  ) );
#10691 = PCURVE('',#10559,#10692);
#10692 = DEFINITIONAL_REPRESENTATION('',(#10693),#10696);
#10693 = B_SPLINE_CURVE_WITH_KNOTS('',1,(#10694,#10695),.UNSPECIFIED.,
  .F.,.F.,(2,2),(0.,1.570796326795),.PIECEWISE_BEZIER_KNOTS.);
#10694 = CARTESIAN_POINT('',(0.,0.));
#10695 = CARTESIAN_POINT('',(1.570796326795,0.));
#10696 = ( GEOMETRIC_REPRESENTATION_CONTEXT(2) 
PARAMETRIC_REPRESENTATION_CONTEXT() REPRESENTATION_CONTEXT('2D SPACE',''
  ) );
#10697 = ORIENTED_EDGE('',*,*,#10647,.F.);
#10698 = ADVANCED_FACE('',(#10699),#9993,.T.);
#10699 = FACE_BOUND('',#10700,.T.);
#10700 = EDGE_LOOP('',(#10701,#10702,#10725,#10753));
#10701 = ORIENTED_EDGE('',*,*,#9977,.T.);
#10702 = ORIENTED_EDGE('',*,*,#10703,.T.);
#10703 = EDGE_CURVE('',#9978,#10704,#10706,.T.);
#10704 = VERTEX_POINT('',#10705);
#10705 = CARTESIAN_POINT('',(37.26,80.55,17.));
#10706 = SURFACE_CURVE('',#10707,(#10711,#10718),.PCURVE_S1.);
#10707 = LINE('',#10708,#10709);
#10708 = CARTESIAN_POINT('',(23.26,80.55,17.));
#10709 = VECTOR('',#10710,1.);
#10710 = DIRECTION('',(1.,0.,-0.));
#10711 = PCURVE('',#9993,#10712);
#10712 = DEFINITIONAL_REPRESENTATION('',(#10713),#10717);
#10713 = LINE('',#10714,#10715);
#10714 = CARTESIAN_POINT('',(31.,9.));
#10715 = VECTOR('',#10716,1.);
#10716 = DIRECTION('',(0.,1.));
#10717 = ( GEOMETRIC_REPRESENTATION_CONTEXT(2) 
PARAMETRIC_REPRESENTATION_CONTEXT() REPRESENTATION_CONTEXT('2D SPACE',''
  ) );
#10718 = PCURVE('',#10559,#10719);
#10719 = DEFINITIONAL_REPRESENTATION('',(#10720),#10724);
#10720 = LINE('',#10721,#10722);
#10721 = CARTESIAN_POINT('',(0.,0.));
#10722 = VECTOR('',#10723,1.);
#10723 = DIRECTION('',(0.,1.));
#10724 = ( GEOMETRIC_REPRESENTATION_CONTEXT(2) 
PARAMETRIC_REPRESENTATION_CONTEXT() REPRESENTATION_CONTEXT('2D SPACE',''
  ) );
#10725 = ORIENTED_EDGE('',*,*,#10726,.F.);
#10726 = EDGE_CURVE('',#10727,#10704,#10729,.T.);
#10727 = VERTEX_POINT('',#10728);
#10728 = CARTESIAN_POINT('',(37.26,80.55,-11.));
#10729 = SURFACE_CURVE('',#10730,(#10734,#10741),.PCURVE_S1.);
#10730 = LINE('',#10731,#10732);
#10731 = CARTESIAN_POINT('',(37.26,80.55,-14.));
#10732 = VECTOR('',#10733,1.);
#10733 = DIRECTION('',(0.,0.,1.));
#10734 = PCURVE('',#9993,#10735);
#10735 = DEFINITIONAL_REPRESENTATION('',(#10736),#10740);
#10736 = LINE('',#10737,#10738);
#10737 = CARTESIAN_POINT('',(0.,23.));
#10738 = VECTOR('',#10739,1.);
#10739 = DIRECTION('',(1.,0.));
#10740 = ( GEOMETRIC_REPRESENTATION_CONTEXT(2) 
PARAMETRIC_REPRESENTATION_CONTEXT() REPRESENTATION_CONTEXT('2D SPACE',''
  ) );
#10741 = PCURVE('',#10742,#10747);
#10742 = CYLINDRICAL_SURFACE('',#10743,9.);
#10743 = AXIS2_PLACEMENT_3D('',#10744,#10745,#10746);
#10744 = CARTESIAN_POINT('',(37.26,71.55,-14.));
#10745 = DIRECTION('',(0.,0.,1.));
#10746 = DIRECTION('',(1.,0.,-0.));
#10747 = DEFINITIONAL_REPRESENTATION('',(#10748),#10752);
#10748 = LINE('',#10749,#10750);
#10749 = CARTESIAN_POINT('',(1.570796326795,0.));
#10750 = VECTOR('',#10751,1.);
#10751 = DIRECTION('',(0.,1.));
#10752 = ( GEOMETRIC_REPRESENTATION_CONTEXT(2) 
PARAMETRIC_REPRESENTATION_CONTEXT() REPRESENTATION_CONTEXT('2D SPACE',''
  ) );
#10753 = ORIENTED_EDGE('',*,*,#10754,.F.);
#10754 = EDGE_CURVE('',#9954,#10727,#10755,.T.);
#10755 = SURFACE_CURVE('',#10756,(#10760,#10767),.PCURVE_S1.);
#10756 = LINE('',#10757,#10758);
#10757 = CARTESIAN_POINT('',(23.26,80.55,-11.));
#10758 = VECTOR('',#10759,1.);
#10759 = DIRECTION('',(1.,0.,-0.));
#10760 = PCURVE('',#9993,#10761);
#10761 = DEFINITIONAL_REPRESENTATION('',(#10762),#10766);
#10762 = LINE('',#10763,#10764);
#10763 = CARTESIAN_POINT('',(3.,9.));
#10764 = VECTOR('',#10765,1.);
#10765 = DIRECTION('',(0.,1.));
#10766 = ( GEOMETRIC_REPRESENTATION_CONTEXT(2) 
PARAMETRIC_REPRESENTATION_CONTEXT() REPRESENTATION_CONTEXT('2D SPACE',''
  ) );
#10767 = PCURVE('',#10357,#10768);
#10768 = DEFINITIONAL_REPRESENTATION('',(#10769),#10773);
#10769 = LINE('',#10770,#10771);
#10770 = CARTESIAN_POINT('',(-0.,0.));
#10771 = VECTOR('',#10772,1.);
#10772 = DIRECTION('',(-0.,1.));
#10773 = ( GEOMETRIC_REPRESENTATION_CONTEXT(2) 
PARAMETRIC_REPRESENTATION_CONTEXT() REPRESENTATION_CONTEXT('2D SPACE',''
  ) );
#10774 = ADVANCED_FACE('',(#10775),#10046,.T.);
#10775 = FACE_BOUND('',#10776,.F.);
#10776 = EDGE_LOOP('',(#10777,#10797,#10798,#10799));
#10777 = ORIENTED_EDGE('',*,*,#10778,.T.);
#10778 = EDGE_CURVE('',#10171,#10225,#10779,.T.);
#10779 = SURFACE_CURVE('',#10780,(#10785,#10791),.PCURVE_S1.);
#10780 = CIRCLE('',#10781,3.);
#10781 = AXIS2_PLACEMENT_3D('',#10782,#10783,#10784);
#10782 = CARTESIAN_POINT('',(37.26,51.55,-11.));
#10783 = DIRECTION('',(1.,6.123233995737E-17,0.));
#10784 = DIRECTION('',(6.123233995737E-17,-1.,0.));
#10785 = PCURVE('',#10046,#10786);
#10786 = DEFINITIONAL_REPRESENTATION('',(#10787),#10790);
#10787 = B_SPLINE_CURVE_WITH_KNOTS('',1,(#10788,#10789),.UNSPECIFIED.,
  .F.,.F.,(2,2),(0.,1.570796326795),.PIECEWISE_BEZIER_KNOTS.);
#10788 = CARTESIAN_POINT('',(0.,0.));
#10789 = CARTESIAN_POINT('',(-1.570796326795,0.));
#10790 = ( GEOMETRIC_REPRESENTATION_CONTEXT(2) 
PARAMETRIC_REPRESENTATION_CONTEXT() REPRESENTATION_CONTEXT('2D SPACE',''
  ) );
#10791 = PCURVE('',#10268,#10792);
#10792 = DEFINITIONAL_REPRESENTATION('',(#10793),#10796);
#10793 = B_SPLINE_CURVE_WITH_KNOTS('',1,(#10794,#10795),.UNSPECIFIED.,
  .F.,.F.,(2,2),(0.,1.570796326795),.PIECEWISE_BEZIER_KNOTS.);
#10794 = CARTESIAN_POINT('',(1.570796326795,0.));
#10795 = CARTESIAN_POINT('',(1.570796326795,1.570796326795));
#10796 = ( GEOMETRIC_REPRESENTATION_CONTEXT(2) 
PARAMETRIC_REPRESENTATION_CONTEXT() REPRESENTATION_CONTEXT('2D SPACE',''
  ) );
#10797 = ORIENTED_EDGE('',*,*,#10224,.T.);
#10798 = ORIENTED_EDGE('',*,*,#10030,.F.);
#10799 = ORIENTED_EDGE('',*,*,#10198,.F.);
#10800 = ADVANCED_FACE('',(#10801),#10104,.T.);
#10801 = FACE_BOUND('',#10802,.T.);
#10802 = EDGE_LOOP('',(#10803,#10823,#10824,#10825));
#10803 = ORIENTED_EDGE('',*,*,#10804,.T.);
#10804 = EDGE_CURVE('',#10148,#10427,#10805,.T.);
#10805 = SURFACE_CURVE('',#10806,(#10811,#10817),.PCURVE_S1.);
#10806 = CIRCLE('',#10807,3.);
#10807 = AXIS2_PLACEMENT_3D('',#10808,#10809,#10810);
#10808 = CARTESIAN_POINT('',(37.26,51.55,17.));
#10809 = DIRECTION('',(-1.,-6.123233995737E-17,0.));
#10810 = DIRECTION('',(6.123233995737E-17,-1.,-0.));
#10811 = PCURVE('',#10104,#10812);
#10812 = DEFINITIONAL_REPRESENTATION('',(#10813),#10816);
#10813 = B_SPLINE_CURVE_WITH_KNOTS('',1,(#10814,#10815),.UNSPECIFIED.,
  .F.,.F.,(2,2),(0.,1.570796326795),.PIECEWISE_BEZIER_KNOTS.);
#10814 = CARTESIAN_POINT('',(0.,0.));
#10815 = CARTESIAN_POINT('',(1.570796326795,0.));
#10816 = ( GEOMETRIC_REPRESENTATION_CONTEXT(2) 
PARAMETRIC_REPRESENTATION_CONTEXT() REPRESENTATION_CONTEXT('2D SPACE',''
  ) );
#10817 = PCURVE('',#10470,#10818);
#10818 = DEFINITIONAL_REPRESENTATION('',(#10819),#10822);
#10819 = B_SPLINE_CURVE_WITH_KNOTS('',1,(#10820,#10821),.UNSPECIFIED.,
  .F.,.F.,(2,2),(0.,1.570796326795),.PIECEWISE_BEZIER_KNOTS.);
#10820 = CARTESIAN_POINT('',(-1.570796326795,0.));
#10821 = CARTESIAN_POINT('',(-1.570796326795,1.570796326795));
#10822 = ( GEOMETRIC_REPRESENTATION_CONTEXT(2) 
PARAMETRIC_REPRESENTATION_CONTEXT() REPRESENTATION_CONTEXT('2D SPACE',''
  ) );
#10823 = ORIENTED_EDGE('',*,*,#10426,.T.);
#10824 = ORIENTED_EDGE('',*,*,#10088,.F.);
#10825 = ORIENTED_EDGE('',*,*,#10147,.F.);
#10826 = ADVANCED_FACE('',(#10827),#10186,.T.);
#10827 = FACE_BOUND('',#10828,.F.);
#10828 = EDGE_LOOP('',(#10829,#10859,#10881,#10882));
#10829 = ORIENTED_EDGE('',*,*,#10830,.F.);
#10830 = EDGE_CURVE('',#10831,#10833,#10835,.T.);
#10831 = VERTEX_POINT('',#10832);
#10832 = CARTESIAN_POINT('',(46.26,57.55,-11.));
#10833 = VERTEX_POINT('',#10834);
#10834 = CARTESIAN_POINT('',(46.26,57.55,17.));
#10835 = SURFACE_CURVE('',#10836,(#10840,#10847),.PCURVE_S1.);
#10836 = LINE('',#10837,#10838);
#10837 = CARTESIAN_POINT('',(46.26,57.55,-14.));
#10838 = VECTOR('',#10839,1.);
#10839 = DIRECTION('',(0.,0.,1.));
#10840 = PCURVE('',#10186,#10841);
#10841 = DEFINITIONAL_REPRESENTATION('',(#10842),#10846);
#10842 = LINE('',#10843,#10844);
#10843 = CARTESIAN_POINT('',(-0.,0.));
#10844 = VECTOR('',#10845,1.);
#10845 = DIRECTION('',(-0.,1.));
#10846 = ( GEOMETRIC_REPRESENTATION_CONTEXT(2) 
PARAMETRIC_REPRESENTATION_CONTEXT() REPRESENTATION_CONTEXT('2D SPACE',''
  ) );
#10847 = PCURVE('',#10848,#10853);
#10848 = PLANE('',#10849);
#10849 = AXIS2_PLACEMENT_3D('',#10850,#10851,#10852);
#10850 = CARTESIAN_POINT('',(46.26,48.55,-14.));
#10851 = DIRECTION('',(1.,0.,-0.));
#10852 = DIRECTION('',(0.,0.,1.));
#10853 = DEFINITIONAL_REPRESENTATION('',(#10854),#10858);
#10854 = LINE('',#10855,#10856);
#10855 = CARTESIAN_POINT('',(0.,-9.));
#10856 = VECTOR('',#10857,1.);
#10857 = DIRECTION('',(1.,0.));
#10858 = ( GEOMETRIC_REPRESENTATION_CONTEXT(2) 
PARAMETRIC_REPRESENTATION_CONTEXT() REPRESENTATION_CONTEXT('2D SPACE',''
  ) );
#10859 = ORIENTED_EDGE('',*,*,#10860,.T.);
#10860 = EDGE_CURVE('',#10831,#10171,#10861,.T.);
#10861 = SURFACE_CURVE('',#10862,(#10867,#10874),.PCURVE_S1.);
#10862 = CIRCLE('',#10863,9.);
#10863 = AXIS2_PLACEMENT_3D('',#10864,#10865,#10866);
#10864 = CARTESIAN_POINT('',(37.26,57.55,-11.));
#10865 = DIRECTION('',(0.,-0.,-1.));
#10866 = DIRECTION('',(1.,0.,-0.));
#10867 = PCURVE('',#10186,#10868);
#10868 = DEFINITIONAL_REPRESENTATION('',(#10869),#10873);
#10869 = LINE('',#10870,#10871);
#10870 = CARTESIAN_POINT('',(-0.,3.));
#10871 = VECTOR('',#10872,1.);
#10872 = DIRECTION('',(-1.,0.));
#10873 = ( GEOMETRIC_REPRESENTATION_CONTEXT(2) 
PARAMETRIC_REPRESENTATION_CONTEXT() REPRESENTATION_CONTEXT('2D SPACE',''
  ) );
#10874 = PCURVE('',#10268,#10875);
#10875 = DEFINITIONAL_REPRESENTATION('',(#10876),#10880);
#10876 = LINE('',#10877,#10878);
#10877 = CARTESIAN_POINT('',(0.,0.));
#10878 = VECTOR('',#10879,1.);
#10879 = DIRECTION('',(1.,0.));
#10880 = ( GEOMETRIC_REPRESENTATION_CONTEXT(2) 
PARAMETRIC_REPRESENTATION_CONTEXT() REPRESENTATION_CONTEXT('2D SPACE',''
  ) );
#10881 = ORIENTED_EDGE('',*,*,#10170,.T.);
#10882 = ORIENTED_EDGE('',*,*,#10883,.F.);
#10883 = EDGE_CURVE('',#10833,#10148,#10884,.T.);
#10884 = SURFACE_CURVE('',#10885,(#10890,#10897),.PCURVE_S1.);
#10885 = CIRCLE('',#10886,9.);
#10886 = AXIS2_PLACEMENT_3D('',#10887,#10888,#10889);
#10887 = CARTESIAN_POINT('',(37.26,57.55,17.));
#10888 = DIRECTION('',(0.,-0.,-1.));
#10889 = DIRECTION('',(1.,0.,-0.));
#10890 = PCURVE('',#10186,#10891);
#10891 = DEFINITIONAL_REPRESENTATION('',(#10892),#10896);
#10892 = LINE('',#10893,#10894);
#10893 = CARTESIAN_POINT('',(-0.,31.));
#10894 = VECTOR('',#10895,1.);
#10895 = DIRECTION('',(-1.,0.));
#10896 = ( GEOMETRIC_REPRESENTATION_CONTEXT(2) 
PARAMETRIC_REPRESENTATION_CONTEXT() REPRESENTATION_CONTEXT('2D SPACE',''
  ) );
#10897 = PCURVE('',#10470,#10898);
#10898 = DEFINITIONAL_REPRESENTATION('',(#10899),#10903);
#10899 = LINE('',#10900,#10901);
#10900 = CARTESIAN_POINT('',(-0.,0.));
#10901 = VECTOR('',#10902,1.);
#10902 = DIRECTION('',(-1.,0.));
#10903 = ( GEOMETRIC_REPRESENTATION_CONTEXT(2) 
PARAMETRIC_REPRESENTATION_CONTEXT() REPRESENTATION_CONTEXT('2D SPACE',''
  ) );
#10904 = ADVANCED_FACE('',(#10905),#10357,.T.);
#10905 = FACE_BOUND('',#10906,.F.);
#10906 = EDGE_LOOP('',(#10907,#10908,#10909,#10929));
#10907 = ORIENTED_EDGE('',*,*,#10400,.T.);
#10908 = ORIENTED_EDGE('',*,*,#10341,.T.);
#10909 = ORIENTED_EDGE('',*,*,#10910,.F.);
#10910 = EDGE_CURVE('',#10727,#10309,#10911,.T.);
#10911 = SURFACE_CURVE('',#10912,(#10917,#10923),.PCURVE_S1.);
#10912 = CIRCLE('',#10913,3.);
#10913 = AXIS2_PLACEMENT_3D('',#10914,#10915,#10916);
#10914 = CARTESIAN_POINT('',(37.26,77.55,-11.));
#10915 = DIRECTION('',(-1.,0.,0.));
#10916 = DIRECTION('',(0.,1.,0.));
#10917 = PCURVE('',#10357,#10918);
#10918 = DEFINITIONAL_REPRESENTATION('',(#10919),#10922);
#10919 = B_SPLINE_CURVE_WITH_KNOTS('',1,(#10920,#10921),.UNSPECIFIED.,
  .F.,.F.,(2,2),(0.,1.570796326795),.PIECEWISE_BEZIER_KNOTS.);
#10920 = CARTESIAN_POINT('',(0.,14.));
#10921 = CARTESIAN_POINT('',(-1.570796326795,14.));
#10922 = ( GEOMETRIC_REPRESENTATION_CONTEXT(2) 
PARAMETRIC_REPRESENTATION_CONTEXT() REPRESENTATION_CONTEXT('2D SPACE',''
  ) );
#10923 = PCURVE('',#10329,#10924);
#10924 = DEFINITIONAL_REPRESENTATION('',(#10925),#10928);
#10925 = B_SPLINE_CURVE_WITH_KNOTS('',1,(#10926,#10927),.UNSPECIFIED.,
  .F.,.F.,(2,2),(0.,1.570796326795),.PIECEWISE_BEZIER_KNOTS.);
#10926 = CARTESIAN_POINT('',(0.,0.));
#10927 = CARTESIAN_POINT('',(0.,1.570796326795));
#10928 = ( GEOMETRIC_REPRESENTATION_CONTEXT(2) 
PARAMETRIC_REPRESENTATION_CONTEXT() REPRESENTATION_CONTEXT('2D SPACE',''
  ) );
#10929 = ORIENTED_EDGE('',*,*,#10754,.F.);
#10930 = ADVANCED_FACE('',(#10931),#10268,.T.);
#10931 = FACE_BOUND('',#10932,.T.);
#10932 = EDGE_LOOP('',(#10933,#10953,#10954,#10955));
#10933 = ORIENTED_EDGE('',*,*,#10934,.F.);
#10934 = EDGE_CURVE('',#10831,#10248,#10935,.T.);
#10935 = SURFACE_CURVE('',#10936,(#10941,#10947),.PCURVE_S1.);
#10936 = CIRCLE('',#10937,3.);
#10937 = AXIS2_PLACEMENT_3D('',#10938,#10939,#10940);
#10938 = CARTESIAN_POINT('',(43.26,57.55,-11.));
#10939 = DIRECTION('',(-0.,1.,0.));
#10940 = DIRECTION('',(1.,0.,0.));
#10941 = PCURVE('',#10268,#10942);
#10942 = DEFINITIONAL_REPRESENTATION('',(#10943),#10946);
#10943 = B_SPLINE_CURVE_WITH_KNOTS('',1,(#10944,#10945),.UNSPECIFIED.,
  .F.,.F.,(2,2),(0.,1.570796326795),.PIECEWISE_BEZIER_KNOTS.);
#10944 = CARTESIAN_POINT('',(0.,0.));
#10945 = CARTESIAN_POINT('',(0.,1.570796326795));
#10946 = ( GEOMETRIC_REPRESENTATION_CONTEXT(2) 
PARAMETRIC_REPRESENTATION_CONTEXT() REPRESENTATION_CONTEXT('2D SPACE',''
  ) );
#10947 = PCURVE('',#10296,#10948);
#10948 = DEFINITIONAL_REPRESENTATION('',(#10949),#10952);
#10949 = B_SPLINE_CURVE_WITH_KNOTS('',1,(#10950,#10951),.UNSPECIFIED.,
  .F.,.F.,(2,2),(0.,1.570796326795),.PIECEWISE_BEZIER_KNOTS.);
#10950 = CARTESIAN_POINT('',(0.,14.));
#10951 = CARTESIAN_POINT('',(-1.570796326795,14.));
#10952 = ( GEOMETRIC_REPRESENTATION_CONTEXT(2) 
PARAMETRIC_REPRESENTATION_CONTEXT() REPRESENTATION_CONTEXT('2D SPACE',''
  ) );
#10953 = ORIENTED_EDGE('',*,*,#10860,.T.);
#10954 = ORIENTED_EDGE('',*,*,#10778,.T.);
#10955 = ORIENTED_EDGE('',*,*,#10247,.F.);
#10956 = ADVANCED_FACE('',(#10957),#10329,.T.);
#10957 = FACE_BOUND('',#10958,.T.);
#10958 = EDGE_LOOP('',(#10959,#10960,#10984,#11004));
#10959 = ORIENTED_EDGE('',*,*,#10910,.F.);
#10960 = ORIENTED_EDGE('',*,*,#10961,.T.);
#10961 = EDGE_CURVE('',#10727,#10962,#10964,.T.);
#10962 = VERTEX_POINT('',#10963);
#10963 = CARTESIAN_POINT('',(46.26,71.55,-11.));
#10964 = SURFACE_CURVE('',#10965,(#10970,#10977),.PCURVE_S1.);
#10965 = CIRCLE('',#10966,9.);
#10966 = AXIS2_PLACEMENT_3D('',#10967,#10968,#10969);
#10967 = CARTESIAN_POINT('',(37.26,71.55,-11.));
#10968 = DIRECTION('',(0.,-0.,-1.));
#10969 = DIRECTION('',(2.960594732334E-16,1.,-0.));
#10970 = PCURVE('',#10329,#10971);
#10971 = DEFINITIONAL_REPRESENTATION('',(#10972),#10976);
#10972 = LINE('',#10973,#10974);
#10973 = CARTESIAN_POINT('',(0.,0.));
#10974 = VECTOR('',#10975,1.);
#10975 = DIRECTION('',(1.,0.));
#10976 = ( GEOMETRIC_REPRESENTATION_CONTEXT(2) 
PARAMETRIC_REPRESENTATION_CONTEXT() REPRESENTATION_CONTEXT('2D SPACE',''
  ) );
#10977 = PCURVE('',#10742,#10978);
#10978 = DEFINITIONAL_REPRESENTATION('',(#10979),#10983);
#10979 = LINE('',#10980,#10981);
#10980 = CARTESIAN_POINT('',(1.570796326795,3.));
#10981 = VECTOR('',#10982,1.);
#10982 = DIRECTION('',(-1.,-0.));
#10983 = ( GEOMETRIC_REPRESENTATION_CONTEXT(2) 
PARAMETRIC_REPRESENTATION_CONTEXT() REPRESENTATION_CONTEXT('2D SPACE',''
  ) );
#10984 = ORIENTED_EDGE('',*,*,#10985,.T.);
#10985 = EDGE_CURVE('',#10962,#10281,#10986,.T.);
#10986 = SURFACE_CURVE('',#10987,(#10992,#10998),.PCURVE_S1.);
#10987 = CIRCLE('',#10988,3.);
#10988 = AXIS2_PLACEMENT_3D('',#10989,#10990,#10991);
#10989 = CARTESIAN_POINT('',(43.26,71.55,-11.));
#10990 = DIRECTION('',(2.34827133276E-16,1.,0.));
#10991 = DIRECTION('',(1.,-2.34827133276E-16,0.));
#10992 = PCURVE('',#10329,#10993);
#10993 = DEFINITIONAL_REPRESENTATION('',(#10994),#10997);
#10994 = B_SPLINE_CURVE_WITH_KNOTS('',1,(#10995,#10996),.UNSPECIFIED.,
  .F.,.F.,(2,2),(0.,1.570796326795),.PIECEWISE_BEZIER_KNOTS.);
#10995 = CARTESIAN_POINT('',(1.570796326795,0.));
#10996 = CARTESIAN_POINT('',(1.570796326795,1.570796326795));
#10997 = ( GEOMETRIC_REPRESENTATION_CONTEXT(2) 
PARAMETRIC_REPRESENTATION_CONTEXT() REPRESENTATION_CONTEXT('2D SPACE',''
  ) );
#10998 = PCURVE('',#10296,#10999);
#10999 = DEFINITIONAL_REPRESENTATION('',(#11000),#11003);
#11000 = B_SPLINE_CURVE_WITH_KNOTS('',1,(#11001,#11002),.UNSPECIFIED.,
  .F.,.F.,(2,2),(0.,1.570796326795),.PIECEWISE_BEZIER_KNOTS.);
#11001 = CARTESIAN_POINT('',(0.,0.));
#11002 = CARTESIAN_POINT('',(-1.570796326795,0.));
#11003 = ( GEOMETRIC_REPRESENTATION_CONTEXT(2) 
PARAMETRIC_REPRESENTATION_CONTEXT() REPRESENTATION_CONTEXT('2D SPACE',''
  ) );
#11004 = ORIENTED_EDGE('',*,*,#10308,.F.);
#11005 = ADVANCED_FACE('',(#11006),#10296,.T.);
#11006 = FACE_BOUND('',#11007,.F.);
#11007 = EDGE_LOOP('',(#11008,#11009,#11010,#11011));
#11008 = ORIENTED_EDGE('',*,*,#10985,.T.);
#11009 = ORIENTED_EDGE('',*,*,#10280,.T.);
#11010 = ORIENTED_EDGE('',*,*,#10934,.F.);
#11011 = ORIENTED_EDGE('',*,*,#11012,.F.);
#11012 = EDGE_CURVE('',#10962,#10831,#11013,.T.);
#11013 = SURFACE_CURVE('',#11014,(#11018,#11025),.PCURVE_S1.);
#11014 = LINE('',#11015,#11016);
#11015 = CARTESIAN_POINT('',(46.26,71.55,-11.));
#11016 = VECTOR('',#11017,1.);
#11017 = DIRECTION('',(0.,-1.,-0.));
#11018 = PCURVE('',#10296,#11019);
#11019 = DEFINITIONAL_REPRESENTATION('',(#11020),#11024);
#11020 = LINE('',#11021,#11022);
#11021 = CARTESIAN_POINT('',(-0.,0.));
#11022 = VECTOR('',#11023,1.);
#11023 = DIRECTION('',(-0.,1.));
#11024 = ( GEOMETRIC_REPRESENTATION_CONTEXT(2) 
PARAMETRIC_REPRESENTATION_CONTEXT() REPRESENTATION_CONTEXT('2D SPACE',''
  ) );
#11025 = PCURVE('',#10848,#11026);
#11026 = DEFINITIONAL_REPRESENTATION('',(#11027),#11031);
#11027 = LINE('',#11028,#11029);
#11028 = CARTESIAN_POINT('',(3.,-23.));
#11029 = VECTOR('',#11030,1.);
#11030 = DIRECTION('',(0.,1.));
#11031 = ( GEOMETRIC_REPRESENTATION_CONTEXT(2) 
PARAMETRIC_REPRESENTATION_CONTEXT() REPRESENTATION_CONTEXT('2D SPACE',''
  ) );
#11032 = ADVANCED_FACE('',(#11033),#10559,.T.);
#11033 = FACE_BOUND('',#11034,.T.);
#11034 = EDGE_LOOP('',(#11035,#11036,#11037,#11038,#11182,#11183));
#11035 = ORIENTED_EDGE('',*,*,#10703,.F.);
#11036 = ORIENTED_EDGE('',*,*,#10678,.T.);
#11037 = ORIENTED_EDGE('',*,*,#10624,.T.);
#11038 = ORIENTED_EDGE('',*,*,#11039,.F.);
#11039 = EDGE_CURVE('',#10544,#10601,#11040,.T.);
#11040 = SURFACE_CURVE('',#11041,(#11086,#11134),.PCURVE_S1.);
#11041 = B_SPLINE_CURVE_WITH_KNOTS('',8,(#11042,#11043,#11044,#11045,
    #11046,#11047,#11048,#11049,#11050,#11051,#11052,#11053,#11054,
    #11055,#11056,#11057,#11058,#11059,#11060,#11061,#11062,#11063,
    #11064,#11065,#11066,#11067,#11068,#11069,#11070,#11071,#11072,
    #11073,#11074,#11075,#11076,#11077,#11078,#11079,#11080,#11081,
    #11082,#11083,#11084,#11085),.UNSPECIFIED.,.F.,.F.,(9,7,7,7,7,7,9),(
    0.,0.260942091456,0.395048577461,0.499999864457,0.604723380147,
    0.738573318009,1.),.UNSPECIFIED.);
#11042 = CARTESIAN_POINT('',(36.817247898318,77.55,20.));
#11043 = CARTESIAN_POINT('',(36.433659328631,77.883150376477,20.));
#11044 = CARTESIAN_POINT('',(36.03614499714,78.189321381223,
    19.95772006912));
#11045 = CARTESIAN_POINT('',(35.629646656221,78.466156913432,
    19.885130796032));
#11046 = CARTESIAN_POINT('',(35.217921581524,78.713899653585,
    19.791252496969));
#11047 = CARTESIAN_POINT('',(34.803239061245,78.933992206611,
    19.683099303441));
#11048 = CARTESIAN_POINT('',(34.386269867269,79.128323867687,
    19.566245884405));
#11049 = CARTESIAN_POINT('',(33.965837418762,79.299081201682,
    19.444917194766));
#11050 = CARTESIAN_POINT('',(33.316420985264,79.524323507961,
    19.26092775111));
#11051 = CARTESIAN_POINT('',(33.094687424966,79.594643046352,
    19.198692274775));
#11052 = CARTESIAN_POINT('',(32.871545870111,79.658943834916,
    19.137411410261));
#11053 = CARTESIAN_POINT('',(32.646946978242,79.71727459796,
    19.077886190531));
#11054 = CARTESIAN_POINT('',(32.42086653304,79.769650639867,
    19.021004137598));
#11055 = CARTESIAN_POINT('',(32.19325156242,79.816073422812,
    18.967734860717));
#11056 = CARTESIAN_POINT('',(31.963968860989,79.856527522142,
    18.919104300117));
#11057 = CARTESIAN_POINT('',(31.551809440855,79.917897756582,
    18.842529859263));
#11058 = CARTESIAN_POINT('',(31.369224146591,79.941217525813,
    18.812302174103));
#11059 = CARTESIAN_POINT('',(31.18560904869,79.960743202976,
    18.786128719583));
#11060 = CARTESIAN_POINT('',(31.001344258004,79.976403028774,
    18.7645692407));
#11061 = CARTESIAN_POINT('',(30.816627643991,79.988174077013,
    18.748063883044));
#11062 = CARTESIAN_POINT('',(30.631521788318,79.996046144131,
    18.736924002368));
#11063 = CARTESIAN_POINT('',(30.446001229704,80.,18.731328969318));
#11064 = CARTESIAN_POINT('',(30.074402440839,80.,18.731328969318));
#11065 = CARTESIAN_POINT('',(29.889281124478,79.996063287034,
    18.73689974424));
#11066 = CARTESIAN_POINT('',(29.704571547619,79.988225101045,
    18.747991678109));
#11067 = CARTESIAN_POINT('',(29.520249244224,79.976504531933,
    18.764426916492));
#11068 = CARTESIAN_POINT('',(29.336376908831,79.960911804429,
    18.785896596104));
#11069 = CARTESIAN_POINT('',(29.153151239533,79.941469771546,
    18.811964000287));
#11070 = CARTESIAN_POINT('',(28.970949500646,79.918249616591,
    18.842073640394));
#11071 = CARTESIAN_POINT('',(28.559579715205,79.857130086425,
    18.91837408353));
#11072 = CARTESIAN_POINT('',(28.330707586926,79.816834827649,
    18.9668449668));
#11073 = CARTESIAN_POINT('',(28.103497638005,79.770592870646,
    19.019949739004));
#11074 = CARTESIAN_POINT('',(27.877817225343,79.718419843713,
    19.076667701737));
#11075 = CARTESIAN_POINT('',(27.653613840034,79.660314678467,
    19.136033654673));
#11076 = CARTESIAN_POINT('',(27.430863739587,79.596262676964,
    19.197163748289));
#11077 = CARTESIAN_POINT('',(27.209518217313,79.526216087695,
    19.259260166641));
#11078 = CARTESIAN_POINT('',(26.559620225901,79.301293997112,
    19.443342134912));
#11079 = CARTESIAN_POINT('',(26.13837755321,79.130487959595,
    19.564942677507));
#11080 = CARTESIAN_POINT('',(25.720609065902,78.93603443907,
    19.682095269171));
#11081 = CARTESIAN_POINT('',(25.305127422463,78.715734990557,
    19.790557657073));
#11082 = CARTESIAN_POINT('',(24.892603411574,78.467690154173,
    19.884729562999));
#11083 = CARTESIAN_POINT('',(24.485316394717,78.19044733492,
    19.957565059655));
#11084 = CARTESIAN_POINT('',(24.087043281938,77.88376060054,20.));
#11085 = CARTESIAN_POINT('',(23.702752101682,77.55,20.));
#11086 = PCURVE('',#10559,#11087);
#11087 = DEFINITIONAL_REPRESENTATION('',(#11088),#11133);
#11088 = B_SPLINE_CURVE_WITH_KNOTS('',8,(#11089,#11090,#11091,#11092,
    #11093,#11094,#11095,#11096,#11097,#11098,#11099,#11100,#11101,
    #11102,#11103,#11104,#11105,#11106,#11107,#11108,#11109,#11110,
    #11111,#11112,#11113,#11114,#11115,#11116,#11117,#11118,#11119,
    #11120,#11121,#11122,#11123,#11124,#11125,#11126,#11127,#11128,
    #11129,#11130,#11131,#11132),.UNSPECIFIED.,.F.,.F.,(9,7,7,7,7,7,9),(
    0.,0.260942091456,0.395048577461,0.499999864457,0.604723380147,
    0.738573318009,1.),.UNSPECIFIED.);
#11089 = CARTESIAN_POINT('',(1.570796326795,13.557247898318));
#11090 = CARTESIAN_POINT('',(1.459746201302,13.173659328631));
#11091 = CARTESIAN_POINT('',(1.357689077888,12.77614499714));
#11092 = CARTESIAN_POINT('',(1.263324693999,12.36964665622));
#11093 = CARTESIAN_POINT('',(1.175898460133,11.957921581526));
#11094 = CARTESIAN_POINT('',(1.094774615668,11.543239061244));
#11095 = CARTESIAN_POINT('',(1.019567038423,11.126269867269));
#11096 = CARTESIAN_POINT('',(0.949900102619,10.705837418762));
#11097 = CARTESIAN_POINT('',(0.852954406529,10.056420985264));
#11098 = CARTESIAN_POINT('',(0.82167719644,9.834687424966));
#11099 = CARTESIAN_POINT('',(0.792101223224,9.611545870111));
#11100 = CARTESIAN_POINT('',(0.76435003837,9.386946978242));
#11101 = CARTESIAN_POINT('',(0.73859618914,9.16086653304));
#11102 = CARTESIAN_POINT('',(0.715054071483,8.93325156242));
#11103 = CARTESIAN_POINT('',(0.693971739421,8.703968860989));
#11104 = CARTESIAN_POINT('',(0.661260968739,8.291809440855));
#11105 = CARTESIAN_POINT('',(0.648537371298,8.109224146591));
#11106 = CARTESIAN_POINT('',(0.637654465078,7.92560904869));
#11107 = CARTESIAN_POINT('',(0.6287731592,7.741344258004));
#11108 = CARTESIAN_POINT('',(0.62201570209,7.556627643991));
#11109 = CARTESIAN_POINT('',(0.617468687535,7.371521788318));
#11110 = CARTESIAN_POINT('',(0.615185050131,7.186001229704));
#11111 = CARTESIAN_POINT('',(0.615185050131,6.814402440839));
#11112 = CARTESIAN_POINT('',(0.617458787028,6.629281124478));
#11113 = CARTESIAN_POINT('',(0.621986229506,6.444571547619));
#11114 = CARTESIAN_POINT('',(0.628714888939,6.260249244224));
#11115 = CARTESIAN_POINT('',(0.637558843889,6.076376908831));
#11116 = CARTESIAN_POINT('',(0.648396766954,5.893151239533));
#11117 = CARTESIAN_POINT('',(0.661068953946,5.710949500646));
#11118 = CARTESIAN_POINT('',(0.693656195128,5.299579715205));
#11119 = CARTESIAN_POINT('',(0.714663784542,5.070707586926));
#11120 = CARTESIAN_POINT('',(0.738125081792,4.843497638005));
#11121 = CARTESIAN_POINT('',(0.763793066498,4.617817225343));
#11122 = CARTESIAN_POINT('',(0.791453987935,4.393613840034));
#11123 = CARTESIAN_POINT('',(0.82093556892,4.170863739587));
#11124 = CARTESIAN_POINT('',(0.852114165427,3.949518217313));
#11125 = CARTESIAN_POINT('',(0.94899675065,3.299620225901));
#11126 = CARTESIAN_POINT('',(1.018729192981,2.87837755321));
#11127 = CARTESIAN_POINT('',(1.094021864071,2.460609065902));
#11128 = CARTESIAN_POINT('',(1.175250881545,2.045127422463));
#11129 = CARTESIAN_POINT('',(1.262802133383,1.632603411575));
#11130 = CARTESIAN_POINT('',(1.357313759163,1.225316394717));
#11131 = CARTESIAN_POINT('',(1.459542793282,0.827043281938));
#11132 = CARTESIAN_POINT('',(1.570796326795,0.442752101682));
#11133 = ( GEOMETRIC_REPRESENTATION_CONTEXT(2) 
PARAMETRIC_REPRESENTATION_CONTEXT() REPRESENTATION_CONTEXT('2D SPACE',''
  ) );
#11134 = PCURVE('',#10588,#11135);
#11135 = DEFINITIONAL_REPRESENTATION('',(#11136),#11181);
#11136 = B_SPLINE_CURVE_WITH_KNOTS('',8,(#11137,#11138,#11139,#11140,
    #11141,#11142,#11143,#11144,#11145,#11146,#11147,#11148,#11149,
    #11150,#11151,#11152,#11153,#11154,#11155,#11156,#11157,#11158,
    #11159,#11160,#11161,#11162,#11163,#11164,#11165,#11166,#11167,
    #11168,#11169,#11170,#11171,#11172,#11173,#11174,#11175,#11176,
    #11177,#11178,#11179,#11180),.UNSPECIFIED.,.F.,.F.,(9,7,7,7,7,7,9),(
    0.,0.260942091456,0.395048577461,0.499999864457,0.604723380147,
    0.738573318009,1.),.UNSPECIFIED.);
#11137 = CARTESIAN_POINT('',(0.855654119504,12.5));
#11138 = CARTESIAN_POINT('',(0.906460552575,12.5));
#11139 = CARTESIAN_POINT('',(0.956549300105,12.45772006912));
#11140 = CARTESIAN_POINT('',(1.005592425091,12.385130796032));
#11141 = CARTESIAN_POINT('',(1.053498962352,12.29125249697));
#11142 = CARTESIAN_POINT('',(1.10031571237,12.18309930344));
#11143 = CARTESIAN_POINT('',(1.14622091605,12.066245884405));
#11144 = CARTESIAN_POINT('',(1.191538311606,11.944917194766));
#11145 = CARTESIAN_POINT('',(1.260275186763,11.76092775111));
#11146 = CARTESIAN_POINT('',(1.28352856773,11.698692274775));
#11147 = CARTESIAN_POINT('',(1.306737040967,11.637411410261));
#11148 = CARTESIAN_POINT('',(1.32992581097,11.577886190531));
#11149 = CARTESIAN_POINT('',(1.353116405869,11.521004137598));
#11150 = CARTESIAN_POINT('',(1.376332804424,11.467734860717));
#11151 = CARTESIAN_POINT('',(1.399606866461,11.419104300117));
#11152 = CARTESIAN_POINT('',(1.441277202826,11.342529859263));
#11153 = CARTESIAN_POINT('',(1.4596800655,11.312302174103));
#11154 = CARTESIAN_POINT('',(1.478138272843,11.286128719583));
#11155 = CARTESIAN_POINT('',(1.496622890815,11.2645692407));
#11156 = CARTESIAN_POINT('',(1.515123740658,11.248063883044));
#11157 = CARTESIAN_POINT('',(1.533644158025,11.236924002368));
#11158 = CARTESIAN_POINT('',(1.552196203824,11.231328969318));
#11159 = CARTESIAN_POINT('',(1.589356082711,11.231328969318));
#11160 = CARTESIAN_POINT('',(1.607868204412,11.23689974424));
#11161 = CARTESIAN_POINT('',(1.626348929863,11.247991678109));
#11162 = CARTESIAN_POINT('',(1.644810160606,11.264426916492));
#11163 = CARTESIAN_POINT('',(1.66325515951,11.285896596104));
#11164 = CARTESIAN_POINT('',(1.681673802196,11.311964000287));
#11165 = CARTESIAN_POINT('',(1.700037382143,11.342073640394));
#11166 = CARTESIAN_POINT('',(1.741625925919,11.41837408353));
#11167 = CARTESIAN_POINT('',(1.764856842716,11.4668449668));
#11168 = CARTESIAN_POINT('',(1.788030020538,11.519949739004));
#11169 = CARTESIAN_POINT('',(1.811177155705,11.576667701737));
#11170 = CARTESIAN_POINT('',(1.834322068881,11.636033654673));
#11171 = CARTESIAN_POINT('',(1.857486121,11.697163748289));
#11172 = CARTESIAN_POINT('',(1.880694316447,11.759260166641));
#11173 = CARTESIAN_POINT('',(1.949466210857,11.943342134912));
#11174 = CARTESIAN_POINT('',(1.994860179113,12.064942677507));
#11175 = CARTESIAN_POINT('',(2.040842512819,12.18209526917));
#11176 = CARTESIAN_POINT('',(2.087738889936,12.290557657074));
#11177 = CARTESIAN_POINT('',(2.135728711906,12.384729562998));
#11178 = CARTESIAN_POINT('',(2.184859186386,12.457565059655));
#11179 = CARTESIAN_POINT('',(2.235039040012,12.5));
#11180 = CARTESIAN_POINT('',(2.285938534086,12.5));
#11181 = ( GEOMETRIC_REPRESENTATION_CONTEXT(2) 
PARAMETRIC_REPRESENTATION_CONTEXT() REPRESENTATION_CONTEXT('2D SPACE',''
  ) );
#11182 = ORIENTED_EDGE('',*,*,#10543,.T.);
#11183 = ORIENTED_EDGE('',*,*,#11184,.F.);
#11184 = EDGE_CURVE('',#10704,#10511,#11185,.T.);
#11185 = SURFACE_CURVE('',#11186,(#11191,#11197),.PCURVE_S1.);
#11186 = CIRCLE('',#11187,3.);
#11187 = AXIS2_PLACEMENT_3D('',#11188,#11189,#11190);
#11188 = CARTESIAN_POINT('',(37.26,77.55,17.));
#11189 = DIRECTION('',(1.,0.,-0.));
#11190 = DIRECTION('',(0.,1.,0.));
#11191 = PCURVE('',#10559,#11192);
#11192 = DEFINITIONAL_REPRESENTATION('',(#11193),#11196);
#11193 = B_SPLINE_CURVE_WITH_KNOTS('',1,(#11194,#11195),.UNSPECIFIED.,
  .F.,.F.,(2,2),(0.,1.570796326795),.PIECEWISE_BEZIER_KNOTS.);
#11194 = CARTESIAN_POINT('',(0.,14.));
#11195 = CARTESIAN_POINT('',(1.570796326795,14.));
#11196 = ( GEOMETRIC_REPRESENTATION_CONTEXT(2) 
PARAMETRIC_REPRESENTATION_CONTEXT() REPRESENTATION_CONTEXT('2D SPACE',''
  ) );
#11197 = PCURVE('',#10531,#11198);
#11198 = DEFINITIONAL_REPRESENTATION('',(#11199),#11202);
#11199 = B_SPLINE_CURVE_WITH_KNOTS('',1,(#11200,#11201),.UNSPECIFIED.,
  .F.,.F.,(2,2),(0.,1.570796326795),.PIECEWISE_BEZIER_KNOTS.);
#11200 = CARTESIAN_POINT('',(0.,0.));
#11201 = CARTESIAN_POINT('',(0.,1.570796326795));
#11202 = ( GEOMETRIC_REPRESENTATION_CONTEXT(2) 
PARAMETRIC_REPRESENTATION_CONTEXT() REPRESENTATION_CONTEXT('2D SPACE',''
  ) );
#11203 = ADVANCED_FACE('',(#11204),#10588,.F.);
#11204 = FACE_BOUND('',#11205,.F.);
#11205 = EDGE_LOOP('',(#11206,#11207,#11230,#11257,#11258,#11259));
#11206 = ORIENTED_EDGE('',*,*,#10571,.F.);
#11207 = ORIENTED_EDGE('',*,*,#11208,.F.);
#11208 = EDGE_CURVE('',#11209,#10572,#11211,.T.);
#11209 = VERTEX_POINT('',#11210);
#11210 = CARTESIAN_POINT('',(40.26,70.,7.5));
#11211 = SEAM_CURVE('',#11212,(#11216,#11223),.PCURVE_S1.);
#11212 = LINE('',#11213,#11214);
#11213 = CARTESIAN_POINT('',(40.26,70.,7.5));
#11214 = VECTOR('',#11215,1.);
#11215 = DIRECTION('',(0.,0.,1.));
#11216 = PCURVE('',#10588,#11217);
#11217 = DEFINITIONAL_REPRESENTATION('',(#11218),#11222);
#11218 = LINE('',#11219,#11220);
#11219 = CARTESIAN_POINT('',(6.28318530718,-0.));
#11220 = VECTOR('',#11221,1.);
#11221 = DIRECTION('',(0.,1.));
#11222 = ( GEOMETRIC_REPRESENTATION_CONTEXT(2) 
PARAMETRIC_REPRESENTATION_CONTEXT() REPRESENTATION_CONTEXT('2D SPACE',''
  ) );
#11223 = PCURVE('',#10588,#11224);
#11224 = DEFINITIONAL_REPRESENTATION('',(#11225),#11229);
#11225 = LINE('',#11226,#11227);
#11226 = CARTESIAN_POINT('',(0.,-0.));
#11227 = VECTOR('',#11228,1.);
#11228 = DIRECTION('',(0.,1.));
#11229 = ( GEOMETRIC_REPRESENTATION_CONTEXT(2) 
PARAMETRIC_REPRESENTATION_CONTEXT() REPRESENTATION_CONTEXT('2D SPACE',''
  ) );
#11230 = ORIENTED_EDGE('',*,*,#11231,.T.);
#11231 = EDGE_CURVE('',#11209,#11209,#11232,.T.);
#11232 = SURFACE_CURVE('',#11233,(#11238,#11245),.PCURVE_S1.);
#11233 = CIRCLE('',#11234,10.);
#11234 = AXIS2_PLACEMENT_3D('',#11235,#11236,#11237);
#11235 = CARTESIAN_POINT('',(30.26,70.,7.5));
#11236 = DIRECTION('',(0.,0.,1.));
#11237 = DIRECTION('',(1.,0.,-0.));
#11238 = PCURVE('',#10588,#11239);
#11239 = DEFINITIONAL_REPRESENTATION('',(#11240),#11244);
#11240 = LINE('',#11241,#11242);
#11241 = CARTESIAN_POINT('',(0.,0.));
#11242 = VECTOR('',#11243,1.);
#11243 = DIRECTION('',(1.,0.));
#11244 = ( GEOMETRIC_REPRESENTATION_CONTEXT(2) 
PARAMETRIC_REPRESENTATION_CONTEXT() REPRESENTATION_CONTEXT('2D SPACE',''
  ) );
#11245 = PCURVE('',#11246,#11251);
#11246 = PLANE('',#11247);
#11247 = AXIS2_PLACEMENT_3D('',#11248,#11249,#11250);
#11248 = CARTESIAN_POINT('',(30.26,70.,7.5));
#11249 = DIRECTION('',(0.,0.,1.));
#11250 = DIRECTION('',(1.,0.,-0.));
#11251 = DEFINITIONAL_REPRESENTATION('',(#11252),#11256);
#11252 = CIRCLE('',#11253,10.);
#11253 = AXIS2_PLACEMENT_2D('',#11254,#11255);
#11254 = CARTESIAN_POINT('',(0.,0.));
#11255 = DIRECTION('',(1.,0.));
#11256 = ( GEOMETRIC_REPRESENTATION_CONTEXT(2) 
PARAMETRIC_REPRESENTATION_CONTEXT() REPRESENTATION_CONTEXT('2D SPACE',''
  ) );
#11257 = ORIENTED_EDGE('',*,*,#11208,.T.);
#11258 = ORIENTED_EDGE('',*,*,#10600,.F.);
#11259 = ORIENTED_EDGE('',*,*,#11039,.F.);
#11260 = ADVANCED_FACE('',(#11261),#10531,.T.);
#11261 = FACE_BOUND('',#11262,.F.);
#11262 = EDGE_LOOP('',(#11263,#11264,#11288,#11308));
#11263 = ORIENTED_EDGE('',*,*,#11184,.F.);
#11264 = ORIENTED_EDGE('',*,*,#11265,.T.);
#11265 = EDGE_CURVE('',#10704,#11266,#11268,.T.);
#11266 = VERTEX_POINT('',#11267);
#11267 = CARTESIAN_POINT('',(46.26,71.55,17.));
#11268 = SURFACE_CURVE('',#11269,(#11274,#11281),.PCURVE_S1.);
#11269 = CIRCLE('',#11270,9.);
#11270 = AXIS2_PLACEMENT_3D('',#11271,#11272,#11273);
#11271 = CARTESIAN_POINT('',(37.26,71.55,17.));
#11272 = DIRECTION('',(0.,-0.,-1.));
#11273 = DIRECTION('',(2.960594732334E-16,1.,-0.));
#11274 = PCURVE('',#10531,#11275);
#11275 = DEFINITIONAL_REPRESENTATION('',(#11276),#11280);
#11276 = LINE('',#11277,#11278);
#11277 = CARTESIAN_POINT('',(-0.,0.));
#11278 = VECTOR('',#11279,1.);
#11279 = DIRECTION('',(-1.,0.));
#11280 = ( GEOMETRIC_REPRESENTATION_CONTEXT(2) 
PARAMETRIC_REPRESENTATION_CONTEXT() REPRESENTATION_CONTEXT('2D SPACE',''
  ) );
#11281 = PCURVE('',#10742,#11282);
#11282 = DEFINITIONAL_REPRESENTATION('',(#11283),#11287);
#11283 = LINE('',#11284,#11285);
#11284 = CARTESIAN_POINT('',(1.570796326795,31.));
#11285 = VECTOR('',#11286,1.);
#11286 = DIRECTION('',(-1.,-0.));
#11287 = ( GEOMETRIC_REPRESENTATION_CONTEXT(2) 
PARAMETRIC_REPRESENTATION_CONTEXT() REPRESENTATION_CONTEXT('2D SPACE',''
  ) );
#11288 = ORIENTED_EDGE('',*,*,#11289,.T.);
#11289 = EDGE_CURVE('',#11266,#10483,#11290,.T.);
#11290 = SURFACE_CURVE('',#11291,(#11296,#11302),.PCURVE_S1.);
#11291 = CIRCLE('',#11292,3.);
#11292 = AXIS2_PLACEMENT_3D('',#11293,#11294,#11295);
#11293 = CARTESIAN_POINT('',(43.26,71.55,17.));
#11294 = DIRECTION('',(-2.34827133276E-16,-1.,0.));
#11295 = DIRECTION('',(1.,-2.34827133276E-16,-0.));
#11296 = PCURVE('',#10531,#11297);
#11297 = DEFINITIONAL_REPRESENTATION('',(#11298),#11301);
#11298 = B_SPLINE_CURVE_WITH_KNOTS('',1,(#11299,#11300),.UNSPECIFIED.,
  .F.,.F.,(2,2),(0.,1.570796326795),.PIECEWISE_BEZIER_KNOTS.);
#11299 = CARTESIAN_POINT('',(-1.570796326795,0.));
#11300 = CARTESIAN_POINT('',(-1.570796326795,1.570796326795));
#11301 = ( GEOMETRIC_REPRESENTATION_CONTEXT(2) 
PARAMETRIC_REPRESENTATION_CONTEXT() REPRESENTATION_CONTEXT('2D SPACE',''
  ) );
#11302 = PCURVE('',#10498,#11303);
#11303 = DEFINITIONAL_REPRESENTATION('',(#11304),#11307);
#11304 = B_SPLINE_CURVE_WITH_KNOTS('',1,(#11305,#11306),.UNSPECIFIED.,
  .F.,.F.,(2,2),(0.,1.570796326795),.PIECEWISE_BEZIER_KNOTS.);
#11305 = CARTESIAN_POINT('',(0.,0.));
#11306 = CARTESIAN_POINT('',(1.570796326795,0.));
#11307 = ( GEOMETRIC_REPRESENTATION_CONTEXT(2) 
PARAMETRIC_REPRESENTATION_CONTEXT() REPRESENTATION_CONTEXT('2D SPACE',''
  ) );
#11308 = ORIENTED_EDGE('',*,*,#10510,.F.);
#11309 = ADVANCED_FACE('',(#11310),#10498,.T.);
#11310 = FACE_BOUND('',#11311,.T.);
#11311 = EDGE_LOOP('',(#11312,#11313,#11314,#11334));
#11312 = ORIENTED_EDGE('',*,*,#11289,.T.);
#11313 = ORIENTED_EDGE('',*,*,#10482,.T.);
#11314 = ORIENTED_EDGE('',*,*,#11315,.F.);
#11315 = EDGE_CURVE('',#10833,#10450,#11316,.T.);
#11316 = SURFACE_CURVE('',#11317,(#11322,#11328),.PCURVE_S1.);
#11317 = CIRCLE('',#11318,3.);
#11318 = AXIS2_PLACEMENT_3D('',#11319,#11320,#11321);
#11319 = CARTESIAN_POINT('',(43.26,57.55,17.));
#11320 = DIRECTION('',(0.,-1.,-0.));
#11321 = DIRECTION('',(1.,0.,0.));
#11322 = PCURVE('',#10498,#11323);
#11323 = DEFINITIONAL_REPRESENTATION('',(#11324),#11327);
#11324 = B_SPLINE_CURVE_WITH_KNOTS('',1,(#11325,#11326),.UNSPECIFIED.,
  .F.,.F.,(2,2),(0.,1.570796326795),.PIECEWISE_BEZIER_KNOTS.);
#11325 = CARTESIAN_POINT('',(0.,14.));
#11326 = CARTESIAN_POINT('',(1.570796326795,14.));
#11327 = ( GEOMETRIC_REPRESENTATION_CONTEXT(2) 
PARAMETRIC_REPRESENTATION_CONTEXT() REPRESENTATION_CONTEXT('2D SPACE',''
  ) );
#11328 = PCURVE('',#10470,#11329);
#11329 = DEFINITIONAL_REPRESENTATION('',(#11330),#11333);
#11330 = B_SPLINE_CURVE_WITH_KNOTS('',1,(#11331,#11332),.UNSPECIFIED.,
  .F.,.F.,(2,2),(0.,1.570796326795),.PIECEWISE_BEZIER_KNOTS.);
#11331 = CARTESIAN_POINT('',(0.,0.));
#11332 = CARTESIAN_POINT('',(0.,1.570796326795));
#11333 = ( GEOMETRIC_REPRESENTATION_CONTEXT(2) 
PARAMETRIC_REPRESENTATION_CONTEXT() REPRESENTATION_CONTEXT('2D SPACE',''
  ) );
#11334 = ORIENTED_EDGE('',*,*,#11335,.F.);
#11335 = EDGE_CURVE('',#11266,#10833,#11336,.T.);
#11336 = SURFACE_CURVE('',#11337,(#11341,#11348),.PCURVE_S1.);
#11337 = LINE('',#11338,#11339);
#11338 = CARTESIAN_POINT('',(46.26,71.55,17.));
#11339 = VECTOR('',#11340,1.);
#11340 = DIRECTION('',(0.,-1.,-0.));
#11341 = PCURVE('',#10498,#11342);
#11342 = DEFINITIONAL_REPRESENTATION('',(#11343),#11347);
#11343 = LINE('',#11344,#11345);
#11344 = CARTESIAN_POINT('',(0.,0.));
#11345 = VECTOR('',#11346,1.);
#11346 = DIRECTION('',(0.,1.));
#11347 = ( GEOMETRIC_REPRESENTATION_CONTEXT(2) 
PARAMETRIC_REPRESENTATION_CONTEXT() REPRESENTATION_CONTEXT('2D SPACE',''
  ) );
#11348 = PCURVE('',#10848,#11349);
#11349 = DEFINITIONAL_REPRESENTATION('',(#11350),#11354);
#11350 = LINE('',#11351,#11352);
#11351 = CARTESIAN_POINT('',(31.,-23.));
#11352 = VECTOR('',#11353,1.);
#11353 = DIRECTION('',(0.,1.));
#11354 = ( GEOMETRIC_REPRESENTATION_CONTEXT(2) 
PARAMETRIC_REPRESENTATION_CONTEXT() REPRESENTATION_CONTEXT('2D SPACE',''
  ) );
#11355 = ADVANCED_FACE('',(#11356),#10470,.T.);
#11356 = FACE_BOUND('',#11357,.F.);
#11357 = EDGE_LOOP('',(#11358,#11359,#11360,#11361));
#11358 = ORIENTED_EDGE('',*,*,#11315,.F.);
#11359 = ORIENTED_EDGE('',*,*,#10883,.T.);
#11360 = ORIENTED_EDGE('',*,*,#10804,.T.);
#11361 = ORIENTED_EDGE('',*,*,#10449,.F.);
#11362 = ADVANCED_FACE('',(#11363),#10742,.T.);
#11363 = FACE_BOUND('',#11364,.T.);
#11364 = EDGE_LOOP('',(#11365,#11386,#11387,#11388));
#11365 = ORIENTED_EDGE('',*,*,#11366,.F.);
#11366 = EDGE_CURVE('',#10962,#11266,#11367,.T.);
#11367 = SURFACE_CURVE('',#11368,(#11372,#11379),.PCURVE_S1.);
#11368 = LINE('',#11369,#11370);
#11369 = CARTESIAN_POINT('',(46.26,71.55,-14.));
#11370 = VECTOR('',#11371,1.);
#11371 = DIRECTION('',(0.,0.,1.));
#11372 = PCURVE('',#10742,#11373);
#11373 = DEFINITIONAL_REPRESENTATION('',(#11374),#11378);
#11374 = LINE('',#11375,#11376);
#11375 = CARTESIAN_POINT('',(0.,0.));
#11376 = VECTOR('',#11377,1.);
#11377 = DIRECTION('',(0.,1.));
#11378 = ( GEOMETRIC_REPRESENTATION_CONTEXT(2) 
PARAMETRIC_REPRESENTATION_CONTEXT() REPRESENTATION_CONTEXT('2D SPACE',''
  ) );
#11379 = PCURVE('',#10848,#11380);
#11380 = DEFINITIONAL_REPRESENTATION('',(#11381),#11385);
#11381 = LINE('',#11382,#11383);
#11382 = CARTESIAN_POINT('',(0.,-23.));
#11383 = VECTOR('',#11384,1.);
#11384 = DIRECTION('',(1.,0.));
#11385 = ( GEOMETRIC_REPRESENTATION_CONTEXT(2) 
PARAMETRIC_REPRESENTATION_CONTEXT() REPRESENTATION_CONTEXT('2D SPACE',''
  ) );
#11386 = ORIENTED_EDGE('',*,*,#10961,.F.);
#11387 = ORIENTED_EDGE('',*,*,#10726,.T.);
#11388 = ORIENTED_EDGE('',*,*,#11265,.T.);
#11389 = ADVANCED_FACE('',(#11390),#10848,.T.);
#11390 = FACE_BOUND('',#11391,.T.);
#11391 = EDGE_LOOP('',(#11392,#11393,#11394,#11395));
#11392 = ORIENTED_EDGE('',*,*,#10830,.F.);
#11393 = ORIENTED_EDGE('',*,*,#11012,.F.);
#11394 = ORIENTED_EDGE('',*,*,#11366,.T.);
#11395 = ORIENTED_EDGE('',*,*,#11335,.T.);
#11396 = ADVANCED_FACE('',(#11397),#11246,.T.);
#11397 = FACE_BOUND('',#11398,.F.);
#11398 = EDGE_LOOP('',(#11399));
#11399 = ORIENTED_EDGE('',*,*,#11231,.F.);
#11400 = ( GEOMETRIC_REPRESENTATION_CONTEXT(3) 
GLOBAL_UNCERTAINTY_ASSIGNED_CONTEXT((#11404)) 
GLOBAL_UNIT_ASSIGNED_CONTEXT((#11401,#11402,#11403)) 
REPRESENTATION_CONTEXT('Context #1',
  '3D Context with UNIT and UNCERTAINTY') );
#11401 = ( LENGTH_UNIT() NAMED_UNIT(*) SI_UNIT(.MILLI.,.METRE.) );
#11402 = ( NAMED_UNIT(*) PLANE_ANGLE_UNIT() SI_UNIT($,.RADIAN.) );
#11403 = ( NAMED_UNIT(*) SI_UNIT($,.STERADIAN.) SOLID_ANGLE_UNIT() );
#11404 = UNCERTAINTY_MEASURE_WITH_UNIT(LENGTH_MEASURE(1.E-07),#11401,
  'distance_accuracy_value','confusion accuracy');
#11405 = CONTEXT_DEPENDENT_SHAPE_REPRESENTATION(#11406,#11408);
#11406 = ( REPRESENTATION_RELATIONSHIP('','',#9579,#10) 
REPRESENTATION_RELATIONSHIP_WITH_TRANSFORMATION(#11407) 
SHAPE_REPRESENTATION_RELATIONSHIP() );
#11407 = ITEM_DEFINED_TRANSFORMATION('','',#11,#39);
#11408 = PRODUCT_DEFINITION_SHAPE('Placement','Placement of an item',
  #11409);
#11409 = NEXT_ASSEMBLY_USAGE_OCCURRENCE('7','CORNER_CAMERA_BLOCK','',#5,
  #9574,$);
#11410 = PRODUCT_RELATED_PRODUCT_CATEGORY('part',$,(#9576));
#11411 = SHAPE_DEFINITION_REPRESENTATION(#11412,#11418);
#11412 = PRODUCT_DEFINITION_SHAPE('','',#11413);
#11413 = PRODUCT_DEFINITION('design','',#11414,#11417);
#11414 = PRODUCT_DEFINITION_FORMATION('','',#11415);
#11415 = PRODUCT('CAMERA_LENS','CAMERA_LENS','',(#11416));
#11416 = PRODUCT_CONTEXT('',#2,'mechanical');
#11417 = PRODUCT_DEFINITION_CONTEXT('part definition',#2,'design');
#11418 = ADVANCED_BREP_SHAPE_REPRESENTATION('',(#11,#11419),#11517);
#11419 = MANIFOLD_SOLID_BREP('',#11420);
#11420 = CLOSED_SHELL('',(#11421,#11509,#11513));
#11421 = ADVANCED_FACE('',(#11422),#11435,.T.);
#11422 = FACE_BOUND('',#11423,.T.);
#11423 = EDGE_LOOP('',(#11424,#11458,#11481,#11508));
#11424 = ORIENTED_EDGE('',*,*,#11425,.F.);
#11425 = EDGE_CURVE('',#11426,#11426,#11428,.T.);
#11426 = VERTEX_POINT('',#11427);
#11427 = CARTESIAN_POINT('',(6.,-1.469576158977E-15,4.5));
#11428 = SURFACE_CURVE('',#11429,(#11434,#11446),.PCURVE_S1.);
#11429 = CIRCLE('',#11430,6.);
#11430 = AXIS2_PLACEMENT_3D('',#11431,#11432,#11433);
#11431 = CARTESIAN_POINT('',(0.,0.,4.5));
#11432 = DIRECTION('',(0.,0.,1.));
#11433 = DIRECTION('',(1.,0.,-0.));
#11434 = PCURVE('',#11435,#11440);
#11435 = CYLINDRICAL_SURFACE('',#11436,6.);
#11436 = AXIS2_PLACEMENT_3D('',#11437,#11438,#11439);
#11437 = CARTESIAN_POINT('',(0.,0.,-4.5));
#11438 = DIRECTION('',(0.,0.,1.));
#11439 = DIRECTION('',(1.,0.,-0.));
#11440 = DEFINITIONAL_REPRESENTATION('',(#11441),#11445);
#11441 = LINE('',#11442,#11443);
#11442 = CARTESIAN_POINT('',(0.,9.));
#11443 = VECTOR('',#11444,1.);
#11444 = DIRECTION('',(1.,0.));
#11445 = ( GEOMETRIC_REPRESENTATION_CONTEXT(2) 
PARAMETRIC_REPRESENTATION_CONTEXT() REPRESENTATION_CONTEXT('2D SPACE',''
  ) );
#11446 = PCURVE('',#11447,#11452);
#11447 = PLANE('',#11448);
#11448 = AXIS2_PLACEMENT_3D('',#11449,#11450,#11451);
#11449 = CARTESIAN_POINT('',(0.,0.,4.5));
#11450 = DIRECTION('',(0.,0.,1.));
#11451 = DIRECTION('',(1.,0.,-0.));
#11452 = DEFINITIONAL_REPRESENTATION('',(#11453),#11457);
#11453 = CIRCLE('',#11454,6.);
#11454 = AXIS2_PLACEMENT_2D('',#11455,#11456);
#11455 = CARTESIAN_POINT('',(0.,0.));
#11456 = DIRECTION('',(1.,0.));
#11457 = ( GEOMETRIC_REPRESENTATION_CONTEXT(2) 
PARAMETRIC_REPRESENTATION_CONTEXT() REPRESENTATION_CONTEXT('2D SPACE',''
  ) );
#11458 = ORIENTED_EDGE('',*,*,#11459,.F.);
#11459 = EDGE_CURVE('',#11460,#11426,#11462,.T.);
#11460 = VERTEX_POINT('',#11461);
#11461 = CARTESIAN_POINT('',(6.,-1.469576158977E-15,-4.5));
#11462 = SEAM_CURVE('',#11463,(#11467,#11474),.PCURVE_S1.);
#11463 = LINE('',#11464,#11465);
#11464 = CARTESIAN_POINT('',(6.,-1.469576158977E-15,-4.5));
#11465 = VECTOR('',#11466,1.);
#11466 = DIRECTION('',(0.,0.,1.));
#11467 = PCURVE('',#11435,#11468);
#11468 = DEFINITIONAL_REPRESENTATION('',(#11469),#11473);
#11469 = LINE('',#11470,#11471);
#11470 = CARTESIAN_POINT('',(6.28318530718,-0.));
#11471 = VECTOR('',#11472,1.);
#11472 = DIRECTION('',(0.,1.));
#11473 = ( GEOMETRIC_REPRESENTATION_CONTEXT(2) 
PARAMETRIC_REPRESENTATION_CONTEXT() REPRESENTATION_CONTEXT('2D SPACE',''
  ) );
#11474 = PCURVE('',#11435,#11475);
#11475 = DEFINITIONAL_REPRESENTATION('',(#11476),#11480);
#11476 = LINE('',#11477,#11478);
#11477 = CARTESIAN_POINT('',(0.,-0.));
#11478 = VECTOR('',#11479,1.);
#11479 = DIRECTION('',(0.,1.));
#11480 = ( GEOMETRIC_REPRESENTATION_CONTEXT(2) 
PARAMETRIC_REPRESENTATION_CONTEXT() REPRESENTATION_CONTEXT('2D SPACE',''
  ) );
#11481 = ORIENTED_EDGE('',*,*,#11482,.T.);
#11482 = EDGE_CURVE('',#11460,#11460,#11483,.T.);
#11483 = SURFACE_CURVE('',#11484,(#11489,#11496),.PCURVE_S1.);
#11484 = CIRCLE('',#11485,6.);
#11485 = AXIS2_PLACEMENT_3D('',#11486,#11487,#11488);
#11486 = CARTESIAN_POINT('',(0.,0.,-4.5));
#11487 = DIRECTION('',(0.,0.,1.));
#11488 = DIRECTION('',(1.,0.,-0.));
#11489 = PCURVE('',#11435,#11490);
#11490 = DEFINITIONAL_REPRESENTATION('',(#11491),#11495);
#11491 = LINE('',#11492,#11493);
#11492 = CARTESIAN_POINT('',(0.,0.));
#11493 = VECTOR('',#11494,1.);
#11494 = DIRECTION('',(1.,0.));
#11495 = ( GEOMETRIC_REPRESENTATION_CONTEXT(2) 
PARAMETRIC_REPRESENTATION_CONTEXT() REPRESENTATION_CONTEXT('2D SPACE',''
  ) );
#11496 = PCURVE('',#11497,#11502);
#11497 = PLANE('',#11498);
#11498 = AXIS2_PLACEMENT_3D('',#11499,#11500,#11501);
#11499 = CARTESIAN_POINT('',(0.,0.,-4.5));
#11500 = DIRECTION('',(0.,0.,1.));
#11501 = DIRECTION('',(1.,0.,-0.));
#11502 = DEFINITIONAL_REPRESENTATION('',(#11503),#11507);
#11503 = CIRCLE('',#11504,6.);
#11504 = AXIS2_PLACEMENT_2D('',#11505,#11506);
#11505 = CARTESIAN_POINT('',(0.,0.));
#11506 = DIRECTION('',(1.,0.));
#11507 = ( GEOMETRIC_REPRESENTATION_CONTEXT(2) 
PARAMETRIC_REPRESENTATION_CONTEXT() REPRESENTATION_CONTEXT('2D SPACE',''
  ) );
#11508 = ORIENTED_EDGE('',*,*,#11459,.T.);
#11509 = ADVANCED_FACE('',(#11510),#11447,.T.);
#11510 = FACE_BOUND('',#11511,.T.);
#11511 = EDGE_LOOP('',(#11512));
#11512 = ORIENTED_EDGE('',*,*,#11425,.T.);
#11513 = ADVANCED_FACE('',(#11514),#11497,.F.);
#11514 = FACE_BOUND('',#11515,.T.);
#11515 = EDGE_LOOP('',(#11516));
#11516 = ORIENTED_EDGE('',*,*,#11482,.F.);
#11517 = ( GEOMETRIC_REPRESENTATION_CONTEXT(3) 
GLOBAL_UNCERTAINTY_ASSIGNED_CONTEXT((#11521)) 
GLOBAL_UNIT_ASSIGNED_CONTEXT((#11518,#11519,#11520)) 
REPRESENTATION_CONTEXT('Context #1',
  '3D Context with UNIT and UNCERTAINTY') );
#11518 = ( LENGTH_UNIT() NAMED_UNIT(*) SI_UNIT(.MILLI.,.METRE.) );
#11519 = ( NAMED_UNIT(*) PLANE_ANGLE_UNIT() SI_UNIT($,.RADIAN.) );
#11520 = ( NAMED_UNIT(*) SI_UNIT($,.STERADIAN.) SOLID_ANGLE_UNIT() );
#11521 = UNCERTAINTY_MEASURE_WITH_UNIT(LENGTH_MEASURE(1.E-07),#11518,
  'distance_accuracy_value','confusion accuracy');
#11522 = CONTEXT_DEPENDENT_SHAPE_REPRESENTATION(#11523,#11525);
#11523 = ( REPRESENTATION_RELATIONSHIP('','',#11418,#10) 
REPRESENTATION_RELATIONSHIP_WITH_TRANSFORMATION(#11524) 
SHAPE_REPRESENTATION_RELATIONSHIP() );
#11524 = ITEM_DEFINED_TRANSFORMATION('','',#11,#43);
#11525 = PRODUCT_DEFINITION_SHAPE('Placement','Placement of an item',
  #11526);
#11526 = NEXT_ASSEMBLY_USAGE_OCCURRENCE('8','CAMERA_LENS','',#5,#11413,$
  );
#11527 = PRODUCT_RELATED_PRODUCT_CATEGORY('part',$,(#11415));
#11528 = SHAPE_DEFINITION_REPRESENTATION(#11529,#11535);
#11529 = PRODUCT_DEFINITION_SHAPE('','',#11530);
#11530 = PRODUCT_DEFINITION('design','',#11531,#11534);
#11531 = PRODUCT_DEFINITION_FORMATION('','',#11532);
#11532 = PRODUCT('CAMERA_ENVELOPE','CAMERA_ENVELOPE','',(#11533));
#11533 = PRODUCT_CONTEXT('',#2,'mechanical');
#11534 = PRODUCT_DEFINITION_CONTEXT('part definition',#2,'design');
#11535 = ADVANCED_BREP_SHAPE_REPRESENTATION('',(#11,#11536),#11866);
#11536 = MANIFOLD_SOLID_BREP('',#11537);
#11537 = CLOSED_SHELL('',(#11538,#11658,#11758,#11805,#11852,#11859));
#11538 = ADVANCED_FACE('',(#11539),#11553,.F.);
#11539 = FACE_BOUND('',#11540,.F.);
#11540 = EDGE_LOOP('',(#11541,#11576,#11604,#11632));
#11541 = ORIENTED_EDGE('',*,*,#11542,.F.);
#11542 = EDGE_CURVE('',#11543,#11545,#11547,.T.);
#11543 = VERTEX_POINT('',#11544);
#11544 = CARTESIAN_POINT('',(-12.5,-12.5,-5.));
#11545 = VERTEX_POINT('',#11546);
#11546 = CARTESIAN_POINT('',(-12.5,-12.5,5.));
#11547 = SURFACE_CURVE('',#11548,(#11552,#11564),.PCURVE_S1.);
#11548 = LINE('',#11549,#11550);
#11549 = CARTESIAN_POINT('',(-12.5,-12.5,-5.));
#11550 = VECTOR('',#11551,1.);
#11551 = DIRECTION('',(0.,0.,1.));
#11552 = PCURVE('',#11553,#11558);
#11553 = PLANE('',#11554);
#11554 = AXIS2_PLACEMENT_3D('',#11555,#11556,#11557);
#11555 = CARTESIAN_POINT('',(-12.5,-12.5,-5.));
#11556 = DIRECTION('',(1.,0.,-0.));
#11557 = DIRECTION('',(0.,0.,1.));
#11558 = DEFINITIONAL_REPRESENTATION('',(#11559),#11563);
#11559 = LINE('',#11560,#11561);
#11560 = CARTESIAN_POINT('',(0.,0.));
#11561 = VECTOR('',#11562,1.);
#11562 = DIRECTION('',(1.,0.));
#11563 = ( GEOMETRIC_REPRESENTATION_CONTEXT(2) 
PARAMETRIC_REPRESENTATION_CONTEXT() REPRESENTATION_CONTEXT('2D SPACE',''
  ) );
#11564 = PCURVE('',#11565,#11570);
#11565 = PLANE('',#11566);
#11566 = AXIS2_PLACEMENT_3D('',#11567,#11568,#11569);
#11567 = CARTESIAN_POINT('',(-12.5,-12.5,-5.));
#11568 = DIRECTION('',(-0.,1.,0.));
#11569 = DIRECTION('',(0.,0.,1.));
#11570 = DEFINITIONAL_REPRESENTATION('',(#11571),#11575);
#11571 = LINE('',#11572,#11573);
#11572 = CARTESIAN_POINT('',(0.,0.));
#11573 = VECTOR('',#11574,1.);
#11574 = DIRECTION('',(1.,0.));
#11575 = ( GEOMETRIC_REPRESENTATION_CONTEXT(2) 
PARAMETRIC_REPRESENTATION_CONTEXT() REPRESENTATION_CONTEXT('2D SPACE',''
  ) );
#11576 = ORIENTED_EDGE('',*,*,#11577,.T.);
#11577 = EDGE_CURVE('',#11543,#11578,#11580,.T.);
#11578 = VERTEX_POINT('',#11579);
#11579 = CARTESIAN_POINT('',(-12.5,12.5,-5.));
#11580 = SURFACE_CURVE('',#11581,(#11585,#11592),.PCURVE_S1.);
#11581 = LINE('',#11582,#11583);
#11582 = CARTESIAN_POINT('',(-12.5,-12.5,-5.));
#11583 = VECTOR('',#11584,1.);
#11584 = DIRECTION('',(-0.,1.,0.));
#11585 = PCURVE('',#11553,#11586);
#11586 = DEFINITIONAL_REPRESENTATION('',(#11587),#11591);
#11587 = LINE('',#11588,#11589);
#11588 = CARTESIAN_POINT('',(0.,0.));
#11589 = VECTOR('',#11590,1.);
#11590 = DIRECTION('',(0.,-1.));
#11591 = ( GEOMETRIC_REPRESENTATION_CONTEXT(2) 
PARAMETRIC_REPRESENTATION_CONTEXT() REPRESENTATION_CONTEXT('2D SPACE',''
  ) );
#11592 = PCURVE('',#11593,#11598);
#11593 = PLANE('',#11594);
#11594 = AXIS2_PLACEMENT_3D('',#11595,#11596,#11597);
#11595 = CARTESIAN_POINT('',(-12.5,-12.5,-5.));
#11596 = DIRECTION('',(0.,0.,1.));
#11597 = DIRECTION('',(1.,0.,-0.));
#11598 = DEFINITIONAL_REPRESENTATION('',(#11599),#11603);
#11599 = LINE('',#11600,#11601);
#11600 = CARTESIAN_POINT('',(0.,0.));
#11601 = VECTOR('',#11602,1.);
#11602 = DIRECTION('',(0.,1.));
#11603 = ( GEOMETRIC_REPRESENTATION_CONTEXT(2) 
PARAMETRIC_REPRESENTATION_CONTEXT() REPRESENTATION_CONTEXT('2D SPACE',''
  ) );
#11604 = ORIENTED_EDGE('',*,*,#11605,.T.);
#11605 = EDGE_CURVE('',#11578,#11606,#11608,.T.);
#11606 = VERTEX_POINT('',#11607);
#11607 = CARTESIAN_POINT('',(-12.5,12.5,5.));
#11608 = SURFACE_CURVE('',#11609,(#11613,#11620),.PCURVE_S1.);
#11609 = LINE('',#11610,#11611);
#11610 = CARTESIAN_POINT('',(-12.5,12.5,-5.));
#11611 = VECTOR('',#11612,1.);
#11612 = DIRECTION('',(0.,0.,1.));
#11613 = PCURVE('',#11553,#11614);
#11614 = DEFINITIONAL_REPRESENTATION('',(#11615),#11619);
#11615 = LINE('',#11616,#11617);
#11616 = CARTESIAN_POINT('',(0.,-25.));
#11617 = VECTOR('',#11618,1.);
#11618 = DIRECTION('',(1.,0.));
#11619 = ( GEOMETRIC_REPRESENTATION_CONTEXT(2) 
PARAMETRIC_REPRESENTATION_CONTEXT() REPRESENTATION_CONTEXT('2D SPACE',''
  ) );
#11620 = PCURVE('',#11621,#11626);
#11621 = PLANE('',#11622);
#11622 = AXIS2_PLACEMENT_3D('',#11623,#11624,#11625);
#11623 = CARTESIAN_POINT('',(-12.5,12.5,-5.));
#11624 = DIRECTION('',(-0.,1.,0.));
#11625 = DIRECTION('',(0.,0.,1.));
#11626 = DEFINITIONAL_REPRESENTATION('',(#11627),#11631);
#11627 = LINE('',#11628,#11629);
#11628 = CARTESIAN_POINT('',(0.,0.));
#11629 = VECTOR('',#11630,1.);
#11630 = DIRECTION('',(1.,0.));
#11631 = ( GEOMETRIC_REPRESENTATION_CONTEXT(2) 
PARAMETRIC_REPRESENTATION_CONTEXT() REPRESENTATION_CONTEXT('2D SPACE',''
  ) );
#11632 = ORIENTED_EDGE('',*,*,#11633,.F.);
#11633 = EDGE_CURVE('',#11545,#11606,#11634,.T.);
#11634 = SURFACE_CURVE('',#11635,(#11639,#11646),.PCURVE_S1.);
#11635 = LINE('',#11636,#11637);
#11636 = CARTESIAN_POINT('',(-12.5,-12.5,5.));
#11637 = VECTOR('',#11638,1.);
#11638 = DIRECTION('',(-0.,1.,0.));
#11639 = PCURVE('',#11553,#11640);
#11640 = DEFINITIONAL_REPRESENTATION('',(#11641),#11645);
#11641 = LINE('',#11642,#11643);
#11642 = CARTESIAN_POINT('',(10.,0.));
#11643 = VECTOR('',#11644,1.);
#11644 = DIRECTION('',(0.,-1.));
#11645 = ( GEOMETRIC_REPRESENTATION_CONTEXT(2) 
PARAMETRIC_REPRESENTATION_CONTEXT() REPRESENTATION_CONTEXT('2D SPACE',''
  ) );
#11646 = PCURVE('',#11647,#11652);
#11647 = PLANE('',#11648);
#11648 = AXIS2_PLACEMENT_3D('',#11649,#11650,#11651);
#11649 = CARTESIAN_POINT('',(-12.5,-12.5,5.));
#11650 = DIRECTION('',(0.,0.,1.));
#11651 = DIRECTION('',(1.,0.,-0.));
#11652 = DEFINITIONAL_REPRESENTATION('',(#11653),#11657);
#11653 = LINE('',#11654,#11655);
#11654 = CARTESIAN_POINT('',(0.,0.));
#11655 = VECTOR('',#11656,1.);
#11656 = DIRECTION('',(0.,1.));
#11657 = ( GEOMETRIC_REPRESENTATION_CONTEXT(2) 
PARAMETRIC_REPRESENTATION_CONTEXT() REPRESENTATION_CONTEXT('2D SPACE',''
  ) );
#11658 = ADVANCED_FACE('',(#11659),#11673,.T.);
#11659 = FACE_BOUND('',#11660,.T.);
#11660 = EDGE_LOOP('',(#11661,#11691,#11714,#11737));
#11661 = ORIENTED_EDGE('',*,*,#11662,.F.);
#11662 = EDGE_CURVE('',#11663,#11665,#11667,.T.);
#11663 = VERTEX_POINT('',#11664);
#11664 = CARTESIAN_POINT('',(12.5,-12.5,-5.));
#11665 = VERTEX_POINT('',#11666);
#11666 = CARTESIAN_POINT('',(12.5,-12.5,5.));
#11667 = SURFACE_CURVE('',#11668,(#11672,#11684),.PCURVE_S1.);
#11668 = LINE('',#11669,#11670);
#11669 = CARTESIAN_POINT('',(12.5,-12.5,-5.));
#11670 = VECTOR('',#11671,1.);
#11671 = DIRECTION('',(0.,0.,1.));
#11672 = PCURVE('',#11673,#11678);
#11673 = PLANE('',#11674);
#11674 = AXIS2_PLACEMENT_3D('',#11675,#11676,#11677);
#11675 = CARTESIAN_POINT('',(12.5,-12.5,-5.));
#11676 = DIRECTION('',(1.,0.,-0.));
#11677 = DIRECTION('',(0.,0.,1.));
#11678 = DEFINITIONAL_REPRESENTATION('',(#11679),#11683);
#11679 = LINE('',#11680,#11681);
#11680 = CARTESIAN_POINT('',(0.,0.));
#11681 = VECTOR('',#11682,1.);
#11682 = DIRECTION('',(1.,0.));
#11683 = ( GEOMETRIC_REPRESENTATION_CONTEXT(2) 
PARAMETRIC_REPRESENTATION_CONTEXT() REPRESENTATION_CONTEXT('2D SPACE',''
  ) );
#11684 = PCURVE('',#11565,#11685);
#11685 = DEFINITIONAL_REPRESENTATION('',(#11686),#11690);
#11686 = LINE('',#11687,#11688);
#11687 = CARTESIAN_POINT('',(0.,25.));
#11688 = VECTOR('',#11689,1.);
#11689 = DIRECTION('',(1.,0.));
#11690 = ( GEOMETRIC_REPRESENTATION_CONTEXT(2) 
PARAMETRIC_REPRESENTATION_CONTEXT() REPRESENTATION_CONTEXT('2D SPACE',''
  ) );
#11691 = ORIENTED_EDGE('',*,*,#11692,.T.);
#11692 = EDGE_CURVE('',#11663,#11693,#11695,.T.);
#11693 = VERTEX_POINT('',#11694);
#11694 = CARTESIAN_POINT('',(12.5,12.5,-5.));
#11695 = SURFACE_CURVE('',#11696,(#11700,#11707),.PCURVE_S1.);
#11696 = LINE('',#11697,#11698);
#11697 = CARTESIAN_POINT('',(12.5,-12.5,-5.));
#11698 = VECTOR('',#11699,1.);
#11699 = DIRECTION('',(-0.,1.,0.));
#11700 = PCURVE('',#11673,#11701);
#11701 = DEFINITIONAL_REPRESENTATION('',(#11702),#11706);
#11702 = LINE('',#11703,#11704);
#11703 = CARTESIAN_POINT('',(0.,0.));
#11704 = VECTOR('',#11705,1.);
#11705 = DIRECTION('',(0.,-1.));
#11706 = ( GEOMETRIC_REPRESENTATION_CONTEXT(2) 
PARAMETRIC_REPRESENTATION_CONTEXT() REPRESENTATION_CONTEXT('2D SPACE',''
  ) );
#11707 = PCURVE('',#11593,#11708);
#11708 = DEFINITIONAL_REPRESENTATION('',(#11709),#11713);
#11709 = LINE('',#11710,#11711);
#11710 = CARTESIAN_POINT('',(25.,0.));
#11711 = VECTOR('',#11712,1.);
#11712 = DIRECTION('',(0.,1.));
#11713 = ( GEOMETRIC_REPRESENTATION_CONTEXT(2) 
PARAMETRIC_REPRESENTATION_CONTEXT() REPRESENTATION_CONTEXT('2D SPACE',''
  ) );
#11714 = ORIENTED_EDGE('',*,*,#11715,.T.);
#11715 = EDGE_CURVE('',#11693,#11716,#11718,.T.);
#11716 = VERTEX_POINT('',#11717);
#11717 = CARTESIAN_POINT('',(12.5,12.5,5.));
#11718 = SURFACE_CURVE('',#11719,(#11723,#11730),.PCURVE_S1.);
#11719 = LINE('',#11720,#11721);
#11720 = CARTESIAN_POINT('',(12.5,12.5,-5.));
#11721 = VECTOR('',#11722,1.);
#11722 = DIRECTION('',(0.,0.,1.));
#11723 = PCURVE('',#11673,#11724);
#11724 = DEFINITIONAL_REPRESENTATION('',(#11725),#11729);
#11725 = LINE('',#11726,#11727);
#11726 = CARTESIAN_POINT('',(0.,-25.));
#11727 = VECTOR('',#11728,1.);
#11728 = DIRECTION('',(1.,0.));
#11729 = ( GEOMETRIC_REPRESENTATION_CONTEXT(2) 
PARAMETRIC_REPRESENTATION_CONTEXT() REPRESENTATION_CONTEXT('2D SPACE',''
  ) );
#11730 = PCURVE('',#11621,#11731);
#11731 = DEFINITIONAL_REPRESENTATION('',(#11732),#11736);
#11732 = LINE('',#11733,#11734);
#11733 = CARTESIAN_POINT('',(0.,25.));
#11734 = VECTOR('',#11735,1.);
#11735 = DIRECTION('',(1.,0.));
#11736 = ( GEOMETRIC_REPRESENTATION_CONTEXT(2) 
PARAMETRIC_REPRESENTATION_CONTEXT() REPRESENTATION_CONTEXT('2D SPACE',''
  ) );
#11737 = ORIENTED_EDGE('',*,*,#11738,.F.);
#11738 = EDGE_CURVE('',#11665,#11716,#11739,.T.);
#11739 = SURFACE_CURVE('',#11740,(#11744,#11751),.PCURVE_S1.);
#11740 = LINE('',#11741,#11742);
#11741 = CARTESIAN_POINT('',(12.5,-12.5,5.));
#11742 = VECTOR('',#11743,1.);
#11743 = DIRECTION('',(-0.,1.,0.));
#11744 = PCURVE('',#11673,#11745);
#11745 = DEFINITIONAL_REPRESENTATION('',(#11746),#11750);
#11746 = LINE('',#11747,#11748);
#11747 = CARTESIAN_POINT('',(10.,0.));
#11748 = VECTOR('',#11749,1.);
#11749 = DIRECTION('',(0.,-1.));
#11750 = ( GEOMETRIC_REPRESENTATION_CONTEXT(2) 
PARAMETRIC_REPRESENTATION_CONTEXT() REPRESENTATION_CONTEXT('2D SPACE',''
  ) );
#11751 = PCURVE('',#11647,#11752);
#11752 = DEFINITIONAL_REPRESENTATION('',(#11753),#11757);
#11753 = LINE('',#11754,#11755);
#11754 = CARTESIAN_POINT('',(25.,0.));
#11755 = VECTOR('',#11756,1.);
#11756 = DIRECTION('',(0.,1.));
#11757 = ( GEOMETRIC_REPRESENTATION_CONTEXT(2) 
PARAMETRIC_REPRESENTATION_CONTEXT() REPRESENTATION_CONTEXT('2D SPACE',''
  ) );
#11758 = ADVANCED_FACE('',(#11759),#11565,.F.);
#11759 = FACE_BOUND('',#11760,.F.);
#11760 = EDGE_LOOP('',(#11761,#11782,#11783,#11804));
#11761 = ORIENTED_EDGE('',*,*,#11762,.F.);
#11762 = EDGE_CURVE('',#11543,#11663,#11763,.T.);
#11763 = SURFACE_CURVE('',#11764,(#11768,#11775),.PCURVE_S1.);
#11764 = LINE('',#11765,#11766);
#11765 = CARTESIAN_POINT('',(-12.5,-12.5,-5.));
#11766 = VECTOR('',#11767,1.);
#11767 = DIRECTION('',(1.,0.,-0.));
#11768 = PCURVE('',#11565,#11769);
#11769 = DEFINITIONAL_REPRESENTATION('',(#11770),#11774);
#11770 = LINE('',#11771,#11772);
#11771 = CARTESIAN_POINT('',(0.,0.));
#11772 = VECTOR('',#11773,1.);
#11773 = DIRECTION('',(0.,1.));
#11774 = ( GEOMETRIC_REPRESENTATION_CONTEXT(2) 
PARAMETRIC_REPRESENTATION_CONTEXT() REPRESENTATION_CONTEXT('2D SPACE',''
  ) );
#11775 = PCURVE('',#11593,#11776);
#11776 = DEFINITIONAL_REPRESENTATION('',(#11777),#11781);
#11777 = LINE('',#11778,#11779);
#11778 = CARTESIAN_POINT('',(0.,0.));
#11779 = VECTOR('',#11780,1.);
#11780 = DIRECTION('',(1.,0.));
#11781 = ( GEOMETRIC_REPRESENTATION_CONTEXT(2) 
PARAMETRIC_REPRESENTATION_CONTEXT() REPRESENTATION_CONTEXT('2D SPACE',''
  ) );
#11782 = ORIENTED_EDGE('',*,*,#11542,.T.);
#11783 = ORIENTED_EDGE('',*,*,#11784,.T.);
#11784 = EDGE_CURVE('',#11545,#11665,#11785,.T.);
#11785 = SURFACE_CURVE('',#11786,(#11790,#11797),.PCURVE_S1.);
#11786 = LINE('',#11787,#11788);
#11787 = CARTESIAN_POINT('',(-12.5,-12.5,5.));
#11788 = VECTOR('',#11789,1.);
#11789 = DIRECTION('',(1.,0.,-0.));
#11790 = PCURVE('',#11565,#11791);
#11791 = DEFINITIONAL_REPRESENTATION('',(#11792),#11796);
#11792 = LINE('',#11793,#11794);
#11793 = CARTESIAN_POINT('',(10.,0.));
#11794 = VECTOR('',#11795,1.);
#11795 = DIRECTION('',(0.,1.));
#11796 = ( GEOMETRIC_REPRESENTATION_CONTEXT(2) 
PARAMETRIC_REPRESENTATION_CONTEXT() REPRESENTATION_CONTEXT('2D SPACE',''
  ) );
#11797 = PCURVE('',#11647,#11798);
#11798 = DEFINITIONAL_REPRESENTATION('',(#11799),#11803);
#11799 = LINE('',#11800,#11801);
#11800 = CARTESIAN_POINT('',(0.,0.));
#11801 = VECTOR('',#11802,1.);
#11802 = DIRECTION('',(1.,0.));
#11803 = ( GEOMETRIC_REPRESENTATION_CONTEXT(2) 
PARAMETRIC_REPRESENTATION_CONTEXT() REPRESENTATION_CONTEXT('2D SPACE',''
  ) );
#11804 = ORIENTED_EDGE('',*,*,#11662,.F.);
#11805 = ADVANCED_FACE('',(#11806),#11621,.T.);
#11806 = FACE_BOUND('',#11807,.T.);
#11807 = EDGE_LOOP('',(#11808,#11829,#11830,#11851));
#11808 = ORIENTED_EDGE('',*,*,#11809,.F.);
#11809 = EDGE_CURVE('',#11578,#11693,#11810,.T.);
#11810 = SURFACE_CURVE('',#11811,(#11815,#11822),.PCURVE_S1.);
#11811 = LINE('',#11812,#11813);
#11812 = CARTESIAN_POINT('',(-12.5,12.5,-5.));
#11813 = VECTOR('',#11814,1.);
#11814 = DIRECTION('',(1.,0.,-0.));
#11815 = PCURVE('',#11621,#11816);
#11816 = DEFINITIONAL_REPRESENTATION('',(#11817),#11821);
#11817 = LINE('',#11818,#11819);
#11818 = CARTESIAN_POINT('',(0.,0.));
#11819 = VECTOR('',#11820,1.);
#11820 = DIRECTION('',(0.,1.));
#11821 = ( GEOMETRIC_REPRESENTATION_CONTEXT(2) 
PARAMETRIC_REPRESENTATION_CONTEXT() REPRESENTATION_CONTEXT('2D SPACE',''
  ) );
#11822 = PCURVE('',#11593,#11823);
#11823 = DEFINITIONAL_REPRESENTATION('',(#11824),#11828);
#11824 = LINE('',#11825,#11826);
#11825 = CARTESIAN_POINT('',(0.,25.));
#11826 = VECTOR('',#11827,1.);
#11827 = DIRECTION('',(1.,0.));
#11828 = ( GEOMETRIC_REPRESENTATION_CONTEXT(2) 
PARAMETRIC_REPRESENTATION_CONTEXT() REPRESENTATION_CONTEXT('2D SPACE',''
  ) );
#11829 = ORIENTED_EDGE('',*,*,#11605,.T.);
#11830 = ORIENTED_EDGE('',*,*,#11831,.T.);
#11831 = EDGE_CURVE('',#11606,#11716,#11832,.T.);
#11832 = SURFACE_CURVE('',#11833,(#11837,#11844),.PCURVE_S1.);
#11833 = LINE('',#11834,#11835);
#11834 = CARTESIAN_POINT('',(-12.5,12.5,5.));
#11835 = VECTOR('',#11836,1.);
#11836 = DIRECTION('',(1.,0.,-0.));
#11837 = PCURVE('',#11621,#11838);
#11838 = DEFINITIONAL_REPRESENTATION('',(#11839),#11843);
#11839 = LINE('',#11840,#11841);
#11840 = CARTESIAN_POINT('',(10.,0.));
#11841 = VECTOR('',#11842,1.);
#11842 = DIRECTION('',(0.,1.));
#11843 = ( GEOMETRIC_REPRESENTATION_CONTEXT(2) 
PARAMETRIC_REPRESENTATION_CONTEXT() REPRESENTATION_CONTEXT('2D SPACE',''
  ) );
#11844 = PCURVE('',#11647,#11845);
#11845 = DEFINITIONAL_REPRESENTATION('',(#11846),#11850);
#11846 = LINE('',#11847,#11848);
#11847 = CARTESIAN_POINT('',(0.,25.));
#11848 = VECTOR('',#11849,1.);
#11849 = DIRECTION('',(1.,0.));
#11850 = ( GEOMETRIC_REPRESENTATION_CONTEXT(2) 
PARAMETRIC_REPRESENTATION_CONTEXT() REPRESENTATION_CONTEXT('2D SPACE',''
  ) );
#11851 = ORIENTED_EDGE('',*,*,#11715,.F.);
#11852 = ADVANCED_FACE('',(#11853),#11593,.F.);
#11853 = FACE_BOUND('',#11854,.F.);
#11854 = EDGE_LOOP('',(#11855,#11856,#11857,#11858));
#11855 = ORIENTED_EDGE('',*,*,#11577,.F.);
#11856 = ORIENTED_EDGE('',*,*,#11762,.T.);
#11857 = ORIENTED_EDGE('',*,*,#11692,.T.);
#11858 = ORIENTED_EDGE('',*,*,#11809,.F.);
#11859 = ADVANCED_FACE('',(#11860),#11647,.T.);
#11860 = FACE_BOUND('',#11861,.T.);
#11861 = EDGE_LOOP('',(#11862,#11863,#11864,#11865));
#11862 = ORIENTED_EDGE('',*,*,#11633,.F.);
#11863 = ORIENTED_EDGE('',*,*,#11784,.T.);
#11864 = ORIENTED_EDGE('',*,*,#11738,.T.);
#11865 = ORIENTED_EDGE('',*,*,#11831,.F.);
#11866 = ( GEOMETRIC_REPRESENTATION_CONTEXT(3) 
GLOBAL_UNCERTAINTY_ASSIGNED_CONTEXT((#11870)) 
GLOBAL_UNIT_ASSIGNED_CONTEXT((#11867,#11868,#11869)) 
REPRESENTATION_CONTEXT('Context #1',
  '3D Context with UNIT and UNCERTAINTY') );
#11867 = ( LENGTH_UNIT() NAMED_UNIT(*) SI_UNIT(.MILLI.,.METRE.) );
#11868 = ( NAMED_UNIT(*) PLANE_ANGLE_UNIT() SI_UNIT($,.RADIAN.) );
#11869 = ( NAMED_UNIT(*) SI_UNIT($,.STERADIAN.) SOLID_ANGLE_UNIT() );
#11870 = UNCERTAINTY_MEASURE_WITH_UNIT(LENGTH_MEASURE(1.E-07),#11867,
  'distance_accuracy_value','confusion accuracy');
#11871 = CONTEXT_DEPENDENT_SHAPE_REPRESENTATION(#11872,#11874);
#11872 = ( REPRESENTATION_RELATIONSHIP('','',#11535,#10) 
REPRESENTATION_RELATIONSHIP_WITH_TRANSFORMATION(#11873) 
SHAPE_REPRESENTATION_RELATIONSHIP() );
#11873 = ITEM_DEFINED_TRANSFORMATION('','',#11,#47);
#11874 = PRODUCT_DEFINITION_SHAPE('Placement','Placement of an item',
  #11875);
#11875 = NEXT_ASSEMBLY_USAGE_OCCURRENCE('9','CAMERA_ENVELOPE','',#5,
  #11530,$);
#11876 = PRODUCT_RELATED_PRODUCT_CATEGORY('part',$,(#11532));
#11877 = SHAPE_DEFINITION_REPRESENTATION(#11878,#11884);
#11878 = PRODUCT_DEFINITION_SHAPE('','',#11879);
#11879 = PRODUCT_DEFINITION('design','',#11880,#11883);
#11880 = PRODUCT_DEFINITION_FORMATION('','',#11881);
#11881 = PRODUCT('SENSOR_PILL','SENSOR_PILL','',(#11882));
#11882 = PRODUCT_CONTEXT('',#2,'mechanical');
#11883 = PRODUCT_DEFINITION_CONTEXT('part definition',#2,'design');
#11884 = ADVANCED_BREP_SHAPE_REPRESENTATION('',(#11,#11885),#12551);
#11885 = MANIFOLD_SOLID_BREP('',#11886);
#11886 = CLOSED_SHELL('',(#11887,#12007,#12207,#12257,#12311,#12436,
    #12463,#12490,#12517,#12544));
#11887 = ADVANCED_FACE('',(#11888),#11902,.F.);
#11888 = FACE_BOUND('',#11889,.F.);
#11889 = EDGE_LOOP('',(#11890,#11925,#11953,#11981));
#11890 = ORIENTED_EDGE('',*,*,#11891,.F.);
#11891 = EDGE_CURVE('',#11892,#11894,#11896,.T.);
#11892 = VERTEX_POINT('',#11893);
#11893 = CARTESIAN_POINT('',(-15.,-1.,1.));
#11894 = VERTEX_POINT('',#11895);
#11895 = CARTESIAN_POINT('',(-15.,1.,1.));
#11896 = SURFACE_CURVE('',#11897,(#11901,#11913),.PCURVE_S1.);
#11897 = LINE('',#11898,#11899);
#11898 = CARTESIAN_POINT('',(-15.,-11.,1.));
#11899 = VECTOR('',#11900,1.);
#11900 = DIRECTION('',(-0.,1.,0.));
#11901 = PCURVE('',#11902,#11907);
#11902 = PLANE('',#11903);
#11903 = AXIS2_PLACEMENT_3D('',#11904,#11905,#11906);
#11904 = CARTESIAN_POINT('',(-15.,-11.,-1.));
#11905 = DIRECTION('',(1.,0.,-0.));
#11906 = DIRECTION('',(0.,0.,1.));
#11907 = DEFINITIONAL_REPRESENTATION('',(#11908),#11912);
#11908 = LINE('',#11909,#11910);
#11909 = CARTESIAN_POINT('',(2.,0.));
#11910 = VECTOR('',#11911,1.);
#11911 = DIRECTION('',(0.,-1.));
#11912 = ( GEOMETRIC_REPRESENTATION_CONTEXT(2) 
PARAMETRIC_REPRESENTATION_CONTEXT() REPRESENTATION_CONTEXT('2D SPACE',''
  ) );
#11913 = PCURVE('',#11914,#11919);
#11914 = PLANE('',#11915);
#11915 = AXIS2_PLACEMENT_3D('',#11916,#11917,#11918);
#11916 = CARTESIAN_POINT('',(-15.,-11.,1.));
#11917 = DIRECTION('',(0.,0.,1.));
#11918 = DIRECTION('',(1.,0.,-0.));
#11919 = DEFINITIONAL_REPRESENTATION('',(#11920),#11924);
#11920 = LINE('',#11921,#11922);
#11921 = CARTESIAN_POINT('',(0.,0.));
#11922 = VECTOR('',#11923,1.);
#11923 = DIRECTION('',(0.,1.));
#11924 = ( GEOMETRIC_REPRESENTATION_CONTEXT(2) 
PARAMETRIC_REPRESENTATION_CONTEXT() REPRESENTATION_CONTEXT('2D SPACE',''
  ) );
#11925 = ORIENTED_EDGE('',*,*,#11926,.F.);
#11926 = EDGE_CURVE('',#11927,#11892,#11929,.T.);
#11927 = VERTEX_POINT('',#11928);
#11928 = CARTESIAN_POINT('',(-15.,-1.,-1.));
#11929 = SURFACE_CURVE('',#11930,(#11934,#11941),.PCURVE_S1.);
#11930 = LINE('',#11931,#11932);
#11931 = CARTESIAN_POINT('',(-15.,-1.,-1.));
#11932 = VECTOR('',#11933,1.);
#11933 = DIRECTION('',(0.,0.,1.));
#11934 = PCURVE('',#11902,#11935);
#11935 = DEFINITIONAL_REPRESENTATION('',(#11936),#11940);
#11936 = LINE('',#11937,#11938);
#11937 = CARTESIAN_POINT('',(0.,-10.));
#11938 = VECTOR('',#11939,1.);
#11939 = DIRECTION('',(1.,0.));
#11940 = ( GEOMETRIC_REPRESENTATION_CONTEXT(2) 
PARAMETRIC_REPRESENTATION_CONTEXT() REPRESENTATION_CONTEXT('2D SPACE',''
  ) );
#11941 = PCURVE('',#11942,#11947);
#11942 = CYLINDRICAL_SURFACE('',#11943,10.);
#11943 = AXIS2_PLACEMENT_3D('',#11944,#11945,#11946);
#11944 = CARTESIAN_POINT('',(-5.,-1.,-1.));
#11945 = DIRECTION('',(0.,0.,1.));
#11946 = DIRECTION('',(-1.,-0.,0.));
#11947 = DEFINITIONAL_REPRESENTATION('',(#11948),#11952);
#11948 = LINE('',#11949,#11950);
#11949 = CARTESIAN_POINT('',(0.,0.));
#11950 = VECTOR('',#11951,1.);
#11951 = DIRECTION('',(0.,1.));
#11952 = ( GEOMETRIC_REPRESENTATION_CONTEXT(2) 
PARAMETRIC_REPRESENTATION_CONTEXT() REPRESENTATION_CONTEXT('2D SPACE',''
  ) );
#11953 = ORIENTED_EDGE('',*,*,#11954,.T.);
#11954 = EDGE_CURVE('',#11927,#11955,#11957,.T.);
#11955 = VERTEX_POINT('',#11956);
#11956 = CARTESIAN_POINT('',(-15.,1.,-1.));
#11957 = SURFACE_CURVE('',#11958,(#11962,#11969),.PCURVE_S1.);
#11958 = LINE('',#11959,#11960);
#11959 = CARTESIAN_POINT('',(-15.,-11.,-1.));
#11960 = VECTOR('',#11961,1.);
#11961 = DIRECTION('',(-0.,1.,0.));
#11962 = PCURVE('',#11902,#11963);
#11963 = DEFINITIONAL_REPRESENTATION('',(#11964),#11968);
#11964 = LINE('',#11965,#11966);
#11965 = CARTESIAN_POINT('',(0.,0.));
#11966 = VECTOR('',#11967,1.);
#11967 = DIRECTION('',(0.,-1.));
#11968 = ( GEOMETRIC_REPRESENTATION_CONTEXT(2) 
PARAMETRIC_REPRESENTATION_CONTEXT() REPRESENTATION_CONTEXT('2D SPACE',''
  ) );
#11969 = PCURVE('',#11970,#11975);
#11970 = PLANE('',#11971);
#11971 = AXIS2_PLACEMENT_3D('',#11972,#11973,#11974);
#11972 = CARTESIAN_POINT('',(-15.,-11.,-1.));
#11973 = DIRECTION('',(0.,0.,1.));
#11974 = DIRECTION('',(1.,0.,-0.));
#11975 = DEFINITIONAL_REPRESENTATION('',(#11976),#11980);
#11976 = LINE('',#11977,#11978);
#11977 = CARTESIAN_POINT('',(0.,0.));
#11978 = VECTOR('',#11979,1.);
#11979 = DIRECTION('',(0.,1.));
#11980 = ( GEOMETRIC_REPRESENTATION_CONTEXT(2) 
PARAMETRIC_REPRESENTATION_CONTEXT() REPRESENTATION_CONTEXT('2D SPACE',''
  ) );
#11981 = ORIENTED_EDGE('',*,*,#11982,.T.);
#11982 = EDGE_CURVE('',#11955,#11894,#11983,.T.);
#11983 = SURFACE_CURVE('',#11984,(#11988,#11995),.PCURVE_S1.);
#11984 = LINE('',#11985,#11986);
#11985 = CARTESIAN_POINT('',(-15.,1.,-1.));
#11986 = VECTOR('',#11987,1.);
#11987 = DIRECTION('',(0.,0.,1.));
#11988 = PCURVE('',#11902,#11989);
#11989 = DEFINITIONAL_REPRESENTATION('',(#11990),#11994);
#11990 = LINE('',#11991,#11992);
#11991 = CARTESIAN_POINT('',(0.,-12.));
#11992 = VECTOR('',#11993,1.);
#11993 = DIRECTION('',(1.,0.));
#11994 = ( GEOMETRIC_REPRESENTATION_CONTEXT(2) 
PARAMETRIC_REPRESENTATION_CONTEXT() REPRESENTATION_CONTEXT('2D SPACE',''
  ) );
#11995 = PCURVE('',#11996,#12001);
#11996 = CYLINDRICAL_SURFACE('',#11997,10.);
#11997 = AXIS2_PLACEMENT_3D('',#11998,#11999,#12000);
#11998 = CARTESIAN_POINT('',(-5.,1.,-1.));
#11999 = DIRECTION('',(0.,0.,1.));
#12000 = DIRECTION('',(-1.,-0.,0.));
#12001 = DEFINITIONAL_REPRESENTATION('',(#12002),#12006);
#12002 = LINE('',#12003,#12004);
#12003 = CARTESIAN_POINT('',(-0.,0.));
#12004 = VECTOR('',#12005,1.);
#12005 = DIRECTION('',(-0.,1.));
#12006 = ( GEOMETRIC_REPRESENTATION_CONTEXT(2) 
PARAMETRIC_REPRESENTATION_CONTEXT() REPRESENTATION_CONTEXT('2D SPACE',''
  ) );
#12007 = ADVANCED_FACE('',(#12008),#11914,.T.);
#12008 = FACE_BOUND('',#12009,.T.);
#12009 = EDGE_LOOP('',(#12010,#12011,#12035,#12063,#12096,#12124,#12153,
    #12181));
#12010 = ORIENTED_EDGE('',*,*,#11891,.F.);
#12011 = ORIENTED_EDGE('',*,*,#12012,.T.);
#12012 = EDGE_CURVE('',#11892,#12013,#12015,.T.);
#12013 = VERTEX_POINT('',#12014);
#12014 = CARTESIAN_POINT('',(-5.,-11.,1.));
#12015 = SURFACE_CURVE('',#12016,(#12021,#12028),.PCURVE_S1.);
#12016 = CIRCLE('',#12017,10.);
#12017 = AXIS2_PLACEMENT_3D('',#12018,#12019,#12020);
#12018 = CARTESIAN_POINT('',(-5.,-1.,1.));
#12019 = DIRECTION('',(0.,0.,1.));
#12020 = DIRECTION('',(0.,-1.,0.));
#12021 = PCURVE('',#11914,#12022);
#12022 = DEFINITIONAL_REPRESENTATION('',(#12023),#12027);
#12023 = CIRCLE('',#12024,10.);
#12024 = AXIS2_PLACEMENT_2D('',#12025,#12026);
#12025 = CARTESIAN_POINT('',(10.,10.));
#12026 = DIRECTION('',(0.,-1.));
#12027 = ( GEOMETRIC_REPRESENTATION_CONTEXT(2) 
PARAMETRIC_REPRESENTATION_CONTEXT() REPRESENTATION_CONTEXT('2D SPACE',''
  ) );
#12028 = PCURVE('',#11942,#12029);
#12029 = DEFINITIONAL_REPRESENTATION('',(#12030),#12034);
#12030 = LINE('',#12031,#12032);
#12031 = CARTESIAN_POINT('',(-4.712388980385,2.));
#12032 = VECTOR('',#12033,1.);
#12033 = DIRECTION('',(1.,0.));
#12034 = ( GEOMETRIC_REPRESENTATION_CONTEXT(2) 
PARAMETRIC_REPRESENTATION_CONTEXT() REPRESENTATION_CONTEXT('2D SPACE',''
  ) );
#12035 = ORIENTED_EDGE('',*,*,#12036,.T.);
#12036 = EDGE_CURVE('',#12013,#12037,#12039,.T.);
#12037 = VERTEX_POINT('',#12038);
#12038 = CARTESIAN_POINT('',(5.,-11.,1.));
#12039 = SURFACE_CURVE('',#12040,(#12044,#12051),.PCURVE_S1.);
#12040 = LINE('',#12041,#12042);
#12041 = CARTESIAN_POINT('',(-15.,-11.,1.));
#12042 = VECTOR('',#12043,1.);
#12043 = DIRECTION('',(1.,0.,-0.));
#12044 = PCURVE('',#11914,#12045);
#12045 = DEFINITIONAL_REPRESENTATION('',(#12046),#12050);
#12046 = LINE('',#12047,#12048);
#12047 = CARTESIAN_POINT('',(0.,0.));
#12048 = VECTOR('',#12049,1.);
#12049 = DIRECTION('',(1.,0.));
#12050 = ( GEOMETRIC_REPRESENTATION_CONTEXT(2) 
PARAMETRIC_REPRESENTATION_CONTEXT() REPRESENTATION_CONTEXT('2D SPACE',''
  ) );
#12051 = PCURVE('',#12052,#12057);
#12052 = PLANE('',#12053);
#12053 = AXIS2_PLACEMENT_3D('',#12054,#12055,#12056);
#12054 = CARTESIAN_POINT('',(-15.,-11.,-1.));
#12055 = DIRECTION('',(-0.,1.,0.));
#12056 = DIRECTION('',(0.,0.,1.));
#12057 = DEFINITIONAL_REPRESENTATION('',(#12058),#12062);
#12058 = LINE('',#12059,#12060);
#12059 = CARTESIAN_POINT('',(2.,0.));
#12060 = VECTOR('',#12061,1.);
#12061 = DIRECTION('',(0.,1.));
#12062 = ( GEOMETRIC_REPRESENTATION_CONTEXT(2) 
PARAMETRIC_REPRESENTATION_CONTEXT() REPRESENTATION_CONTEXT('2D SPACE',''
  ) );
#12063 = ORIENTED_EDGE('',*,*,#12064,.F.);
#12064 = EDGE_CURVE('',#12065,#12037,#12067,.T.);
#12065 = VERTEX_POINT('',#12066);
#12066 = CARTESIAN_POINT('',(15.,-1.,1.));
#12067 = SURFACE_CURVE('',#12068,(#12073,#12084),.PCURVE_S1.);
#12068 = CIRCLE('',#12069,10.);
#12069 = AXIS2_PLACEMENT_3D('',#12070,#12071,#12072);
#12070 = CARTESIAN_POINT('',(5.,-1.,1.));
#12071 = DIRECTION('',(-0.,-0.,-1.));
#12072 = DIRECTION('',(0.,-1.,0.));
#12073 = PCURVE('',#11914,#12074);
#12074 = DEFINITIONAL_REPRESENTATION('',(#12075),#12083);
#12075 = ( BOUNDED_CURVE() B_SPLINE_CURVE(2,(#12076,#12077,#12078,#12079
    ,#12080,#12081,#12082),.UNSPECIFIED.,.T.,.F.) 
B_SPLINE_CURVE_WITH_KNOTS((1,2,2,2,2,1),(-2.094395102393,0.,
    2.094395102393,4.188790204786,6.28318530718,8.377580409573),
.UNSPECIFIED.) CURVE() GEOMETRIC_REPRESENTATION_ITEM() 
RATIONAL_B_SPLINE_CURVE((1.,0.5,1.,0.5,1.,0.5,1.)) REPRESENTATION_ITEM(
  '') );
#12076 = CARTESIAN_POINT('',(20.,-1.7763568394E-15));
#12077 = CARTESIAN_POINT('',(2.679491924311,-1.7763568394E-15));
#12078 = CARTESIAN_POINT('',(11.339745962156,15.));
#12079 = CARTESIAN_POINT('',(20.,30.));
#12080 = CARTESIAN_POINT('',(28.660254037844,15.));
#12081 = CARTESIAN_POINT('',(37.320508075689,1.42108547152E-14));
#12082 = CARTESIAN_POINT('',(20.,-1.7763568394E-15));
#12083 = ( GEOMETRIC_REPRESENTATION_CONTEXT(2) 
PARAMETRIC_REPRESENTATION_CONTEXT() REPRESENTATION_CONTEXT('2D SPACE',''
  ) );
#12084 = PCURVE('',#12085,#12090);
#12085 = CYLINDRICAL_SURFACE('',#12086,10.);
#12086 = AXIS2_PLACEMENT_3D('',#12087,#12088,#12089);
#12087 = CARTESIAN_POINT('',(5.,-1.,-1.));
#12088 = DIRECTION('',(0.,0.,1.));
#12089 = DIRECTION('',(1.,0.,-0.));
#12090 = DEFINITIONAL_REPRESENTATION('',(#12091),#12095);
#12091 = LINE('',#12092,#12093);
#12092 = CARTESIAN_POINT('',(4.712388980385,2.));
#12093 = VECTOR('',#12094,1.);
#12094 = DIRECTION('',(-1.,0.));
#12095 = ( GEOMETRIC_REPRESENTATION_CONTEXT(2) 
PARAMETRIC_REPRESENTATION_CONTEXT() REPRESENTATION_CONTEXT('2D SPACE',''
  ) );
#12096 = ORIENTED_EDGE('',*,*,#12097,.T.);
#12097 = EDGE_CURVE('',#12065,#12098,#12100,.T.);
#12098 = VERTEX_POINT('',#12099);
#12099 = CARTESIAN_POINT('',(15.,1.,1.));
#12100 = SURFACE_CURVE('',#12101,(#12105,#12112),.PCURVE_S1.);
#12101 = LINE('',#12102,#12103);
#12102 = CARTESIAN_POINT('',(15.,-11.,1.));
#12103 = VECTOR('',#12104,1.);
#12104 = DIRECTION('',(-0.,1.,0.));
#12105 = PCURVE('',#11914,#12106);
#12106 = DEFINITIONAL_REPRESENTATION('',(#12107),#12111);
#12107 = LINE('',#12108,#12109);
#12108 = CARTESIAN_POINT('',(30.,0.));
#12109 = VECTOR('',#12110,1.);
#12110 = DIRECTION('',(0.,1.));
#12111 = ( GEOMETRIC_REPRESENTATION_CONTEXT(2) 
PARAMETRIC_REPRESENTATION_CONTEXT() REPRESENTATION_CONTEXT('2D SPACE',''
  ) );
#12112 = PCURVE('',#12113,#12118);
#12113 = PLANE('',#12114);
#12114 = AXIS2_PLACEMENT_3D('',#12115,#12116,#12117);
#12115 = CARTESIAN_POINT('',(15.,-11.,-1.));
#12116 = DIRECTION('',(1.,0.,-0.));
#12117 = DIRECTION('',(0.,0.,1.));
#12118 = DEFINITIONAL_REPRESENTATION('',(#12119),#12123);
#12119 = LINE('',#12120,#12121);
#12120 = CARTESIAN_POINT('',(2.,0.));
#12121 = VECTOR('',#12122,1.);
#12122 = DIRECTION('',(0.,-1.));
#12123 = ( GEOMETRIC_REPRESENTATION_CONTEXT(2) 
PARAMETRIC_REPRESENTATION_CONTEXT() REPRESENTATION_CONTEXT('2D SPACE',''
  ) );
#12124 = ORIENTED_EDGE('',*,*,#12125,.T.);
#12125 = EDGE_CURVE('',#12098,#12126,#12128,.T.);
#12126 = VERTEX_POINT('',#12127);
#12127 = CARTESIAN_POINT('',(5.,11.,1.));
#12128 = SURFACE_CURVE('',#12129,(#12134,#12141),.PCURVE_S1.);
#12129 = CIRCLE('',#12130,10.);
#12130 = AXIS2_PLACEMENT_3D('',#12131,#12132,#12133);
#12131 = CARTESIAN_POINT('',(5.,1.,1.));
#12132 = DIRECTION('',(0.,0.,1.));
#12133 = DIRECTION('',(0.,-1.,0.));
#12134 = PCURVE('',#11914,#12135);
#12135 = DEFINITIONAL_REPRESENTATION('',(#12136),#12140);
#12136 = CIRCLE('',#12137,10.);
#12137 = AXIS2_PLACEMENT_2D('',#12138,#12139);
#12138 = CARTESIAN_POINT('',(20.,12.));
#12139 = DIRECTION('',(0.,-1.));
#12140 = ( GEOMETRIC_REPRESENTATION_CONTEXT(2) 
PARAMETRIC_REPRESENTATION_CONTEXT() REPRESENTATION_CONTEXT('2D SPACE',''
  ) );
#12141 = PCURVE('',#12142,#12147);
#12142 = CYLINDRICAL_SURFACE('',#12143,10.);
#12143 = AXIS2_PLACEMENT_3D('',#12144,#12145,#12146);
#12144 = CARTESIAN_POINT('',(5.,1.,-1.));
#12145 = DIRECTION('',(0.,0.,1.));
#12146 = DIRECTION('',(1.,0.,-0.));
#12147 = DEFINITIONAL_REPRESENTATION('',(#12148),#12152);
#12148 = LINE('',#12149,#12150);
#12149 = CARTESIAN_POINT('',(-1.570796326795,2.));
#12150 = VECTOR('',#12151,1.);
#12151 = DIRECTION('',(1.,0.));
#12152 = ( GEOMETRIC_REPRESENTATION_CONTEXT(2) 
PARAMETRIC_REPRESENTATION_CONTEXT() REPRESENTATION_CONTEXT('2D SPACE',''
  ) );
#12153 = ORIENTED_EDGE('',*,*,#12154,.F.);
#12154 = EDGE_CURVE('',#12155,#12126,#12157,.T.);
#12155 = VERTEX_POINT('',#12156);
#12156 = CARTESIAN_POINT('',(-5.,11.,1.));
#12157 = SURFACE_CURVE('',#12158,(#12162,#12169),.PCURVE_S1.);
#12158 = LINE('',#12159,#12160);
#12159 = CARTESIAN_POINT('',(-15.,11.,1.));
#12160 = VECTOR('',#12161,1.);
#12161 = DIRECTION('',(1.,0.,-0.));
#12162 = PCURVE('',#11914,#12163);
#12163 = DEFINITIONAL_REPRESENTATION('',(#12164),#12168);
#12164 = LINE('',#12165,#12166);
#12165 = CARTESIAN_POINT('',(0.,22.));
#12166 = VECTOR('',#12167,1.);
#12167 = DIRECTION('',(1.,0.));
#12168 = ( GEOMETRIC_REPRESENTATION_CONTEXT(2) 
PARAMETRIC_REPRESENTATION_CONTEXT() REPRESENTATION_CONTEXT('2D SPACE',''
  ) );
#12169 = PCURVE('',#12170,#12175);
#12170 = PLANE('',#12171);
#12171 = AXIS2_PLACEMENT_3D('',#12172,#12173,#12174);
#12172 = CARTESIAN_POINT('',(-15.,11.,-1.));
#12173 = DIRECTION('',(-0.,1.,0.));
#12174 = DIRECTION('',(0.,0.,1.));
#12175 = DEFINITIONAL_REPRESENTATION('',(#12176),#12180);
#12176 = LINE('',#12177,#12178);
#12177 = CARTESIAN_POINT('',(2.,0.));
#12178 = VECTOR('',#12179,1.);
#12179 = DIRECTION('',(0.,1.));
#12180 = ( GEOMETRIC_REPRESENTATION_CONTEXT(2) 
PARAMETRIC_REPRESENTATION_CONTEXT() REPRESENTATION_CONTEXT('2D SPACE',''
  ) );
#12181 = ORIENTED_EDGE('',*,*,#12182,.F.);
#12182 = EDGE_CURVE('',#11894,#12155,#12183,.T.);
#12183 = SURFACE_CURVE('',#12184,(#12189,#12200),.PCURVE_S1.);
#12184 = CIRCLE('',#12185,10.);
#12185 = AXIS2_PLACEMENT_3D('',#12186,#12187,#12188);
#12186 = CARTESIAN_POINT('',(-5.,1.,1.));
#12187 = DIRECTION('',(-0.,-0.,-1.));
#12188 = DIRECTION('',(0.,-1.,0.));
#12189 = PCURVE('',#11914,#12190);
#12190 = DEFINITIONAL_REPRESENTATION('',(#12191),#12199);
#12191 = ( BOUNDED_CURVE() B_SPLINE_CURVE(2,(#12192,#12193,#12194,#12195
    ,#12196,#12197,#12198),.UNSPECIFIED.,.T.,.F.) 
B_SPLINE_CURVE_WITH_KNOTS((1,2,2,2,2,1),(-2.094395102393,0.,
    2.094395102393,4.188790204786,6.28318530718,8.377580409573),
.UNSPECIFIED.) CURVE() GEOMETRIC_REPRESENTATION_ITEM() 
RATIONAL_B_SPLINE_CURVE((1.,0.5,1.,0.5,1.,0.5,1.)) REPRESENTATION_ITEM(
  '') );
#12192 = CARTESIAN_POINT('',(10.,2.));
#12193 = CARTESIAN_POINT('',(-7.320508075689,2.));
#12194 = CARTESIAN_POINT('',(1.339745962156,17.));
#12195 = CARTESIAN_POINT('',(10.,32.));
#12196 = CARTESIAN_POINT('',(18.660254037844,17.));
#12197 = CARTESIAN_POINT('',(27.320508075689,2.));
#12198 = CARTESIAN_POINT('',(10.,2.));
#12199 = ( GEOMETRIC_REPRESENTATION_CONTEXT(2) 
PARAMETRIC_REPRESENTATION_CONTEXT() REPRESENTATION_CONTEXT('2D SPACE',''
  ) );
#12200 = PCURVE('',#11996,#12201);
#12201 = DEFINITIONAL_REPRESENTATION('',(#12202),#12206);
#12202 = LINE('',#12203,#12204);
#12203 = CARTESIAN_POINT('',(1.570796326795,2.));
#12204 = VECTOR('',#12205,1.);
#12205 = DIRECTION('',(-1.,0.));
#12206 = ( GEOMETRIC_REPRESENTATION_CONTEXT(2) 
PARAMETRIC_REPRESENTATION_CONTEXT() REPRESENTATION_CONTEXT('2D SPACE',''
  ) );
#12207 = ADVANCED_FACE('',(#12208),#11942,.T.);
#12208 = FACE_BOUND('',#12209,.T.);
#12209 = EDGE_LOOP('',(#12210,#12234,#12255,#12256));
#12210 = ORIENTED_EDGE('',*,*,#12211,.T.);
#12211 = EDGE_CURVE('',#11927,#12212,#12214,.T.);
#12212 = VERTEX_POINT('',#12213);
#12213 = CARTESIAN_POINT('',(-5.,-11.,-1.));
#12214 = SURFACE_CURVE('',#12215,(#12220,#12227),.PCURVE_S1.);
#12215 = CIRCLE('',#12216,10.);
#12216 = AXIS2_PLACEMENT_3D('',#12217,#12218,#12219);
#12217 = CARTESIAN_POINT('',(-5.,-1.,-1.));
#12218 = DIRECTION('',(0.,0.,1.));
#12219 = DIRECTION('',(0.,-1.,0.));
#12220 = PCURVE('',#11942,#12221);
#12221 = DEFINITIONAL_REPRESENTATION('',(#12222),#12226);
#12222 = LINE('',#12223,#12224);
#12223 = CARTESIAN_POINT('',(-4.712388980385,0.));
#12224 = VECTOR('',#12225,1.);
#12225 = DIRECTION('',(1.,0.));
#12226 = ( GEOMETRIC_REPRESENTATION_CONTEXT(2) 
PARAMETRIC_REPRESENTATION_CONTEXT() REPRESENTATION_CONTEXT('2D SPACE',''
  ) );
#12227 = PCURVE('',#11970,#12228);
#12228 = DEFINITIONAL_REPRESENTATION('',(#12229),#12233);
#12229 = CIRCLE('',#12230,10.);
#12230 = AXIS2_PLACEMENT_2D('',#12231,#12232);
#12231 = CARTESIAN_POINT('',(10.,10.));
#12232 = DIRECTION('',(0.,-1.));
#12233 = ( GEOMETRIC_REPRESENTATION_CONTEXT(2) 
PARAMETRIC_REPRESENTATION_CONTEXT() REPRESENTATION_CONTEXT('2D SPACE',''
  ) );
#12234 = ORIENTED_EDGE('',*,*,#12235,.T.);
#12235 = EDGE_CURVE('',#12212,#12013,#12236,.T.);
#12236 = SURFACE_CURVE('',#12237,(#12241,#12248),.PCURVE_S1.);
#12237 = LINE('',#12238,#12239);
#12238 = CARTESIAN_POINT('',(-5.,-11.,-1.));
#12239 = VECTOR('',#12240,1.);
#12240 = DIRECTION('',(0.,0.,1.));
#12241 = PCURVE('',#11942,#12242);
#12242 = DEFINITIONAL_REPRESENTATION('',(#12243),#12247);
#12243 = LINE('',#12244,#12245);
#12244 = CARTESIAN_POINT('',(1.570796326795,0.));
#12245 = VECTOR('',#12246,1.);
#12246 = DIRECTION('',(0.,1.));
#12247 = ( GEOMETRIC_REPRESENTATION_CONTEXT(2) 
PARAMETRIC_REPRESENTATION_CONTEXT() REPRESENTATION_CONTEXT('2D SPACE',''
  ) );
#12248 = PCURVE('',#12052,#12249);
#12249 = DEFINITIONAL_REPRESENTATION('',(#12250),#12254);
#12250 = LINE('',#12251,#12252);
#12251 = CARTESIAN_POINT('',(0.,10.));
#12252 = VECTOR('',#12253,1.);
#12253 = DIRECTION('',(1.,0.));
#12254 = ( GEOMETRIC_REPRESENTATION_CONTEXT(2) 
PARAMETRIC_REPRESENTATION_CONTEXT() REPRESENTATION_CONTEXT('2D SPACE',''
  ) );
#12255 = ORIENTED_EDGE('',*,*,#12012,.F.);
#12256 = ORIENTED_EDGE('',*,*,#11926,.F.);
#12257 = ADVANCED_FACE('',(#12258),#11996,.T.);
#12258 = FACE_BOUND('',#12259,.F.);
#12259 = EDGE_LOOP('',(#12260,#12288,#12309,#12310));
#12260 = ORIENTED_EDGE('',*,*,#12261,.T.);
#12261 = EDGE_CURVE('',#11955,#12262,#12264,.T.);
#12262 = VERTEX_POINT('',#12263);
#12263 = CARTESIAN_POINT('',(-5.,11.,-1.));
#12264 = SURFACE_CURVE('',#12265,(#12270,#12277),.PCURVE_S1.);
#12265 = CIRCLE('',#12266,10.);
#12266 = AXIS2_PLACEMENT_3D('',#12267,#12268,#12269);
#12267 = CARTESIAN_POINT('',(-5.,1.,-1.));
#12268 = DIRECTION('',(-0.,-0.,-1.));
#12269 = DIRECTION('',(0.,-1.,0.));
#12270 = PCURVE('',#11996,#12271);
#12271 = DEFINITIONAL_REPRESENTATION('',(#12272),#12276);
#12272 = LINE('',#12273,#12274);
#12273 = CARTESIAN_POINT('',(1.570796326795,-0.));
#12274 = VECTOR('',#12275,1.);
#12275 = DIRECTION('',(-1.,0.));
#12276 = ( GEOMETRIC_REPRESENTATION_CONTEXT(2) 
PARAMETRIC_REPRESENTATION_CONTEXT() REPRESENTATION_CONTEXT('2D SPACE',''
  ) );
#12277 = PCURVE('',#11970,#12278);
#12278 = DEFINITIONAL_REPRESENTATION('',(#12279),#12287);
#12279 = ( BOUNDED_CURVE() B_SPLINE_CURVE(2,(#12280,#12281,#12282,#12283
    ,#12284,#12285,#12286),.UNSPECIFIED.,.T.,.F.) 
B_SPLINE_CURVE_WITH_KNOTS((1,2,2,2,2,1),(-2.094395102393,0.,
    2.094395102393,4.188790204786,6.28318530718,8.377580409573),
.UNSPECIFIED.) CURVE() GEOMETRIC_REPRESENTATION_ITEM() 
RATIONAL_B_SPLINE_CURVE((1.,0.5,1.,0.5,1.,0.5,1.)) REPRESENTATION_ITEM(
  '') );
#12280 = CARTESIAN_POINT('',(10.,2.));
#12281 = CARTESIAN_POINT('',(-7.320508075689,2.));
#12282 = CARTESIAN_POINT('',(1.339745962156,17.));
#12283 = CARTESIAN_POINT('',(10.,32.));
#12284 = CARTESIAN_POINT('',(18.660254037844,17.));
#12285 = CARTESIAN_POINT('',(27.320508075689,2.));
#12286 = CARTESIAN_POINT('',(10.,2.));
#12287 = ( GEOMETRIC_REPRESENTATION_CONTEXT(2) 
PARAMETRIC_REPRESENTATION_CONTEXT() REPRESENTATION_CONTEXT('2D SPACE',''
  ) );
#12288 = ORIENTED_EDGE('',*,*,#12289,.T.);
#12289 = EDGE_CURVE('',#12262,#12155,#12290,.T.);
#12290 = SURFACE_CURVE('',#12291,(#12295,#12302),.PCURVE_S1.);
#12291 = LINE('',#12292,#12293);
#12292 = CARTESIAN_POINT('',(-5.,11.,-1.));
#12293 = VECTOR('',#12294,1.);
#12294 = DIRECTION('',(0.,0.,1.));
#12295 = PCURVE('',#11996,#12296);
#12296 = DEFINITIONAL_REPRESENTATION('',(#12297),#12301);
#12297 = LINE('',#12298,#12299);
#12298 = CARTESIAN_POINT('',(-1.570796326795,0.));
#12299 = VECTOR('',#12300,1.);
#12300 = DIRECTION('',(-0.,1.));
#12301 = ( GEOMETRIC_REPRESENTATION_CONTEXT(2) 
PARAMETRIC_REPRESENTATION_CONTEXT() REPRESENTATION_CONTEXT('2D SPACE',''
  ) );
#12302 = PCURVE('',#12170,#12303);
#12303 = DEFINITIONAL_REPRESENTATION('',(#12304),#12308);
#12304 = LINE('',#12305,#12306);
#12305 = CARTESIAN_POINT('',(0.,10.));
#12306 = VECTOR('',#12307,1.);
#12307 = DIRECTION('',(1.,0.));
#12308 = ( GEOMETRIC_REPRESENTATION_CONTEXT(2) 
PARAMETRIC_REPRESENTATION_CONTEXT() REPRESENTATION_CONTEXT('2D SPACE',''
  ) );
#12309 = ORIENTED_EDGE('',*,*,#12182,.F.);
#12310 = ORIENTED_EDGE('',*,*,#11982,.F.);
#12311 = ADVANCED_FACE('',(#12312),#11970,.F.);
#12312 = FACE_BOUND('',#12313,.F.);
#12313 = EDGE_LOOP('',(#12314,#12315,#12316,#12339,#12367,#12390,#12414,
    #12435));
#12314 = ORIENTED_EDGE('',*,*,#11954,.F.);
#12315 = ORIENTED_EDGE('',*,*,#12211,.T.);
#12316 = ORIENTED_EDGE('',*,*,#12317,.T.);
#12317 = EDGE_CURVE('',#12212,#12318,#12320,.T.);
#12318 = VERTEX_POINT('',#12319);
#12319 = CARTESIAN_POINT('',(5.,-11.,-1.));
#12320 = SURFACE_CURVE('',#12321,(#12325,#12332),.PCURVE_S1.);
#12321 = LINE('',#12322,#12323);
#12322 = CARTESIAN_POINT('',(-15.,-11.,-1.));
#12323 = VECTOR('',#12324,1.);
#12324 = DIRECTION('',(1.,0.,-0.));
#12325 = PCURVE('',#11970,#12326);
#12326 = DEFINITIONAL_REPRESENTATION('',(#12327),#12331);
#12327 = LINE('',#12328,#12329);
#12328 = CARTESIAN_POINT('',(0.,0.));
#12329 = VECTOR('',#12330,1.);
#12330 = DIRECTION('',(1.,0.));
#12331 = ( GEOMETRIC_REPRESENTATION_CONTEXT(2) 
PARAMETRIC_REPRESENTATION_CONTEXT() REPRESENTATION_CONTEXT('2D SPACE',''
  ) );
#12332 = PCURVE('',#12052,#12333);
#12333 = DEFINITIONAL_REPRESENTATION('',(#12334),#12338);
#12334 = LINE('',#12335,#12336);
#12335 = CARTESIAN_POINT('',(0.,0.));
#12336 = VECTOR('',#12337,1.);
#12337 = DIRECTION('',(0.,1.));
#12338 = ( GEOMETRIC_REPRESENTATION_CONTEXT(2) 
PARAMETRIC_REPRESENTATION_CONTEXT() REPRESENTATION_CONTEXT('2D SPACE',''
  ) );
#12339 = ORIENTED_EDGE('',*,*,#12340,.F.);
#12340 = EDGE_CURVE('',#12341,#12318,#12343,.T.);
#12341 = VERTEX_POINT('',#12342);
#12342 = CARTESIAN_POINT('',(15.,-1.,-1.));
#12343 = SURFACE_CURVE('',#12344,(#12349,#12360),.PCURVE_S1.);
#12344 = CIRCLE('',#12345,10.);
#12345 = AXIS2_PLACEMENT_3D('',#12346,#12347,#12348);
#12346 = CARTESIAN_POINT('',(5.,-1.,-1.));
#12347 = DIRECTION('',(-0.,-0.,-1.));
#12348 = DIRECTION('',(0.,-1.,0.));
#12349 = PCURVE('',#11970,#12350);
#12350 = DEFINITIONAL_REPRESENTATION('',(#12351),#12359);
#12351 = ( BOUNDED_CURVE() B_SPLINE_CURVE(2,(#12352,#12353,#12354,#12355
    ,#12356,#12357,#12358),.UNSPECIFIED.,.T.,.F.) 
B_SPLINE_CURVE_WITH_KNOTS((1,2,2,2,2,1),(-2.094395102393,0.,
    2.094395102393,4.188790204786,6.28318530718,8.377580409573),
.UNSPECIFIED.) CURVE() GEOMETRIC_REPRESENTATION_ITEM() 
RATIONAL_B_SPLINE_CURVE((1.,0.5,1.,0.5,1.,0.5,1.)) REPRESENTATION_ITEM(
  '') );
#12352 = CARTESIAN_POINT('',(20.,-1.7763568394E-15));
#12353 = CARTESIAN_POINT('',(2.679491924311,-1.7763568394E-15));
#12354 = CARTESIAN_POINT('',(11.339745962156,15.));
#12355 = CARTESIAN_POINT('',(20.,30.));
#12356 = CARTESIAN_POINT('',(28.660254037844,15.));
#12357 = CARTESIAN_POINT('',(37.320508075689,1.42108547152E-14));
#12358 = CARTESIAN_POINT('',(20.,-1.7763568394E-15));
#12359 = ( GEOMETRIC_REPRESENTATION_CONTEXT(2) 
PARAMETRIC_REPRESENTATION_CONTEXT() REPRESENTATION_CONTEXT('2D SPACE',''
  ) );
#12360 = PCURVE('',#12085,#12361);
#12361 = DEFINITIONAL_REPRESENTATION('',(#12362),#12366);
#12362 = LINE('',#12363,#12364);
#12363 = CARTESIAN_POINT('',(4.712388980385,-0.));
#12364 = VECTOR('',#12365,1.);
#12365 = DIRECTION('',(-1.,0.));
#12366 = ( GEOMETRIC_REPRESENTATION_CONTEXT(2) 
PARAMETRIC_REPRESENTATION_CONTEXT() REPRESENTATION_CONTEXT('2D SPACE',''
  ) );
#12367 = ORIENTED_EDGE('',*,*,#12368,.T.);
#12368 = EDGE_CURVE('',#12341,#12369,#12371,.T.);
#12369 = VERTEX_POINT('',#12370);
#12370 = CARTESIAN_POINT('',(15.,1.,-1.));
#12371 = SURFACE_CURVE('',#12372,(#12376,#12383),.PCURVE_S1.);
#12372 = LINE('',#12373,#12374);
#12373 = CARTESIAN_POINT('',(15.,-11.,-1.));
#12374 = VECTOR('',#12375,1.);
#12375 = DIRECTION('',(-0.,1.,0.));
#12376 = PCURVE('',#11970,#12377);
#12377 = DEFINITIONAL_REPRESENTATION('',(#12378),#12382);
#12378 = LINE('',#12379,#12380);
#12379 = CARTESIAN_POINT('',(30.,0.));
#12380 = VECTOR('',#12381,1.);
#12381 = DIRECTION('',(0.,1.));
#12382 = ( GEOMETRIC_REPRESENTATION_CONTEXT(2) 
PARAMETRIC_REPRESENTATION_CONTEXT() REPRESENTATION_CONTEXT('2D SPACE',''
  ) );
#12383 = PCURVE('',#12113,#12384);
#12384 = DEFINITIONAL_REPRESENTATION('',(#12385),#12389);
#12385 = LINE('',#12386,#12387);
#12386 = CARTESIAN_POINT('',(0.,0.));
#12387 = VECTOR('',#12388,1.);
#12388 = DIRECTION('',(0.,-1.));
#12389 = ( GEOMETRIC_REPRESENTATION_CONTEXT(2) 
PARAMETRIC_REPRESENTATION_CONTEXT() REPRESENTATION_CONTEXT('2D SPACE',''
  ) );
#12390 = ORIENTED_EDGE('',*,*,#12391,.T.);
#12391 = EDGE_CURVE('',#12369,#12392,#12394,.T.);
#12392 = VERTEX_POINT('',#12393);
#12393 = CARTESIAN_POINT('',(5.,11.,-1.));
#12394 = SURFACE_CURVE('',#12395,(#12400,#12407),.PCURVE_S1.);
#12395 = CIRCLE('',#12396,10.);
#12396 = AXIS2_PLACEMENT_3D('',#12397,#12398,#12399);
#12397 = CARTESIAN_POINT('',(5.,1.,-1.));
#12398 = DIRECTION('',(0.,0.,1.));
#12399 = DIRECTION('',(0.,-1.,0.));
#12400 = PCURVE('',#11970,#12401);
#12401 = DEFINITIONAL_REPRESENTATION('',(#12402),#12406);
#12402 = CIRCLE('',#12403,10.);
#12403 = AXIS2_PLACEMENT_2D('',#12404,#12405);
#12404 = CARTESIAN_POINT('',(20.,12.));
#12405 = DIRECTION('',(0.,-1.));
#12406 = ( GEOMETRIC_REPRESENTATION_CONTEXT(2) 
PARAMETRIC_REPRESENTATION_CONTEXT() REPRESENTATION_CONTEXT('2D SPACE',''
  ) );
#12407 = PCURVE('',#12142,#12408);
#12408 = DEFINITIONAL_REPRESENTATION('',(#12409),#12413);
#12409 = LINE('',#12410,#12411);
#12410 = CARTESIAN_POINT('',(-1.570796326795,0.));
#12411 = VECTOR('',#12412,1.);
#12412 = DIRECTION('',(1.,0.));
#12413 = ( GEOMETRIC_REPRESENTATION_CONTEXT(2) 
PARAMETRIC_REPRESENTATION_CONTEXT() REPRESENTATION_CONTEXT('2D SPACE',''
  ) );
#12414 = ORIENTED_EDGE('',*,*,#12415,.F.);
#12415 = EDGE_CURVE('',#12262,#12392,#12416,.T.);
#12416 = SURFACE_CURVE('',#12417,(#12421,#12428),.PCURVE_S1.);
#12417 = LINE('',#12418,#12419);
#12418 = CARTESIAN_POINT('',(-15.,11.,-1.));
#12419 = VECTOR('',#12420,1.);
#12420 = DIRECTION('',(1.,0.,-0.));
#12421 = PCURVE('',#11970,#12422);
#12422 = DEFINITIONAL_REPRESENTATION('',(#12423),#12427);
#12423 = LINE('',#12424,#12425);
#12424 = CARTESIAN_POINT('',(0.,22.));
#12425 = VECTOR('',#12426,1.);
#12426 = DIRECTION('',(1.,0.));
#12427 = ( GEOMETRIC_REPRESENTATION_CONTEXT(2) 
PARAMETRIC_REPRESENTATION_CONTEXT() REPRESENTATION_CONTEXT('2D SPACE',''
  ) );
#12428 = PCURVE('',#12170,#12429);
#12429 = DEFINITIONAL_REPRESENTATION('',(#12430),#12434);
#12430 = LINE('',#12431,#12432);
#12431 = CARTESIAN_POINT('',(0.,0.));
#12432 = VECTOR('',#12433,1.);
#12433 = DIRECTION('',(0.,1.));
#12434 = ( GEOMETRIC_REPRESENTATION_CONTEXT(2) 
PARAMETRIC_REPRESENTATION_CONTEXT() REPRESENTATION_CONTEXT('2D SPACE',''
  ) );
#12435 = ORIENTED_EDGE('',*,*,#12261,.F.);
#12436 = ADVANCED_FACE('',(#12437),#12052,.F.);
#12437 = FACE_BOUND('',#12438,.F.);
#12438 = EDGE_LOOP('',(#12439,#12440,#12441,#12442));
#12439 = ORIENTED_EDGE('',*,*,#12317,.F.);
#12440 = ORIENTED_EDGE('',*,*,#12235,.T.);
#12441 = ORIENTED_EDGE('',*,*,#12036,.T.);
#12442 = ORIENTED_EDGE('',*,*,#12443,.F.);
#12443 = EDGE_CURVE('',#12318,#12037,#12444,.T.);
#12444 = SURFACE_CURVE('',#12445,(#12449,#12456),.PCURVE_S1.);
#12445 = LINE('',#12446,#12447);
#12446 = CARTESIAN_POINT('',(5.,-11.,-1.));
#12447 = VECTOR('',#12448,1.);
#12448 = DIRECTION('',(0.,0.,1.));
#12449 = PCURVE('',#12052,#12450);
#12450 = DEFINITIONAL_REPRESENTATION('',(#12451),#12455);
#12451 = LINE('',#12452,#12453);
#12452 = CARTESIAN_POINT('',(0.,20.));
#12453 = VECTOR('',#12454,1.);
#12454 = DIRECTION('',(1.,0.));
#12455 = ( GEOMETRIC_REPRESENTATION_CONTEXT(2) 
PARAMETRIC_REPRESENTATION_CONTEXT() REPRESENTATION_CONTEXT('2D SPACE',''
  ) );
#12456 = PCURVE('',#12085,#12457);
#12457 = DEFINITIONAL_REPRESENTATION('',(#12458),#12462);
#12458 = LINE('',#12459,#12460);
#12459 = CARTESIAN_POINT('',(-1.570796326795,0.));
#12460 = VECTOR('',#12461,1.);
#12461 = DIRECTION('',(-0.,1.));
#12462 = ( GEOMETRIC_REPRESENTATION_CONTEXT(2) 
PARAMETRIC_REPRESENTATION_CONTEXT() REPRESENTATION_CONTEXT('2D SPACE',''
  ) );
#12463 = ADVANCED_FACE('',(#12464),#12170,.T.);
#12464 = FACE_BOUND('',#12465,.T.);
#12465 = EDGE_LOOP('',(#12466,#12467,#12468,#12469));
#12466 = ORIENTED_EDGE('',*,*,#12415,.F.);
#12467 = ORIENTED_EDGE('',*,*,#12289,.T.);
#12468 = ORIENTED_EDGE('',*,*,#12154,.T.);
#12469 = ORIENTED_EDGE('',*,*,#12470,.F.);
#12470 = EDGE_CURVE('',#12392,#12126,#12471,.T.);
#12471 = SURFACE_CURVE('',#12472,(#12476,#12483),.PCURVE_S1.);
#12472 = LINE('',#12473,#12474);
#12473 = CARTESIAN_POINT('',(5.,11.,-1.));
#12474 = VECTOR('',#12475,1.);
#12475 = DIRECTION('',(0.,0.,1.));
#12476 = PCURVE('',#12170,#12477);
#12477 = DEFINITIONAL_REPRESENTATION('',(#12478),#12482);
#12478 = LINE('',#12479,#12480);
#12479 = CARTESIAN_POINT('',(0.,20.));
#12480 = VECTOR('',#12481,1.);
#12481 = DIRECTION('',(1.,0.));
#12482 = ( GEOMETRIC_REPRESENTATION_CONTEXT(2) 
PARAMETRIC_REPRESENTATION_CONTEXT() REPRESENTATION_CONTEXT('2D SPACE',''
  ) );
#12483 = PCURVE('',#12142,#12484);
#12484 = DEFINITIONAL_REPRESENTATION('',(#12485),#12489);
#12485 = LINE('',#12486,#12487);
#12486 = CARTESIAN_POINT('',(1.570796326795,0.));
#12487 = VECTOR('',#12488,1.);
#12488 = DIRECTION('',(0.,1.));
#12489 = ( GEOMETRIC_REPRESENTATION_CONTEXT(2) 
PARAMETRIC_REPRESENTATION_CONTEXT() REPRESENTATION_CONTEXT('2D SPACE',''
  ) );
#12490 = ADVANCED_FACE('',(#12491),#12085,.T.);
#12491 = FACE_BOUND('',#12492,.F.);
#12492 = EDGE_LOOP('',(#12493,#12494,#12495,#12496));
#12493 = ORIENTED_EDGE('',*,*,#12340,.T.);
#12494 = ORIENTED_EDGE('',*,*,#12443,.T.);
#12495 = ORIENTED_EDGE('',*,*,#12064,.F.);
#12496 = ORIENTED_EDGE('',*,*,#12497,.F.);
#12497 = EDGE_CURVE('',#12341,#12065,#12498,.T.);
#12498 = SURFACE_CURVE('',#12499,(#12503,#12510),.PCURVE_S1.);
#12499 = LINE('',#12500,#12501);
#12500 = CARTESIAN_POINT('',(15.,-1.,-1.));
#12501 = VECTOR('',#12502,1.);
#12502 = DIRECTION('',(0.,0.,1.));
#12503 = PCURVE('',#12085,#12504);
#12504 = DEFINITIONAL_REPRESENTATION('',(#12505),#12509);
#12505 = LINE('',#12506,#12507);
#12506 = CARTESIAN_POINT('',(-0.,0.));
#12507 = VECTOR('',#12508,1.);
#12508 = DIRECTION('',(-0.,1.));
#12509 = ( GEOMETRIC_REPRESENTATION_CONTEXT(2) 
PARAMETRIC_REPRESENTATION_CONTEXT() REPRESENTATION_CONTEXT('2D SPACE',''
  ) );
#12510 = PCURVE('',#12113,#12511);
#12511 = DEFINITIONAL_REPRESENTATION('',(#12512),#12516);
#12512 = LINE('',#12513,#12514);
#12513 = CARTESIAN_POINT('',(0.,-10.));
#12514 = VECTOR('',#12515,1.);
#12515 = DIRECTION('',(1.,0.));
#12516 = ( GEOMETRIC_REPRESENTATION_CONTEXT(2) 
PARAMETRIC_REPRESENTATION_CONTEXT() REPRESENTATION_CONTEXT('2D SPACE',''
  ) );
#12517 = ADVANCED_FACE('',(#12518),#12142,.T.);
#12518 = FACE_BOUND('',#12519,.T.);
#12519 = EDGE_LOOP('',(#12520,#12521,#12522,#12523));
#12520 = ORIENTED_EDGE('',*,*,#12391,.T.);
#12521 = ORIENTED_EDGE('',*,*,#12470,.T.);
#12522 = ORIENTED_EDGE('',*,*,#12125,.F.);
#12523 = ORIENTED_EDGE('',*,*,#12524,.F.);
#12524 = EDGE_CURVE('',#12369,#12098,#12525,.T.);
#12525 = SURFACE_CURVE('',#12526,(#12530,#12537),.PCURVE_S1.);
#12526 = LINE('',#12527,#12528);
#12527 = CARTESIAN_POINT('',(15.,1.,-1.));
#12528 = VECTOR('',#12529,1.);
#12529 = DIRECTION('',(0.,0.,1.));
#12530 = PCURVE('',#12142,#12531);
#12531 = DEFINITIONAL_REPRESENTATION('',(#12532),#12536);
#12532 = LINE('',#12533,#12534);
#12533 = CARTESIAN_POINT('',(0.,0.));
#12534 = VECTOR('',#12535,1.);
#12535 = DIRECTION('',(0.,1.));
#12536 = ( GEOMETRIC_REPRESENTATION_CONTEXT(2) 
PARAMETRIC_REPRESENTATION_CONTEXT() REPRESENTATION_CONTEXT('2D SPACE',''
  ) );
#12537 = PCURVE('',#12113,#12538);
#12538 = DEFINITIONAL_REPRESENTATION('',(#12539),#12543);
#12539 = LINE('',#12540,#12541);
#12540 = CARTESIAN_POINT('',(0.,-12.));
#12541 = VECTOR('',#12542,1.);
#12542 = DIRECTION('',(1.,0.));
#12543 = ( GEOMETRIC_REPRESENTATION_CONTEXT(2) 
PARAMETRIC_REPRESENTATION_CONTEXT() REPRESENTATION_CONTEXT('2D SPACE',''
  ) );
#12544 = ADVANCED_FACE('',(#12545),#12113,.T.);
#12545 = FACE_BOUND('',#12546,.T.);
#12546 = EDGE_LOOP('',(#12547,#12548,#12549,#12550));
#12547 = ORIENTED_EDGE('',*,*,#12097,.F.);
#12548 = ORIENTED_EDGE('',*,*,#12497,.F.);
#12549 = ORIENTED_EDGE('',*,*,#12368,.T.);
#12550 = ORIENTED_EDGE('',*,*,#12524,.T.);
#12551 = ( GEOMETRIC_REPRESENTATION_CONTEXT(3) 
GLOBAL_UNCERTAINTY_ASSIGNED_CONTEXT((#12555)) 
GLOBAL_UNIT_ASSIGNED_CONTEXT((#12552,#12553,#12554)) 
REPRESENTATION_CONTEXT('Context #1',
  '3D Context with UNIT and UNCERTAINTY') );
#12552 = ( LENGTH_UNIT() NAMED_UNIT(*) SI_UNIT(.MILLI.,.METRE.) );
#12553 = ( NAMED_UNIT(*) PLANE_ANGLE_UNIT() SI_UNIT($,.RADIAN.) );
#12554 = ( NAMED_UNIT(*) SI_UNIT($,.STERADIAN.) SOLID_ANGLE_UNIT() );
#12555 = UNCERTAINTY_MEASURE_WITH_UNIT(LENGTH_MEASURE(1.E-07),#12552,
  'distance_accuracy_value','confusion accuracy');
#12556 = CONTEXT_DEPENDENT_SHAPE_REPRESENTATION(#12557,#12559);
#12557 = ( REPRESENTATION_RELATIONSHIP('','',#11884,#10) 
REPRESENTATION_RELATIONSHIP_WITH_TRANSFORMATION(#12558) 
SHAPE_REPRESENTATION_RELATIONSHIP() );
#12558 = ITEM_DEFINED_TRANSFORMATION('','',#11,#51);
#12559 = PRODUCT_DEFINITION_SHAPE('Placement','Placement of an item',
  #12560);
#12560 = NEXT_ASSEMBLY_USAGE_OCCURRENCE('10','SENSOR_PILL','',#5,#11879,
  $);
#12561 = PRODUCT_RELATED_PRODUCT_CATEGORY('part',$,(#11881));
#12562 = SHAPE_DEFINITION_REPRESENTATION(#12563,#12569);
#12563 = PRODUCT_DEFINITION_SHAPE('','',#12564);
#12564 = PRODUCT_DEFINITION('design','',#12565,#12568);
#12565 = PRODUCT_DEFINITION_FORMATION('','',#12566);
#12566 = PRODUCT('TOF_WINDOW','TOF_WINDOW','',(#12567));
#12567 = PRODUCT_CONTEXT('',#2,'mechanical');
#12568 = PRODUCT_DEFINITION_CONTEXT('part definition',#2,'design');
#12569 = ADVANCED_BREP_SHAPE_REPRESENTATION('',(#11,#12570),#12668);
#12570 = MANIFOLD_SOLID_BREP('',#12571);
#12571 = CLOSED_SHELL('',(#12572,#12660,#12664));
#12572 = ADVANCED_FACE('',(#12573),#12586,.T.);
#12573 = FACE_BOUND('',#12574,.T.);
#12574 = EDGE_LOOP('',(#12575,#12609,#12632,#12659));
#12575 = ORIENTED_EDGE('',*,*,#12576,.F.);
#12576 = EDGE_CURVE('',#12577,#12577,#12579,.T.);
#12577 = VERTEX_POINT('',#12578);
#12578 = CARTESIAN_POINT('',(4.5,-1.102182119233E-15,0.5));
#12579 = SURFACE_CURVE('',#12580,(#12585,#12597),.PCURVE_S1.);
#12580 = CIRCLE('',#12581,4.5);
#12581 = AXIS2_PLACEMENT_3D('',#12582,#12583,#12584);
#12582 = CARTESIAN_POINT('',(0.,0.,0.5));
#12583 = DIRECTION('',(0.,0.,1.));
#12584 = DIRECTION('',(1.,0.,-0.));
#12585 = PCURVE('',#12586,#12591);
#12586 = CYLINDRICAL_SURFACE('',#12587,4.5);
#12587 = AXIS2_PLACEMENT_3D('',#12588,#12589,#12590);
#12588 = CARTESIAN_POINT('',(0.,0.,-0.5));
#12589 = DIRECTION('',(0.,0.,1.));
#12590 = DIRECTION('',(1.,0.,-0.));
#12591 = DEFINITIONAL_REPRESENTATION('',(#12592),#12596);
#12592 = LINE('',#12593,#12594);
#12593 = CARTESIAN_POINT('',(0.,1.));
#12594 = VECTOR('',#12595,1.);
#12595 = DIRECTION('',(1.,0.));
#12596 = ( GEOMETRIC_REPRESENTATION_CONTEXT(2) 
PARAMETRIC_REPRESENTATION_CONTEXT() REPRESENTATION_CONTEXT('2D SPACE',''
  ) );
#12597 = PCURVE('',#12598,#12603);
#12598 = PLANE('',#12599);
#12599 = AXIS2_PLACEMENT_3D('',#12600,#12601,#12602);
#12600 = CARTESIAN_POINT('',(0.,0.,0.5));
#12601 = DIRECTION('',(0.,0.,1.));
#12602 = DIRECTION('',(1.,0.,-0.));
#12603 = DEFINITIONAL_REPRESENTATION('',(#12604),#12608);
#12604 = CIRCLE('',#12605,4.5);
#12605 = AXIS2_PLACEMENT_2D('',#12606,#12607);
#12606 = CARTESIAN_POINT('',(0.,0.));
#12607 = DIRECTION('',(1.,0.));
#12608 = ( GEOMETRIC_REPRESENTATION_CONTEXT(2) 
PARAMETRIC_REPRESENTATION_CONTEXT() REPRESENTATION_CONTEXT('2D SPACE',''
  ) );
#12609 = ORIENTED_EDGE('',*,*,#12610,.F.);
#12610 = EDGE_CURVE('',#12611,#12577,#12613,.T.);
#12611 = VERTEX_POINT('',#12612);
#12612 = CARTESIAN_POINT('',(4.5,-1.102182119233E-15,-0.5));
#12613 = SEAM_CURVE('',#12614,(#12618,#12625),.PCURVE_S1.);
#12614 = LINE('',#12615,#12616);
#12615 = CARTESIAN_POINT('',(4.5,-1.102182119233E-15,-0.5));
#12616 = VECTOR('',#12617,1.);
#12617 = DIRECTION('',(0.,0.,1.));
#12618 = PCURVE('',#12586,#12619);
#12619 = DEFINITIONAL_REPRESENTATION('',(#12620),#12624);
#12620 = LINE('',#12621,#12622);
#12621 = CARTESIAN_POINT('',(6.28318530718,-0.));
#12622 = VECTOR('',#12623,1.);
#12623 = DIRECTION('',(0.,1.));
#12624 = ( GEOMETRIC_REPRESENTATION_CONTEXT(2) 
PARAMETRIC_REPRESENTATION_CONTEXT() REPRESENTATION_CONTEXT('2D SPACE',''
  ) );
#12625 = PCURVE('',#12586,#12626);
#12626 = DEFINITIONAL_REPRESENTATION('',(#12627),#12631);
#12627 = LINE('',#12628,#12629);
#12628 = CARTESIAN_POINT('',(0.,-0.));
#12629 = VECTOR('',#12630,1.);
#12630 = DIRECTION('',(0.,1.));
#12631 = ( GEOMETRIC_REPRESENTATION_CONTEXT(2) 
PARAMETRIC_REPRESENTATION_CONTEXT() REPRESENTATION_CONTEXT('2D SPACE',''
  ) );
#12632 = ORIENTED_EDGE('',*,*,#12633,.T.);
#12633 = EDGE_CURVE('',#12611,#12611,#12634,.T.);
#12634 = SURFACE_CURVE('',#12635,(#12640,#12647),.PCURVE_S1.);
#12635 = CIRCLE('',#12636,4.5);
#12636 = AXIS2_PLACEMENT_3D('',#12637,#12638,#12639);
#12637 = CARTESIAN_POINT('',(0.,0.,-0.5));
#12638 = DIRECTION('',(0.,0.,1.));
#12639 = DIRECTION('',(1.,0.,-0.));
#12640 = PCURVE('',#12586,#12641);
#12641 = DEFINITIONAL_REPRESENTATION('',(#12642),#12646);
#12642 = LINE('',#12643,#12644);
#12643 = CARTESIAN_POINT('',(0.,0.));
#12644 = VECTOR('',#12645,1.);
#12645 = DIRECTION('',(1.,0.));
#12646 = ( GEOMETRIC_REPRESENTATION_CONTEXT(2) 
PARAMETRIC_REPRESENTATION_CONTEXT() REPRESENTATION_CONTEXT('2D SPACE',''
  ) );
#12647 = PCURVE('',#12648,#12653);
#12648 = PLANE('',#12649);
#12649 = AXIS2_PLACEMENT_3D('',#12650,#12651,#12652);
#12650 = CARTESIAN_POINT('',(0.,0.,-0.5));
#12651 = DIRECTION('',(0.,0.,1.));
#12652 = DIRECTION('',(1.,0.,-0.));
#12653 = DEFINITIONAL_REPRESENTATION('',(#12654),#12658);
#12654 = CIRCLE('',#12655,4.5);
#12655 = AXIS2_PLACEMENT_2D('',#12656,#12657);
#12656 = CARTESIAN_POINT('',(0.,0.));
#12657 = DIRECTION('',(1.,0.));
#12658 = ( GEOMETRIC_REPRESENTATION_CONTEXT(2) 
PARAMETRIC_REPRESENTATION_CONTEXT() REPRESENTATION_CONTEXT('2D SPACE',''
  ) );
#12659 = ORIENTED_EDGE('',*,*,#12610,.T.);
#12660 = ADVANCED_FACE('',(#12661),#12598,.T.);
#12661 = FACE_BOUND('',#12662,.T.);
#12662 = EDGE_LOOP('',(#12663));
#12663 = ORIENTED_EDGE('',*,*,#12576,.T.);
#12664 = ADVANCED_FACE('',(#12665),#12648,.F.);
#12665 = FACE_BOUND('',#12666,.T.);
#12666 = EDGE_LOOP('',(#12667));
#12667 = ORIENTED_EDGE('',*,*,#12633,.F.);
#12668 = ( GEOMETRIC_REPRESENTATION_CONTEXT(3) 
GLOBAL_UNCERTAINTY_ASSIGNED_CONTEXT((#12672)) 
GLOBAL_UNIT_ASSIGNED_CONTEXT((#12669,#12670,#12671)) 
REPRESENTATION_CONTEXT('Context #1',
  '3D Context with UNIT and UNCERTAINTY') );
#12669 = ( LENGTH_UNIT() NAMED_UNIT(*) SI_UNIT(.MILLI.,.METRE.) );
#12670 = ( NAMED_UNIT(*) PLANE_ANGLE_UNIT() SI_UNIT($,.RADIAN.) );
#12671 = ( NAMED_UNIT(*) SI_UNIT($,.STERADIAN.) SOLID_ANGLE_UNIT() );
#12672 = UNCERTAINTY_MEASURE_WITH_UNIT(LENGTH_MEASURE(1.E-07),#12669,
  'distance_accuracy_value','confusion accuracy');
#12673 = CONTEXT_DEPENDENT_SHAPE_REPRESENTATION(#12674,#12676);
#12674 = ( REPRESENTATION_RELATIONSHIP('','',#12569,#10) 
REPRESENTATION_RELATIONSHIP_WITH_TRANSFORMATION(#12675) 
SHAPE_REPRESENTATION_RELATIONSHIP() );
#12675 = ITEM_DEFINED_TRANSFORMATION('','',#11,#55);
#12676 = PRODUCT_DEFINITION_SHAPE('Placement','Placement of an item',
  #12677);
#12677 = NEXT_ASSEMBLY_USAGE_OCCURRENCE('11','TOF_WINDOW','',#5,#12564,$
  );
#12678 = PRODUCT_RELATED_PRODUCT_CATEGORY('part',$,(#12566));
#12679 = SHAPE_DEFINITION_REPRESENTATION(#12680,#12686);
#12680 = PRODUCT_DEFINITION_SHAPE('','',#12681);
#12681 = PRODUCT_DEFINITION('design','',#12682,#12685);
#12682 = PRODUCT_DEFINITION_FORMATION('','',#12683);
#12683 = PRODUCT('LED_WINDOW','LED_WINDOW','',(#12684));
#12684 = PRODUCT_CONTEXT('',#2,'mechanical');
#12685 = PRODUCT_DEFINITION_CONTEXT('part definition',#2,'design');
#12686 = ADVANCED_BREP_SHAPE_REPRESENTATION('',(#11,#12687),#12785);
#12687 = MANIFOLD_SOLID_BREP('',#12688);
#12688 = CLOSED_SHELL('',(#12689,#12777,#12781));
#12689 = ADVANCED_FACE('',(#12690),#12703,.T.);
#12690 = FACE_BOUND('',#12691,.T.);
#12691 = EDGE_LOOP('',(#12692,#12726,#12749,#12776));
#12692 = ORIENTED_EDGE('',*,*,#12693,.F.);
#12693 = EDGE_CURVE('',#12694,#12694,#12696,.T.);
#12694 = VERTEX_POINT('',#12695);
#12695 = CARTESIAN_POINT('',(5.,-1.224646799147E-15,0.5));
#12696 = SURFACE_CURVE('',#12697,(#12702,#12714),.PCURVE_S1.);
#12697 = CIRCLE('',#12698,5.);
#12698 = AXIS2_PLACEMENT_3D('',#12699,#12700,#12701);
#12699 = CARTESIAN_POINT('',(0.,0.,0.5));
#12700 = DIRECTION('',(0.,0.,1.));
#12701 = DIRECTION('',(1.,0.,-0.));
#12702 = PCURVE('',#12703,#12708);
#12703 = CYLINDRICAL_SURFACE('',#12704,5.);
#12704 = AXIS2_PLACEMENT_3D('',#12705,#12706,#12707);
#12705 = CARTESIAN_POINT('',(0.,0.,-0.5));
#12706 = DIRECTION('',(0.,0.,1.));
#12707 = DIRECTION('',(1.,0.,-0.));
#12708 = DEFINITIONAL_REPRESENTATION('',(#12709),#12713);
#12709 = LINE('',#12710,#12711);
#12710 = CARTESIAN_POINT('',(0.,1.));
#12711 = VECTOR('',#12712,1.);
#12712 = DIRECTION('',(1.,0.));
#12713 = ( GEOMETRIC_REPRESENTATION_CONTEXT(2) 
PARAMETRIC_REPRESENTATION_CONTEXT() REPRESENTATION_CONTEXT('2D SPACE',''
  ) );
#12714 = PCURVE('',#12715,#12720);
#12715 = PLANE('',#12716);
#12716 = AXIS2_PLACEMENT_3D('',#12717,#12718,#12719);
#12717 = CARTESIAN_POINT('',(0.,0.,0.5));
#12718 = DIRECTION('',(0.,0.,1.));
#12719 = DIRECTION('',(1.,0.,-0.));
#12720 = DEFINITIONAL_REPRESENTATION('',(#12721),#12725);
#12721 = CIRCLE('',#12722,5.);
#12722 = AXIS2_PLACEMENT_2D('',#12723,#12724);
#12723 = CARTESIAN_POINT('',(0.,0.));
#12724 = DIRECTION('',(1.,0.));
#12725 = ( GEOMETRIC_REPRESENTATION_CONTEXT(2) 
PARAMETRIC_REPRESENTATION_CONTEXT() REPRESENTATION_CONTEXT('2D SPACE',''
  ) );
#12726 = ORIENTED_EDGE('',*,*,#12727,.F.);
#12727 = EDGE_CURVE('',#12728,#12694,#12730,.T.);
#12728 = VERTEX_POINT('',#12729);
#12729 = CARTESIAN_POINT('',(5.,-1.224646799147E-15,-0.5));
#12730 = SEAM_CURVE('',#12731,(#12735,#12742),.PCURVE_S1.);
#12731 = LINE('',#12732,#12733);
#12732 = CARTESIAN_POINT('',(5.,-1.224646799147E-15,-0.5));
#12733 = VECTOR('',#12734,1.);
#12734 = DIRECTION('',(0.,0.,1.));
#12735 = PCURVE('',#12703,#12736);
#12736 = DEFINITIONAL_REPRESENTATION('',(#12737),#12741);
#12737 = LINE('',#12738,#12739);
#12738 = CARTESIAN_POINT('',(6.28318530718,-0.));
#12739 = VECTOR('',#12740,1.);
#12740 = DIRECTION('',(0.,1.));
#12741 = ( GEOMETRIC_REPRESENTATION_CONTEXT(2) 
PARAMETRIC_REPRESENTATION_CONTEXT() REPRESENTATION_CONTEXT('2D SPACE',''
  ) );
#12742 = PCURVE('',#12703,#12743);
#12743 = DEFINITIONAL_REPRESENTATION('',(#12744),#12748);
#12744 = LINE('',#12745,#12746);
#12745 = CARTESIAN_POINT('',(0.,-0.));
#12746 = VECTOR('',#12747,1.);
#12747 = DIRECTION('',(0.,1.));
#12748 = ( GEOMETRIC_REPRESENTATION_CONTEXT(2) 
PARAMETRIC_REPRESENTATION_CONTEXT() REPRESENTATION_CONTEXT('2D SPACE',''
  ) );
#12749 = ORIENTED_EDGE('',*,*,#12750,.T.);
#12750 = EDGE_CURVE('',#12728,#12728,#12751,.T.);
#12751 = SURFACE_CURVE('',#12752,(#12757,#12764),.PCURVE_S1.);
#12752 = CIRCLE('',#12753,5.);
#12753 = AXIS2_PLACEMENT_3D('',#12754,#12755,#12756);
#12754 = CARTESIAN_POINT('',(0.,0.,-0.5));
#12755 = DIRECTION('',(0.,0.,1.));
#12756 = DIRECTION('',(1.,0.,-0.));
#12757 = PCURVE('',#12703,#12758);
#12758 = DEFINITIONAL_REPRESENTATION('',(#12759),#12763);
#12759 = LINE('',#12760,#12761);
#12760 = CARTESIAN_POINT('',(0.,0.));
#12761 = VECTOR('',#12762,1.);
#12762 = DIRECTION('',(1.,0.));
#12763 = ( GEOMETRIC_REPRESENTATION_CONTEXT(2) 
PARAMETRIC_REPRESENTATION_CONTEXT() REPRESENTATION_CONTEXT('2D SPACE',''
  ) );
#12764 = PCURVE('',#12765,#12770);
#12765 = PLANE('',#12766);
#12766 = AXIS2_PLACEMENT_3D('',#12767,#12768,#12769);
#12767 = CARTESIAN_POINT('',(0.,0.,-0.5));
#12768 = DIRECTION('',(0.,0.,1.));
#12769 = DIRECTION('',(1.,0.,-0.));
#12770 = DEFINITIONAL_REPRESENTATION('',(#12771),#12775);
#12771 = CIRCLE('',#12772,5.);
#12772 = AXIS2_PLACEMENT_2D('',#12773,#12774);
#12773 = CARTESIAN_POINT('',(0.,0.));
#12774 = DIRECTION('',(1.,0.));
#12775 = ( GEOMETRIC_REPRESENTATION_CONTEXT(2) 
PARAMETRIC_REPRESENTATION_CONTEXT() REPRESENTATION_CONTEXT('2D SPACE',''
  ) );
#12776 = ORIENTED_EDGE('',*,*,#12727,.T.);
#12777 = ADVANCED_FACE('',(#12778),#12715,.T.);
#12778 = FACE_BOUND('',#12779,.T.);
#12779 = EDGE_LOOP('',(#12780));
#12780 = ORIENTED_EDGE('',*,*,#12693,.T.);
#12781 = ADVANCED_FACE('',(#12782),#12765,.F.);
#12782 = FACE_BOUND('',#12783,.T.);
#12783 = EDGE_LOOP('',(#12784));
#12784 = ORIENTED_EDGE('',*,*,#12750,.F.);
#12785 = ( GEOMETRIC_REPRESENTATION_CONTEXT(3) 
GLOBAL_UNCERTAINTY_ASSIGNED_CONTEXT((#12789)) 
GLOBAL_UNIT_ASSIGNED_CONTEXT((#12786,#12787,#12788)) 
REPRESENTATION_CONTEXT('Context #1',
  '3D Context with UNIT and UNCERTAINTY') );
#12786 = ( LENGTH_UNIT() NAMED_UNIT(*) SI_UNIT(.MILLI.,.METRE.) );
#12787 = ( NAMED_UNIT(*) PLANE_ANGLE_UNIT() SI_UNIT($,.RADIAN.) );
#12788 = ( NAMED_UNIT(*) SI_UNIT($,.STERADIAN.) SOLID_ANGLE_UNIT() );
#12789 = UNCERTAINTY_MEASURE_WITH_UNIT(LENGTH_MEASURE(1.E-07),#12786,
  'distance_accuracy_value','confusion accuracy');
#12790 = CONTEXT_DEPENDENT_SHAPE_REPRESENTATION(#12791,#12793);
#12791 = ( REPRESENTATION_RELATIONSHIP('','',#12686,#10) 
REPRESENTATION_RELATIONSHIP_WITH_TRANSFORMATION(#12792) 
SHAPE_REPRESENTATION_RELATIONSHIP() );
#12792 = ITEM_DEFINED_TRANSFORMATION('','',#11,#59);
#12793 = PRODUCT_DEFINITION_SHAPE('Placement','Placement of an item',
  #12794);
#12794 = NEXT_ASSEMBLY_USAGE_OCCURRENCE('12','LED_WINDOW','',#5,#12681,$
  );
#12795 = PRODUCT_RELATED_PRODUCT_CATEGORY('part',$,(#12683));
#12796 = SHAPE_DEFINITION_REPRESENTATION(#12797,#12803);
#12797 = PRODUCT_DEFINITION_SHAPE('','',#12798);
#12798 = PRODUCT_DEFINITION('design','',#12799,#12802);
#12799 = PRODUCT_DEFINITION_FORMATION('','',#12800);
#12800 = PRODUCT('TOF_ENVELOPE','TOF_ENVELOPE','',(#12801));
#12801 = PRODUCT_CONTEXT('',#2,'mechanical');
#12802 = PRODUCT_DEFINITION_CONTEXT('part definition',#2,'design');
#12803 = ADVANCED_BREP_SHAPE_REPRESENTATION('',(#11,#12804),#13134);
#12804 = MANIFOLD_SOLID_BREP('',#12805);
#12805 = CLOSED_SHELL('',(#12806,#12926,#13026,#13073,#13120,#13127));
#12806 = ADVANCED_FACE('',(#12807),#12821,.F.);
#12807 = FACE_BOUND('',#12808,.F.);
#12808 = EDGE_LOOP('',(#12809,#12844,#12872,#12900));
#12809 = ORIENTED_EDGE('',*,*,#12810,.F.);
#12810 = EDGE_CURVE('',#12811,#12813,#12815,.T.);
#12811 = VERTEX_POINT('',#12812);
#12812 = CARTESIAN_POINT('',(-3.,-3.,-1.5));
#12813 = VERTEX_POINT('',#12814);
#12814 = CARTESIAN_POINT('',(-3.,-3.,1.5));
#12815 = SURFACE_CURVE('',#12816,(#12820,#12832),.PCURVE_S1.);
#12816 = LINE('',#12817,#12818);
#12817 = CARTESIAN_POINT('',(-3.,-3.,-1.5));
#12818 = VECTOR('',#12819,1.);
#12819 = DIRECTION('',(0.,0.,1.));
#12820 = PCURVE('',#12821,#12826);
#12821 = PLANE('',#12822);
#12822 = AXIS2_PLACEMENT_3D('',#12823,#12824,#12825);
#12823 = CARTESIAN_POINT('',(-3.,-3.,-1.5));
#12824 = DIRECTION('',(1.,0.,-0.));
#12825 = DIRECTION('',(0.,0.,1.));
#12826 = DEFINITIONAL_REPRESENTATION('',(#12827),#12831);
#12827 = LINE('',#12828,#12829);
#12828 = CARTESIAN_POINT('',(0.,0.));
#12829 = VECTOR('',#12830,1.);
#12830 = DIRECTION('',(1.,0.));
#12831 = ( GEOMETRIC_REPRESENTATION_CONTEXT(2) 
PARAMETRIC_REPRESENTATION_CONTEXT() REPRESENTATION_CONTEXT('2D SPACE',''
  ) );
#12832 = PCURVE('',#12833,#12838);
#12833 = PLANE('',#12834);
#12834 = AXIS2_PLACEMENT_3D('',#12835,#12836,#12837);
#12835 = CARTESIAN_POINT('',(-3.,-3.,-1.5));
#12836 = DIRECTION('',(-0.,1.,0.));
#12837 = DIRECTION('',(0.,0.,1.));
#12838 = DEFINITIONAL_REPRESENTATION('',(#12839),#12843);
#12839 = LINE('',#12840,#12841);
#12840 = CARTESIAN_POINT('',(0.,0.));
#12841 = VECTOR('',#12842,1.);
#12842 = DIRECTION('',(1.,0.));
#12843 = ( GEOMETRIC_REPRESENTATION_CONTEXT(2) 
PARAMETRIC_REPRESENTATION_CONTEXT() REPRESENTATION_CONTEXT('2D SPACE',''
  ) );
#12844 = ORIENTED_EDGE('',*,*,#12845,.T.);
#12845 = EDGE_CURVE('',#12811,#12846,#12848,.T.);
#12846 = VERTEX_POINT('',#12847);
#12847 = CARTESIAN_POINT('',(-3.,3.,-1.5));
#12848 = SURFACE_CURVE('',#12849,(#12853,#12860),.PCURVE_S1.);
#12849 = LINE('',#12850,#12851);
#12850 = CARTESIAN_POINT('',(-3.,-3.,-1.5));
#12851 = VECTOR('',#12852,1.);
#12852 = DIRECTION('',(-0.,1.,0.));
#12853 = PCURVE('',#12821,#12854);
#12854 = DEFINITIONAL_REPRESENTATION('',(#12855),#12859);
#12855 = LINE('',#12856,#12857);
#12856 = CARTESIAN_POINT('',(0.,0.));
#12857 = VECTOR('',#12858,1.);
#12858 = DIRECTION('',(0.,-1.));
#12859 = ( GEOMETRIC_REPRESENTATION_CONTEXT(2) 
PARAMETRIC_REPRESENTATION_CONTEXT() REPRESENTATION_CONTEXT('2D SPACE',''
  ) );
#12860 = PCURVE('',#12861,#12866);
#12861 = PLANE('',#12862);
#12862 = AXIS2_PLACEMENT_3D('',#12863,#12864,#12865);
#12863 = CARTESIAN_POINT('',(-3.,-3.,-1.5));
#12864 = DIRECTION('',(0.,0.,1.));
#12865 = DIRECTION('',(1.,0.,-0.));
#12866 = DEFINITIONAL_REPRESENTATION('',(#12867),#12871);
#12867 = LINE('',#12868,#12869);
#12868 = CARTESIAN_POINT('',(0.,0.));
#12869 = VECTOR('',#12870,1.);
#12870 = DIRECTION('',(0.,1.));
#12871 = ( GEOMETRIC_REPRESENTATION_CONTEXT(2) 
PARAMETRIC_REPRESENTATION_CONTEXT() REPRESENTATION_CONTEXT('2D SPACE',''
  ) );
#12872 = ORIENTED_EDGE('',*,*,#12873,.T.);
#12873 = EDGE_CURVE('',#12846,#12874,#12876,.T.);
#12874 = VERTEX_POINT('',#12875);
#12875 = CARTESIAN_POINT('',(-3.,3.,1.5));
#12876 = SURFACE_CURVE('',#12877,(#12881,#12888),.PCURVE_S1.);
#12877 = LINE('',#12878,#12879);
#12878 = CARTESIAN_POINT('',(-3.,3.,-1.5));
#12879 = VECTOR('',#12880,1.);
#12880 = DIRECTION('',(0.,0.,1.));
#12881 = PCURVE('',#12821,#12882);
#12882 = DEFINITIONAL_REPRESENTATION('',(#12883),#12887);
#12883 = LINE('',#12884,#12885);
#12884 = CARTESIAN_POINT('',(0.,-6.));
#12885 = VECTOR('',#12886,1.);
#12886 = DIRECTION('',(1.,0.));
#12887 = ( GEOMETRIC_REPRESENTATION_CONTEXT(2) 
PARAMETRIC_REPRESENTATION_CONTEXT() REPRESENTATION_CONTEXT('2D SPACE',''
  ) );
#12888 = PCURVE('',#12889,#12894);
#12889 = PLANE('',#12890);
#12890 = AXIS2_PLACEMENT_3D('',#12891,#12892,#12893);
#12891 = CARTESIAN_POINT('',(-3.,3.,-1.5));
#12892 = DIRECTION('',(-0.,1.,0.));
#12893 = DIRECTION('',(0.,0.,1.));
#12894 = DEFINITIONAL_REPRESENTATION('',(#12895),#12899);
#12895 = LINE('',#12896,#12897);
#12896 = CARTESIAN_POINT('',(0.,0.));
#12897 = VECTOR('',#12898,1.);
#12898 = DIRECTION('',(1.,0.));
#12899 = ( GEOMETRIC_REPRESENTATION_CONTEXT(2) 
PARAMETRIC_REPRESENTATION_CONTEXT() REPRESENTATION_CONTEXT('2D SPACE',''
  ) );
#12900 = ORIENTED_EDGE('',*,*,#12901,.F.);
#12901 = EDGE_CURVE('',#12813,#12874,#12902,.T.);
#12902 = SURFACE_CURVE('',#12903,(#12907,#12914),.PCURVE_S1.);
#12903 = LINE('',#12904,#12905);
#12904 = CARTESIAN_POINT('',(-3.,-3.,1.5));
#12905 = VECTOR('',#12906,1.);
#12906 = DIRECTION('',(-0.,1.,0.));
#12907 = PCURVE('',#12821,#12908);
#12908 = DEFINITIONAL_REPRESENTATION('',(#12909),#12913);
#12909 = LINE('',#12910,#12911);
#12910 = CARTESIAN_POINT('',(3.,0.));
#12911 = VECTOR('',#12912,1.);
#12912 = DIRECTION('',(0.,-1.));
#12913 = ( GEOMETRIC_REPRESENTATION_CONTEXT(2) 
PARAMETRIC_REPRESENTATION_CONTEXT() REPRESENTATION_CONTEXT('2D SPACE',''
  ) );
#12914 = PCURVE('',#12915,#12920);
#12915 = PLANE('',#12916);
#12916 = AXIS2_PLACEMENT_3D('',#12917,#12918,#12919);
#12917 = CARTESIAN_POINT('',(-3.,-3.,1.5));
#12918 = DIRECTION('',(0.,0.,1.));
#12919 = DIRECTION('',(1.,0.,-0.));
#12920 = DEFINITIONAL_REPRESENTATION('',(#12921),#12925);
#12921 = LINE('',#12922,#12923);
#12922 = CARTESIAN_POINT('',(0.,0.));
#12923 = VECTOR('',#12924,1.);
#12924 = DIRECTION('',(0.,1.));
#12925 = ( GEOMETRIC_REPRESENTATION_CONTEXT(2) 
PARAMETRIC_REPRESENTATION_CONTEXT() REPRESENTATION_CONTEXT('2D SPACE',''
  ) );
#12926 = ADVANCED_FACE('',(#12927),#12941,.T.);
#12927 = FACE_BOUND('',#12928,.T.);
#12928 = EDGE_LOOP('',(#12929,#12959,#12982,#13005));
#12929 = ORIENTED_EDGE('',*,*,#12930,.F.);
#12930 = EDGE_CURVE('',#12931,#12933,#12935,.T.);
#12931 = VERTEX_POINT('',#12932);
#12932 = CARTESIAN_POINT('',(3.,-3.,-1.5));
#12933 = VERTEX_POINT('',#12934);
#12934 = CARTESIAN_POINT('',(3.,-3.,1.5));
#12935 = SURFACE_CURVE('',#12936,(#12940,#12952),.PCURVE_S1.);
#12936 = LINE('',#12937,#12938);
#12937 = CARTESIAN_POINT('',(3.,-3.,-1.5));
#12938 = VECTOR('',#12939,1.);
#12939 = DIRECTION('',(0.,0.,1.));
#12940 = PCURVE('',#12941,#12946);
#12941 = PLANE('',#12942);
#12942 = AXIS2_PLACEMENT_3D('',#12943,#12944,#12945);
#12943 = CARTESIAN_POINT('',(3.,-3.,-1.5));
#12944 = DIRECTION('',(1.,0.,-0.));
#12945 = DIRECTION('',(0.,0.,1.));
#12946 = DEFINITIONAL_REPRESENTATION('',(#12947),#12951);
#12947 = LINE('',#12948,#12949);
#12948 = CARTESIAN_POINT('',(0.,0.));
#12949 = VECTOR('',#12950,1.);
#12950 = DIRECTION('',(1.,0.));
#12951 = ( GEOMETRIC_REPRESENTATION_CONTEXT(2) 
PARAMETRIC_REPRESENTATION_CONTEXT() REPRESENTATION_CONTEXT('2D SPACE',''
  ) );
#12952 = PCURVE('',#12833,#12953);
#12953 = DEFINITIONAL_REPRESENTATION('',(#12954),#12958);
#12954 = LINE('',#12955,#12956);
#12955 = CARTESIAN_POINT('',(0.,6.));
#12956 = VECTOR('',#12957,1.);
#12957 = DIRECTION('',(1.,0.));
#12958 = ( GEOMETRIC_REPRESENTATION_CONTEXT(2) 
PARAMETRIC_REPRESENTATION_CONTEXT() REPRESENTATION_CONTEXT('2D SPACE',''
  ) );
#12959 = ORIENTED_EDGE('',*,*,#12960,.T.);
#12960 = EDGE_CURVE('',#12931,#12961,#12963,.T.);
#12961 = VERTEX_POINT('',#12962);
#12962 = CARTESIAN_POINT('',(3.,3.,-1.5));
#12963 = SURFACE_CURVE('',#12964,(#12968,#12975),.PCURVE_S1.);
#12964 = LINE('',#12965,#12966);
#12965 = CARTESIAN_POINT('',(3.,-3.,-1.5));
#12966 = VECTOR('',#12967,1.);
#12967 = DIRECTION('',(-0.,1.,0.));
#12968 = PCURVE('',#12941,#12969);
#12969 = DEFINITIONAL_REPRESENTATION('',(#12970),#12974);
#12970 = LINE('',#12971,#12972);
#12971 = CARTESIAN_POINT('',(0.,0.));
#12972 = VECTOR('',#12973,1.);
#12973 = DIRECTION('',(0.,-1.));
#12974 = ( GEOMETRIC_REPRESENTATION_CONTEXT(2) 
PARAMETRIC_REPRESENTATION_CONTEXT() REPRESENTATION_CONTEXT('2D SPACE',''
  ) );
#12975 = PCURVE('',#12861,#12976);
#12976 = DEFINITIONAL_REPRESENTATION('',(#12977),#12981);
#12977 = LINE('',#12978,#12979);
#12978 = CARTESIAN_POINT('',(6.,0.));
#12979 = VECTOR('',#12980,1.);
#12980 = DIRECTION('',(0.,1.));
#12981 = ( GEOMETRIC_REPRESENTATION_CONTEXT(2) 
PARAMETRIC_REPRESENTATION_CONTEXT() REPRESENTATION_CONTEXT('2D SPACE',''
  ) );
#12982 = ORIENTED_EDGE('',*,*,#12983,.T.);
#12983 = EDGE_CURVE('',#12961,#12984,#12986,.T.);
#12984 = VERTEX_POINT('',#12985);
#12985 = CARTESIAN_POINT('',(3.,3.,1.5));
#12986 = SURFACE_CURVE('',#12987,(#12991,#12998),.PCURVE_S1.);
#12987 = LINE('',#12988,#12989);
#12988 = CARTESIAN_POINT('',(3.,3.,-1.5));
#12989 = VECTOR('',#12990,1.);
#12990 = DIRECTION('',(0.,0.,1.));
#12991 = PCURVE('',#12941,#12992);
#12992 = DEFINITIONAL_REPRESENTATION('',(#12993),#12997);
#12993 = LINE('',#12994,#12995);
#12994 = CARTESIAN_POINT('',(0.,-6.));
#12995 = VECTOR('',#12996,1.);
#12996 = DIRECTION('',(1.,0.));
#12997 = ( GEOMETRIC_REPRESENTATION_CONTEXT(2) 
PARAMETRIC_REPRESENTATION_CONTEXT() REPRESENTATION_CONTEXT('2D SPACE',''
  ) );
#12998 = PCURVE('',#12889,#12999);
#12999 = DEFINITIONAL_REPRESENTATION('',(#13000),#13004);
#13000 = LINE('',#13001,#13002);
#13001 = CARTESIAN_POINT('',(0.,6.));
#13002 = VECTOR('',#13003,1.);
#13003 = DIRECTION('',(1.,0.));
#13004 = ( GEOMETRIC_REPRESENTATION_CONTEXT(2) 
PARAMETRIC_REPRESENTATION_CONTEXT() REPRESENTATION_CONTEXT('2D SPACE',''
  ) );
#13005 = ORIENTED_EDGE('',*,*,#13006,.F.);
#13006 = EDGE_CURVE('',#12933,#12984,#13007,.T.);
#13007 = SURFACE_CURVE('',#13008,(#13012,#13019),.PCURVE_S1.);
#13008 = LINE('',#13009,#13010);
#13009 = CARTESIAN_POINT('',(3.,-3.,1.5));
#13010 = VECTOR('',#13011,1.);
#13011 = DIRECTION('',(-0.,1.,0.));
#13012 = PCURVE('',#12941,#13013);
#13013 = DEFINITIONAL_REPRESENTATION('',(#13014),#13018);
#13014 = LINE('',#13015,#13016);
#13015 = CARTESIAN_POINT('',(3.,0.));
#13016 = VECTOR('',#13017,1.);
#13017 = DIRECTION('',(0.,-1.));
#13018 = ( GEOMETRIC_REPRESENTATION_CONTEXT(2) 
PARAMETRIC_REPRESENTATION_CONTEXT() REPRESENTATION_CONTEXT('2D SPACE',''
  ) );
#13019 = PCURVE('',#12915,#13020);
#13020 = DEFINITIONAL_REPRESENTATION('',(#13021),#13025);
#13021 = LINE('',#13022,#13023);
#13022 = CARTESIAN_POINT('',(6.,0.));
#13023 = VECTOR('',#13024,1.);
#13024 = DIRECTION('',(0.,1.));
#13025 = ( GEOMETRIC_REPRESENTATION_CONTEXT(2) 
PARAMETRIC_REPRESENTATION_CONTEXT() REPRESENTATION_CONTEXT('2D SPACE',''
  ) );
#13026 = ADVANCED_FACE('',(#13027),#12833,.F.);
#13027 = FACE_BOUND('',#13028,.F.);
#13028 = EDGE_LOOP('',(#13029,#13050,#13051,#13072));
#13029 = ORIENTED_EDGE('',*,*,#13030,.F.);
#13030 = EDGE_CURVE('',#12811,#12931,#13031,.T.);
#13031 = SURFACE_CURVE('',#13032,(#13036,#13043),.PCURVE_S1.);
#13032 = LINE('',#13033,#13034);
#13033 = CARTESIAN_POINT('',(-3.,-3.,-1.5));
#13034 = VECTOR('',#13035,1.);
#13035 = DIRECTION('',(1.,0.,-0.));
#13036 = PCURVE('',#12833,#13037);
#13037 = DEFINITIONAL_REPRESENTATION('',(#13038),#13042);
#13038 = LINE('',#13039,#13040);
#13039 = CARTESIAN_POINT('',(0.,0.));
#13040 = VECTOR('',#13041,1.);
#13041 = DIRECTION('',(0.,1.));
#13042 = ( GEOMETRIC_REPRESENTATION_CONTEXT(2) 
PARAMETRIC_REPRESENTATION_CONTEXT() REPRESENTATION_CONTEXT('2D SPACE',''
  ) );
#13043 = PCURVE('',#12861,#13044);
#13044 = DEFINITIONAL_REPRESENTATION('',(#13045),#13049);
#13045 = LINE('',#13046,#13047);
#13046 = CARTESIAN_POINT('',(0.,0.));
#13047 = VECTOR('',#13048,1.);
#13048 = DIRECTION('',(1.,0.));
#13049 = ( GEOMETRIC_REPRESENTATION_CONTEXT(2) 
PARAMETRIC_REPRESENTATION_CONTEXT() REPRESENTATION_CONTEXT('2D SPACE',''
  ) );
#13050 = ORIENTED_EDGE('',*,*,#12810,.T.);
#13051 = ORIENTED_EDGE('',*,*,#13052,.T.);
#13052 = EDGE_CURVE('',#12813,#12933,#13053,.T.);
#13053 = SURFACE_CURVE('',#13054,(#13058,#13065),.PCURVE_S1.);
#13054 = LINE('',#13055,#13056);
#13055 = CARTESIAN_POINT('',(-3.,-3.,1.5));
#13056 = VECTOR('',#13057,1.);
#13057 = DIRECTION('',(1.,0.,-0.));
#13058 = PCURVE('',#12833,#13059);
#13059 = DEFINITIONAL_REPRESENTATION('',(#13060),#13064);
#13060 = LINE('',#13061,#13062);
#13061 = CARTESIAN_POINT('',(3.,0.));
#13062 = VECTOR('',#13063,1.);
#13063 = DIRECTION('',(0.,1.));
#13064 = ( GEOMETRIC_REPRESENTATION_CONTEXT(2) 
PARAMETRIC_REPRESENTATION_CONTEXT() REPRESENTATION_CONTEXT('2D SPACE',''
  ) );
#13065 = PCURVE('',#12915,#13066);
#13066 = DEFINITIONAL_REPRESENTATION('',(#13067),#13071);
#13067 = LINE('',#13068,#13069);
#13068 = CARTESIAN_POINT('',(0.,0.));
#13069 = VECTOR('',#13070,1.);
#13070 = DIRECTION('',(1.,0.));
#13071 = ( GEOMETRIC_REPRESENTATION_CONTEXT(2) 
PARAMETRIC_REPRESENTATION_CONTEXT() REPRESENTATION_CONTEXT('2D SPACE',''
  ) );
#13072 = ORIENTED_EDGE('',*,*,#12930,.F.);
#13073 = ADVANCED_FACE('',(#13074),#12889,.T.);
#13074 = FACE_BOUND('',#13075,.T.);
#13075 = EDGE_LOOP('',(#13076,#13097,#13098,#13119));
#13076 = ORIENTED_EDGE('',*,*,#13077,.F.);
#13077 = EDGE_CURVE('',#12846,#12961,#13078,.T.);
#13078 = SURFACE_CURVE('',#13079,(#13083,#13090),.PCURVE_S1.);
#13079 = LINE('',#13080,#13081);
#13080 = CARTESIAN_POINT('',(-3.,3.,-1.5));
#13081 = VECTOR('',#13082,1.);
#13082 = DIRECTION('',(1.,0.,-0.));
#13083 = PCURVE('',#12889,#13084);
#13084 = DEFINITIONAL_REPRESENTATION('',(#13085),#13089);
#13085 = LINE('',#13086,#13087);
#13086 = CARTESIAN_POINT('',(0.,0.));
#13087 = VECTOR('',#13088,1.);
#13088 = DIRECTION('',(0.,1.));
#13089 = ( GEOMETRIC_REPRESENTATION_CONTEXT(2) 
PARAMETRIC_REPRESENTATION_CONTEXT() REPRESENTATION_CONTEXT('2D SPACE',''
  ) );
#13090 = PCURVE('',#12861,#13091);
#13091 = DEFINITIONAL_REPRESENTATION('',(#13092),#13096);
#13092 = LINE('',#13093,#13094);
#13093 = CARTESIAN_POINT('',(0.,6.));
#13094 = VECTOR('',#13095,1.);
#13095 = DIRECTION('',(1.,0.));
#13096 = ( GEOMETRIC_REPRESENTATION_CONTEXT(2) 
PARAMETRIC_REPRESENTATION_CONTEXT() REPRESENTATION_CONTEXT('2D SPACE',''
  ) );
#13097 = ORIENTED_EDGE('',*,*,#12873,.T.);
#13098 = ORIENTED_EDGE('',*,*,#13099,.T.);
#13099 = EDGE_CURVE('',#12874,#12984,#13100,.T.);
#13100 = SURFACE_CURVE('',#13101,(#13105,#13112),.PCURVE_S1.);
#13101 = LINE('',#13102,#13103);
#13102 = CARTESIAN_POINT('',(-3.,3.,1.5));
#13103 = VECTOR('',#13104,1.);
#13104 = DIRECTION('',(1.,0.,-0.));
#13105 = PCURVE('',#12889,#13106);
#13106 = DEFINITIONAL_REPRESENTATION('',(#13107),#13111);
#13107 = LINE('',#13108,#13109);
#13108 = CARTESIAN_POINT('',(3.,0.));
#13109 = VECTOR('',#13110,1.);
#13110 = DIRECTION('',(0.,1.));
#13111 = ( GEOMETRIC_REPRESENTATION_CONTEXT(2) 
PARAMETRIC_REPRESENTATION_CONTEXT() REPRESENTATION_CONTEXT('2D SPACE',''
  ) );
#13112 = PCURVE('',#12915,#13113);
#13113 = DEFINITIONAL_REPRESENTATION('',(#13114),#13118);
#13114 = LINE('',#13115,#13116);
#13115 = CARTESIAN_POINT('',(0.,6.));
#13116 = VECTOR('',#13117,1.);
#13117 = DIRECTION('',(1.,0.));
#13118 = ( GEOMETRIC_REPRESENTATION_CONTEXT(2) 
PARAMETRIC_REPRESENTATION_CONTEXT() REPRESENTATION_CONTEXT('2D SPACE',''
  ) );
#13119 = ORIENTED_EDGE('',*,*,#12983,.F.);
#13120 = ADVANCED_FACE('',(#13121),#12861,.F.);
#13121 = FACE_BOUND('',#13122,.F.);
#13122 = EDGE_LOOP('',(#13123,#13124,#13125,#13126));
#13123 = ORIENTED_EDGE('',*,*,#12845,.F.);
#13124 = ORIENTED_EDGE('',*,*,#13030,.T.);
#13125 = ORIENTED_EDGE('',*,*,#12960,.T.);
#13126 = ORIENTED_EDGE('',*,*,#13077,.F.);
#13127 = ADVANCED_FACE('',(#13128),#12915,.T.);
#13128 = FACE_BOUND('',#13129,.T.);
#13129 = EDGE_LOOP('',(#13130,#13131,#13132,#13133));
#13130 = ORIENTED_EDGE('',*,*,#12901,.F.);
#13131 = ORIENTED_EDGE('',*,*,#13052,.T.);
#13132 = ORIENTED_EDGE('',*,*,#13006,.T.);
#13133 = ORIENTED_EDGE('',*,*,#13099,.F.);
#13134 = ( GEOMETRIC_REPRESENTATION_CONTEXT(3) 
GLOBAL_UNCERTAINTY_ASSIGNED_CONTEXT((#13138)) 
GLOBAL_UNIT_ASSIGNED_CONTEXT((#13135,#13136,#13137)) 
REPRESENTATION_CONTEXT('Context #1',
  '3D Context with UNIT and UNCERTAINTY') );
#13135 = ( LENGTH_UNIT() NAMED_UNIT(*) SI_UNIT(.MILLI.,.METRE.) );
#13136 = ( NAMED_UNIT(*) PLANE_ANGLE_UNIT() SI_UNIT($,.RADIAN.) );
#13137 = ( NAMED_UNIT(*) SI_UNIT($,.STERADIAN.) SOLID_ANGLE_UNIT() );
#13138 = UNCERTAINTY_MEASURE_WITH_UNIT(LENGTH_MEASURE(1.E-07),#13135,
  'distance_accuracy_value','confusion accuracy');
#13139 = CONTEXT_DEPENDENT_SHAPE_REPRESENTATION(#13140,#13142);
#13140 = ( REPRESENTATION_RELATIONSHIP('','',#12803,#10) 
REPRESENTATION_RELATIONSHIP_WITH_TRANSFORMATION(#13141) 
SHAPE_REPRESENTATION_RELATIONSHIP() );
#13141 = ITEM_DEFINED_TRANSFORMATION('','',#11,#63);
#13142 = PRODUCT_DEFINITION_SHAPE('Placement','Placement of an item',
  #13143);
#13143 = NEXT_ASSEMBLY_USAGE_OCCURRENCE('13','TOF_ENVELOPE','',#5,#12798
  ,$);
#13144 = PRODUCT_RELATED_PRODUCT_CATEGORY('part',$,(#12800));
#13145 = SHAPE_DEFINITION_REPRESENTATION(#13146,#13152);
#13146 = PRODUCT_DEFINITION_SHAPE('','',#13147);
#13147 = PRODUCT_DEFINITION('design','',#13148,#13151);
#13148 = PRODUCT_DEFINITION_FORMATION('','',#13149);
#13149 = PRODUCT('RADAR_GRILLE','RADAR_GRILLE','',(#13150));
#13150 = PRODUCT_CONTEXT('',#2,'mechanical');
#13151 = PRODUCT_DEFINITION_CONTEXT('part definition',#2,'design');
#13152 = ADVANCED_BREP_SHAPE_REPRESENTATION('',(#11,#13153),#13251);
#13153 = MANIFOLD_SOLID_BREP('',#13154);
#13154 = CLOSED_SHELL('',(#13155,#13243,#13247));
#13155 = ADVANCED_FACE('',(#13156),#13169,.T.);
#13156 = FACE_BOUND('',#13157,.T.);
#13157 = EDGE_LOOP('',(#13158,#13192,#13215,#13242));
#13158 = ORIENTED_EDGE('',*,*,#13159,.F.);
#13159 = EDGE_CURVE('',#13160,#13160,#13162,.T.);
#13160 = VERTEX_POINT('',#13161);
#13161 = CARTESIAN_POINT('',(12.,-2.939152317954E-15,1.));
#13162 = SURFACE_CURVE('',#13163,(#13168,#13180),.PCURVE_S1.);
#13163 = CIRCLE('',#13164,12.);
#13164 = AXIS2_PLACEMENT_3D('',#13165,#13166,#13167);
#13165 = CARTESIAN_POINT('',(0.,0.,1.));
#13166 = DIRECTION('',(0.,0.,1.));
#13167 = DIRECTION('',(1.,0.,-0.));
#13168 = PCURVE('',#13169,#13174);
#13169 = CYLINDRICAL_SURFACE('',#13170,12.);
#13170 = AXIS2_PLACEMENT_3D('',#13171,#13172,#13173);
#13171 = CARTESIAN_POINT('',(0.,0.,-1.));
#13172 = DIRECTION('',(0.,0.,1.));
#13173 = DIRECTION('',(1.,0.,-0.));
#13174 = DEFINITIONAL_REPRESENTATION('',(#13175),#13179);
#13175 = LINE('',#13176,#13177);
#13176 = CARTESIAN_POINT('',(0.,2.));
#13177 = VECTOR('',#13178,1.);
#13178 = DIRECTION('',(1.,0.));
#13179 = ( GEOMETRIC_REPRESENTATION_CONTEXT(2) 
PARAMETRIC_REPRESENTATION_CONTEXT() REPRESENTATION_CONTEXT('2D SPACE',''
  ) );
#13180 = PCURVE('',#13181,#13186);
#13181 = PLANE('',#13182);
#13182 = AXIS2_PLACEMENT_3D('',#13183,#13184,#13185);
#13183 = CARTESIAN_POINT('',(0.,0.,1.));
#13184 = DIRECTION('',(0.,0.,1.));
#13185 = DIRECTION('',(1.,0.,-0.));
#13186 = DEFINITIONAL_REPRESENTATION('',(#13187),#13191);
#13187 = CIRCLE('',#13188,12.);
#13188 = AXIS2_PLACEMENT_2D('',#13189,#13190);
#13189 = CARTESIAN_POINT('',(0.,0.));
#13190 = DIRECTION('',(1.,0.));
#13191 = ( GEOMETRIC_REPRESENTATION_CONTEXT(2) 
PARAMETRIC_REPRESENTATION_CONTEXT() REPRESENTATION_CONTEXT('2D SPACE',''
  ) );
#13192 = ORIENTED_EDGE('',*,*,#13193,.F.);
#13193 = EDGE_CURVE('',#13194,#13160,#13196,.T.);
#13194 = VERTEX_POINT('',#13195);
#13195 = CARTESIAN_POINT('',(12.,-2.939152317954E-15,-1.));
#13196 = SEAM_CURVE('',#13197,(#13201,#13208),.PCURVE_S1.);
#13197 = LINE('',#13198,#13199);
#13198 = CARTESIAN_POINT('',(12.,-2.939152317954E-15,-1.));
#13199 = VECTOR('',#13200,1.);
#13200 = DIRECTION('',(0.,0.,1.));
#13201 = PCURVE('',#13169,#13202);
#13202 = DEFINITIONAL_REPRESENTATION('',(#13203),#13207);
#13203 = LINE('',#13204,#13205);
#13204 = CARTESIAN_POINT('',(6.28318530718,-0.));
#13205 = VECTOR('',#13206,1.);
#13206 = DIRECTION('',(0.,1.));
#13207 = ( GEOMETRIC_REPRESENTATION_CONTEXT(2) 
PARAMETRIC_REPRESENTATION_CONTEXT() REPRESENTATION_CONTEXT('2D SPACE',''
  ) );
#13208 = PCURVE('',#13169,#13209);
#13209 = DEFINITIONAL_REPRESENTATION('',(#13210),#13214);
#13210 = LINE('',#13211,#13212);
#13211 = CARTESIAN_POINT('',(0.,-0.));
#13212 = VECTOR('',#13213,1.);
#13213 = DIRECTION('',(0.,1.));
#13214 = ( GEOMETRIC_REPRESENTATION_CONTEXT(2) 
PARAMETRIC_REPRESENTATION_CONTEXT() REPRESENTATION_CONTEXT('2D SPACE',''
  ) );
#13215 = ORIENTED_EDGE('',*,*,#13216,.T.);
#13216 = EDGE_CURVE('',#13194,#13194,#13217,.T.);
#13217 = SURFACE_CURVE('',#13218,(#13223,#13230),.PCURVE_S1.);
#13218 = CIRCLE('',#13219,12.);
#13219 = AXIS2_PLACEMENT_3D('',#13220,#13221,#13222);
#13220 = CARTESIAN_POINT('',(0.,0.,-1.));
#13221 = DIRECTION('',(0.,0.,1.));
#13222 = DIRECTION('',(1.,0.,-0.));
#13223 = PCURVE('',#13169,#13224);
#13224 = DEFINITIONAL_REPRESENTATION('',(#13225),#13229);
#13225 = LINE('',#13226,#13227);
#13226 = CARTESIAN_POINT('',(0.,0.));
#13227 = VECTOR('',#13228,1.);
#13228 = DIRECTION('',(1.,0.));
#13229 = ( GEOMETRIC_REPRESENTATION_CONTEXT(2) 
PARAMETRIC_REPRESENTATION_CONTEXT() REPRESENTATION_CONTEXT('2D SPACE',''
  ) );
#13230 = PCURVE('',#13231,#13236);
#13231 = PLANE('',#13232);
#13232 = AXIS2_PLACEMENT_3D('',#13233,#13234,#13235);
#13233 = CARTESIAN_POINT('',(0.,0.,-1.));
#13234 = DIRECTION('',(0.,0.,1.));
#13235 = DIRECTION('',(1.,0.,-0.));
#13236 = DEFINITIONAL_REPRESENTATION('',(#13237),#13241);
#13237 = CIRCLE('',#13238,12.);
#13238 = AXIS2_PLACEMENT_2D('',#13239,#13240);
#13239 = CARTESIAN_POINT('',(0.,0.));
#13240 = DIRECTION('',(1.,0.));
#13241 = ( GEOMETRIC_REPRESENTATION_CONTEXT(2) 
PARAMETRIC_REPRESENTATION_CONTEXT() REPRESENTATION_CONTEXT('2D SPACE',''
  ) );
#13242 = ORIENTED_EDGE('',*,*,#13193,.T.);
#13243 = ADVANCED_FACE('',(#13244),#13181,.T.);
#13244 = FACE_BOUND('',#13245,.T.);
#13245 = EDGE_LOOP('',(#13246));
#13246 = ORIENTED_EDGE('',*,*,#13159,.T.);
#13247 = ADVANCED_FACE('',(#13248),#13231,.F.);
#13248 = FACE_BOUND('',#13249,.T.);
#13249 = EDGE_LOOP('',(#13250));
#13250 = ORIENTED_EDGE('',*,*,#13216,.F.);
#13251 = ( GEOMETRIC_REPRESENTATION_CONTEXT(3) 
GLOBAL_UNCERTAINTY_ASSIGNED_CONTEXT((#13255)) 
GLOBAL_UNIT_ASSIGNED_CONTEXT((#13252,#13253,#13254)) 
REPRESENTATION_CONTEXT('Context #1',
  '3D Context with UNIT and UNCERTAINTY') );
#13252 = ( LENGTH_UNIT() NAMED_UNIT(*) SI_UNIT(.MILLI.,.METRE.) );
#13253 = ( NAMED_UNIT(*) PLANE_ANGLE_UNIT() SI_UNIT($,.RADIAN.) );
#13254 = ( NAMED_UNIT(*) SI_UNIT($,.STERADIAN.) SOLID_ANGLE_UNIT() );
#13255 = UNCERTAINTY_MEASURE_WITH_UNIT(LENGTH_MEASURE(1.E-07),#13252,
  'distance_accuracy_value','confusion accuracy');
#13256 = CONTEXT_DEPENDENT_SHAPE_REPRESENTATION(#13257,#13259);
#13257 = ( REPRESENTATION_RELATIONSHIP('','',#13152,#10) 
REPRESENTATION_RELATIONSHIP_WITH_TRANSFORMATION(#13258) 
SHAPE_REPRESENTATION_RELATIONSHIP() );
#13258 = ITEM_DEFINED_TRANSFORMATION('','',#11,#67);
#13259 = PRODUCT_DEFINITION_SHAPE('Placement','Placement of an item',
  #13260);
#13260 = NEXT_ASSEMBLY_USAGE_OCCURRENCE('14','RADAR_GRILLE','',#5,#13147
  ,$);
#13261 = PRODUCT_RELATED_PRODUCT_CATEGORY('part',$,(#13149));
#13262 = SHAPE_DEFINITION_REPRESENTATION(#13263,#13269);
#13263 = PRODUCT_DEFINITION_SHAPE('','',#13264);
#13264 = PRODUCT_DEFINITION('design','',#13265,#13268);
#13265 = PRODUCT_DEFINITION_FORMATION('','',#13266);
#13266 = PRODUCT('RADAR_ENVELOPE','RADAR_ENVELOPE','',(#13267));
#13267 = PRODUCT_CONTEXT('',#2,'mechanical');
#13268 = PRODUCT_DEFINITION_CONTEXT('part definition',#2,'design');
#13269 = ADVANCED_BREP_SHAPE_REPRESENTATION('',(#11,#13270),#13600);
#13270 = MANIFOLD_SOLID_BREP('',#13271);
#13271 = CLOSED_SHELL('',(#13272,#13392,#13492,#13539,#13586,#13593));
#13272 = ADVANCED_FACE('',(#13273),#13287,.F.);
#13273 = FACE_BOUND('',#13274,.F.);
#13274 = EDGE_LOOP('',(#13275,#13310,#13338,#13366));
#13275 = ORIENTED_EDGE('',*,*,#13276,.F.);
#13276 = EDGE_CURVE('',#13277,#13279,#13281,.T.);
#13277 = VERTEX_POINT('',#13278);
#13278 = CARTESIAN_POINT('',(-20.,-10.,-6.));
#13279 = VERTEX_POINT('',#13280);
#13280 = CARTESIAN_POINT('',(-20.,-10.,6.));
#13281 = SURFACE_CURVE('',#13282,(#13286,#13298),.PCURVE_S1.);
#13282 = LINE('',#13283,#13284);
#13283 = CARTESIAN_POINT('',(-20.,-10.,-6.));
#13284 = VECTOR('',#13285,1.);
#13285 = DIRECTION('',(0.,0.,1.));
#13286 = PCURVE('',#13287,#13292);
#13287 = PLANE('',#13288);
#13288 = AXIS2_PLACEMENT_3D('',#13289,#13290,#13291);
#13289 = CARTESIAN_POINT('',(-20.,-10.,-6.));
#13290 = DIRECTION('',(1.,0.,-0.));
#13291 = DIRECTION('',(0.,0.,1.));
#13292 = DEFINITIONAL_REPRESENTATION('',(#13293),#13297);
#13293 = LINE('',#13294,#13295);
#13294 = CARTESIAN_POINT('',(0.,0.));
#13295 = VECTOR('',#13296,1.);
#13296 = DIRECTION('',(1.,0.));
#13297 = ( GEOMETRIC_REPRESENTATION_CONTEXT(2) 
PARAMETRIC_REPRESENTATION_CONTEXT() REPRESENTATION_CONTEXT('2D SPACE',''
  ) );
#13298 = PCURVE('',#13299,#13304);
#13299 = PLANE('',#13300);
#13300 = AXIS2_PLACEMENT_3D('',#13301,#13302,#13303);
#13301 = CARTESIAN_POINT('',(-20.,-10.,-6.));
#13302 = DIRECTION('',(-0.,1.,0.));
#13303 = DIRECTION('',(0.,0.,1.));
#13304 = DEFINITIONAL_REPRESENTATION('',(#13305),#13309);
#13305 = LINE('',#13306,#13307);
#13306 = CARTESIAN_POINT('',(0.,0.));
#13307 = VECTOR('',#13308,1.);
#13308 = DIRECTION('',(1.,0.));
#13309 = ( GEOMETRIC_REPRESENTATION_CONTEXT(2) 
PARAMETRIC_REPRESENTATION_CONTEXT() REPRESENTATION_CONTEXT('2D SPACE',''
  ) );
#13310 = ORIENTED_EDGE('',*,*,#13311,.T.);
#13311 = EDGE_CURVE('',#13277,#13312,#13314,.T.);
#13312 = VERTEX_POINT('',#13313);
#13313 = CARTESIAN_POINT('',(-20.,10.,-6.));
#13314 = SURFACE_CURVE('',#13315,(#13319,#13326),.PCURVE_S1.);
#13315 = LINE('',#13316,#13317);
#13316 = CARTESIAN_POINT('',(-20.,-10.,-6.));
#13317 = VECTOR('',#13318,1.);
#13318 = DIRECTION('',(-0.,1.,0.));
#13319 = PCURVE('',#13287,#13320);
#13320 = DEFINITIONAL_REPRESENTATION('',(#13321),#13325);
#13321 = LINE('',#13322,#13323);
#13322 = CARTESIAN_POINT('',(0.,0.));
#13323 = VECTOR('',#13324,1.);
#13324 = DIRECTION('',(0.,-1.));
#13325 = ( GEOMETRIC_REPRESENTATION_CONTEXT(2) 
PARAMETRIC_REPRESENTATION_CONTEXT() REPRESENTATION_CONTEXT('2D SPACE',''
  ) );
#13326 = PCURVE('',#13327,#13332);
#13327 = PLANE('',#13328);
#13328 = AXIS2_PLACEMENT_3D('',#13329,#13330,#13331);
#13329 = CARTESIAN_POINT('',(-20.,-10.,-6.));
#13330 = DIRECTION('',(0.,0.,1.));
#13331 = DIRECTION('',(1.,0.,-0.));
#13332 = DEFINITIONAL_REPRESENTATION('',(#13333),#13337);
#13333 = LINE('',#13334,#13335);
#13334 = CARTESIAN_POINT('',(0.,0.));
#13335 = VECTOR('',#13336,1.);
#13336 = DIRECTION('',(0.,1.));
#13337 = ( GEOMETRIC_REPRESENTATION_CONTEXT(2) 
PARAMETRIC_REPRESENTATION_CONTEXT() REPRESENTATION_CONTEXT('2D SPACE',''
  ) );
#13338 = ORIENTED_EDGE('',*,*,#13339,.T.);
#13339 = EDGE_CURVE('',#13312,#13340,#13342,.T.);
#13340 = VERTEX_POINT('',#13341);
#13341 = CARTESIAN_POINT('',(-20.,10.,6.));
#13342 = SURFACE_CURVE('',#13343,(#13347,#13354),.PCURVE_S1.);
#13343 = LINE('',#13344,#13345);
#13344 = CARTESIAN_POINT('',(-20.,10.,-6.));
#13345 = VECTOR('',#13346,1.);
#13346 = DIRECTION('',(0.,0.,1.));
#13347 = PCURVE('',#13287,#13348);
#13348 = DEFINITIONAL_REPRESENTATION('',(#13349),#13353);
#13349 = LINE('',#13350,#13351);
#13350 = CARTESIAN_POINT('',(0.,-20.));
#13351 = VECTOR('',#13352,1.);
#13352 = DIRECTION('',(1.,0.));
#13353 = ( GEOMETRIC_REPRESENTATION_CONTEXT(2) 
PARAMETRIC_REPRESENTATION_CONTEXT() REPRESENTATION_CONTEXT('2D SPACE',''
  ) );
#13354 = PCURVE('',#13355,#13360);
#13355 = PLANE('',#13356);
#13356 = AXIS2_PLACEMENT_3D('',#13357,#13358,#13359);
#13357 = CARTESIAN_POINT('',(-20.,10.,-6.));
#13358 = DIRECTION('',(-0.,1.,0.));
#13359 = DIRECTION('',(0.,0.,1.));
#13360 = DEFINITIONAL_REPRESENTATION('',(#13361),#13365);
#13361 = LINE('',#13362,#13363);
#13362 = CARTESIAN_POINT('',(0.,0.));
#13363 = VECTOR('',#13364,1.);
#13364 = DIRECTION('',(1.,0.));
#13365 = ( GEOMETRIC_REPRESENTATION_CONTEXT(2) 
PARAMETRIC_REPRESENTATION_CONTEXT() REPRESENTATION_CONTEXT('2D SPACE',''
  ) );
#13366 = ORIENTED_EDGE('',*,*,#13367,.F.);
#13367 = EDGE_CURVE('',#13279,#13340,#13368,.T.);
#13368 = SURFACE_CURVE('',#13369,(#13373,#13380),.PCURVE_S1.);
#13369 = LINE('',#13370,#13371);
#13370 = CARTESIAN_POINT('',(-20.,-10.,6.));
#13371 = VECTOR('',#13372,1.);
#13372 = DIRECTION('',(-0.,1.,0.));
#13373 = PCURVE('',#13287,#13374);
#13374 = DEFINITIONAL_REPRESENTATION('',(#13375),#13379);
#13375 = LINE('',#13376,#13377);
#13376 = CARTESIAN_POINT('',(12.,0.));
#13377 = VECTOR('',#13378,1.);
#13378 = DIRECTION('',(0.,-1.));
#13379 = ( GEOMETRIC_REPRESENTATION_CONTEXT(2) 
PARAMETRIC_REPRESENTATION_CONTEXT() REPRESENTATION_CONTEXT('2D SPACE',''
  ) );
#13380 = PCURVE('',#13381,#13386);
#13381 = PLANE('',#13382);
#13382 = AXIS2_PLACEMENT_3D('',#13383,#13384,#13385);
#13383 = CARTESIAN_POINT('',(-20.,-10.,6.));
#13384 = DIRECTION('',(0.,0.,1.));
#13385 = DIRECTION('',(1.,0.,-0.));
#13386 = DEFINITIONAL_REPRESENTATION('',(#13387),#13391);
#13387 = LINE('',#13388,#13389);
#13388 = CARTESIAN_POINT('',(0.,0.));
#13389 = VECTOR('',#13390,1.);
#13390 = DIRECTION('',(0.,1.));
#13391 = ( GEOMETRIC_REPRESENTATION_CONTEXT(2) 
PARAMETRIC_REPRESENTATION_CONTEXT() REPRESENTATION_CONTEXT('2D SPACE',''
  ) );
#13392 = ADVANCED_FACE('',(#13393),#13407,.T.);
#13393 = FACE_BOUND('',#13394,.T.);
#13394 = EDGE_LOOP('',(#13395,#13425,#13448,#13471));
#13395 = ORIENTED_EDGE('',*,*,#13396,.F.);
#13396 = EDGE_CURVE('',#13397,#13399,#13401,.T.);
#13397 = VERTEX_POINT('',#13398);
#13398 = CARTESIAN_POINT('',(20.,-10.,-6.));
#13399 = VERTEX_POINT('',#13400);
#13400 = CARTESIAN_POINT('',(20.,-10.,6.));
#13401 = SURFACE_CURVE('',#13402,(#13406,#13418),.PCURVE_S1.);
#13402 = LINE('',#13403,#13404);
#13403 = CARTESIAN_POINT('',(20.,-10.,-6.));
#13404 = VECTOR('',#13405,1.);
#13405 = DIRECTION('',(0.,0.,1.));
#13406 = PCURVE('',#13407,#13412);
#13407 = PLANE('',#13408);
#13408 = AXIS2_PLACEMENT_3D('',#13409,#13410,#13411);
#13409 = CARTESIAN_POINT('',(20.,-10.,-6.));
#13410 = DIRECTION('',(1.,0.,-0.));
#13411 = DIRECTION('',(0.,0.,1.));
#13412 = DEFINITIONAL_REPRESENTATION('',(#13413),#13417);
#13413 = LINE('',#13414,#13415);
#13414 = CARTESIAN_POINT('',(0.,0.));
#13415 = VECTOR('',#13416,1.);
#13416 = DIRECTION('',(1.,0.));
#13417 = ( GEOMETRIC_REPRESENTATION_CONTEXT(2) 
PARAMETRIC_REPRESENTATION_CONTEXT() REPRESENTATION_CONTEXT('2D SPACE',''
  ) );
#13418 = PCURVE('',#13299,#13419);
#13419 = DEFINITIONAL_REPRESENTATION('',(#13420),#13424);
#13420 = LINE('',#13421,#13422);
#13421 = CARTESIAN_POINT('',(0.,40.));
#13422 = VECTOR('',#13423,1.);
#13423 = DIRECTION('',(1.,0.));
#13424 = ( GEOMETRIC_REPRESENTATION_CONTEXT(2) 
PARAMETRIC_REPRESENTATION_CONTEXT() REPRESENTATION_CONTEXT('2D SPACE',''
  ) );
#13425 = ORIENTED_EDGE('',*,*,#13426,.T.);
#13426 = EDGE_CURVE('',#13397,#13427,#13429,.T.);
#13427 = VERTEX_POINT('',#13428);
#13428 = CARTESIAN_POINT('',(20.,10.,-6.));
#13429 = SURFACE_CURVE('',#13430,(#13434,#13441),.PCURVE_S1.);
#13430 = LINE('',#13431,#13432);
#13431 = CARTESIAN_POINT('',(20.,-10.,-6.));
#13432 = VECTOR('',#13433,1.);
#13433 = DIRECTION('',(-0.,1.,0.));
#13434 = PCURVE('',#13407,#13435);
#13435 = DEFINITIONAL_REPRESENTATION('',(#13436),#13440);
#13436 = LINE('',#13437,#13438);
#13437 = CARTESIAN_POINT('',(0.,0.));
#13438 = VECTOR('',#13439,1.);
#13439 = DIRECTION('',(0.,-1.));
#13440 = ( GEOMETRIC_REPRESENTATION_CONTEXT(2) 
PARAMETRIC_REPRESENTATION_CONTEXT() REPRESENTATION_CONTEXT('2D SPACE',''
  ) );
#13441 = PCURVE('',#13327,#13442);
#13442 = DEFINITIONAL_REPRESENTATION('',(#13443),#13447);
#13443 = LINE('',#13444,#13445);
#13444 = CARTESIAN_POINT('',(40.,0.));
#13445 = VECTOR('',#13446,1.);
#13446 = DIRECTION('',(0.,1.));
#13447 = ( GEOMETRIC_REPRESENTATION_CONTEXT(2) 
PARAMETRIC_REPRESENTATION_CONTEXT() REPRESENTATION_CONTEXT('2D SPACE',''
  ) );
#13448 = ORIENTED_EDGE('',*,*,#13449,.T.);
#13449 = EDGE_CURVE('',#13427,#13450,#13452,.T.);
#13450 = VERTEX_POINT('',#13451);
#13451 = CARTESIAN_POINT('',(20.,10.,6.));
#13452 = SURFACE_CURVE('',#13453,(#13457,#13464),.PCURVE_S1.);
#13453 = LINE('',#13454,#13455);
#13454 = CARTESIAN_POINT('',(20.,10.,-6.));
#13455 = VECTOR('',#13456,1.);
#13456 = DIRECTION('',(0.,0.,1.));
#13457 = PCURVE('',#13407,#13458);
#13458 = DEFINITIONAL_REPRESENTATION('',(#13459),#13463);
#13459 = LINE('',#13460,#13461);
#13460 = CARTESIAN_POINT('',(0.,-20.));
#13461 = VECTOR('',#13462,1.);
#13462 = DIRECTION('',(1.,0.));
#13463 = ( GEOMETRIC_REPRESENTATION_CONTEXT(2) 
PARAMETRIC_REPRESENTATION_CONTEXT() REPRESENTATION_CONTEXT('2D SPACE',''
  ) );
#13464 = PCURVE('',#13355,#13465);
#13465 = DEFINITIONAL_REPRESENTATION('',(#13466),#13470);
#13466 = LINE('',#13467,#13468);
#13467 = CARTESIAN_POINT('',(0.,40.));
#13468 = VECTOR('',#13469,1.);
#13469 = DIRECTION('',(1.,0.));
#13470 = ( GEOMETRIC_REPRESENTATION_CONTEXT(2) 
PARAMETRIC_REPRESENTATION_CONTEXT() REPRESENTATION_CONTEXT('2D SPACE',''
  ) );
#13471 = ORIENTED_EDGE('',*,*,#13472,.F.);
#13472 = EDGE_CURVE('',#13399,#13450,#13473,.T.);
#13473 = SURFACE_CURVE('',#13474,(#13478,#13485),.PCURVE_S1.);
#13474 = LINE('',#13475,#13476);
#13475 = CARTESIAN_POINT('',(20.,-10.,6.));
#13476 = VECTOR('',#13477,1.);
#13477 = DIRECTION('',(-0.,1.,0.));
#13478 = PCURVE('',#13407,#13479);
#13479 = DEFINITIONAL_REPRESENTATION('',(#13480),#13484);
#13480 = LINE('',#13481,#13482);
#13481 = CARTESIAN_POINT('',(12.,0.));
#13482 = VECTOR('',#13483,1.);
#13483 = DIRECTION('',(0.,-1.));
#13484 = ( GEOMETRIC_REPRESENTATION_CONTEXT(2) 
PARAMETRIC_REPRESENTATION_CONTEXT() REPRESENTATION_CONTEXT('2D SPACE',''
  ) );
#13485 = PCURVE('',#13381,#13486);
#13486 = DEFINITIONAL_REPRESENTATION('',(#13487),#13491);
#13487 = LINE('',#13488,#13489);
#13488 = CARTESIAN_POINT('',(40.,0.));
#13489 = VECTOR('',#13490,1.);
#13490 = DIRECTION('',(0.,1.));
#13491 = ( GEOMETRIC_REPRESENTATION_CONTEXT(2) 
PARAMETRIC_REPRESENTATION_CONTEXT() REPRESENTATION_CONTEXT('2D SPACE',''
  ) );
#13492 = ADVANCED_FACE('',(#13493),#13299,.F.);
#13493 = FACE_BOUND('',#13494,.F.);
#13494 = EDGE_LOOP('',(#13495,#13516,#13517,#13538));
#13495 = ORIENTED_EDGE('',*,*,#13496,.F.);
#13496 = EDGE_CURVE('',#13277,#13397,#13497,.T.);
#13497 = SURFACE_CURVE('',#13498,(#13502,#13509),.PCURVE_S1.);
#13498 = LINE('',#13499,#13500);
#13499 = CARTESIAN_POINT('',(-20.,-10.,-6.));
#13500 = VECTOR('',#13501,1.);
#13501 = DIRECTION('',(1.,0.,-0.));
#13502 = PCURVE('',#13299,#13503);
#13503 = DEFINITIONAL_REPRESENTATION('',(#13504),#13508);
#13504 = LINE('',#13505,#13506);
#13505 = CARTESIAN_POINT('',(0.,0.));
#13506 = VECTOR('',#13507,1.);
#13507 = DIRECTION('',(0.,1.));
#13508 = ( GEOMETRIC_REPRESENTATION_CONTEXT(2) 
PARAMETRIC_REPRESENTATION_CONTEXT() REPRESENTATION_CONTEXT('2D SPACE',''
  ) );
#13509 = PCURVE('',#13327,#13510);
#13510 = DEFINITIONAL_REPRESENTATION('',(#13511),#13515);
#13511 = LINE('',#13512,#13513);
#13512 = CARTESIAN_POINT('',(0.,0.));
#13513 = VECTOR('',#13514,1.);
#13514 = DIRECTION('',(1.,0.));
#13515 = ( GEOMETRIC_REPRESENTATION_CONTEXT(2) 
PARAMETRIC_REPRESENTATION_CONTEXT() REPRESENTATION_CONTEXT('2D SPACE',''
  ) );
#13516 = ORIENTED_EDGE('',*,*,#13276,.T.);
#13517 = ORIENTED_EDGE('',*,*,#13518,.T.);
#13518 = EDGE_CURVE('',#13279,#13399,#13519,.T.);
#13519 = SURFACE_CURVE('',#13520,(#13524,#13531),.PCURVE_S1.);
#13520 = LINE('',#13521,#13522);
#13521 = CARTESIAN_POINT('',(-20.,-10.,6.));
#13522 = VECTOR('',#13523,1.);
#13523 = DIRECTION('',(1.,0.,-0.));
#13524 = PCURVE('',#13299,#13525);
#13525 = DEFINITIONAL_REPRESENTATION('',(#13526),#13530);
#13526 = LINE('',#13527,#13528);
#13527 = CARTESIAN_POINT('',(12.,0.));
#13528 = VECTOR('',#13529,1.);
#13529 = DIRECTION('',(0.,1.));
#13530 = ( GEOMETRIC_REPRESENTATION_CONTEXT(2) 
PARAMETRIC_REPRESENTATION_CONTEXT() REPRESENTATION_CONTEXT('2D SPACE',''
  ) );
#13531 = PCURVE('',#13381,#13532);
#13532 = DEFINITIONAL_REPRESENTATION('',(#13533),#13537);
#13533 = LINE('',#13534,#13535);
#13534 = CARTESIAN_POINT('',(0.,0.));
#13535 = VECTOR('',#13536,1.);
#13536 = DIRECTION('',(1.,0.));
#13537 = ( GEOMETRIC_REPRESENTATION_CONTEXT(2) 
PARAMETRIC_REPRESENTATION_CONTEXT() REPRESENTATION_CONTEXT('2D SPACE',''
  ) );
#13538 = ORIENTED_EDGE('',*,*,#13396,.F.);
#13539 = ADVANCED_FACE('',(#13540),#13355,.T.);
#13540 = FACE_BOUND('',#13541,.T.);
#13541 = EDGE_LOOP('',(#13542,#13563,#13564,#13585));
#13542 = ORIENTED_EDGE('',*,*,#13543,.F.);
#13543 = EDGE_CURVE('',#13312,#13427,#13544,.T.);
#13544 = SURFACE_CURVE('',#13545,(#13549,#13556),.PCURVE_S1.);
#13545 = LINE('',#13546,#13547);
#13546 = CARTESIAN_POINT('',(-20.,10.,-6.));
#13547 = VECTOR('',#13548,1.);
#13548 = DIRECTION('',(1.,0.,-0.));
#13549 = PCURVE('',#13355,#13550);
#13550 = DEFINITIONAL_REPRESENTATION('',(#13551),#13555);
#13551 = LINE('',#13552,#13553);
#13552 = CARTESIAN_POINT('',(0.,0.));
#13553 = VECTOR('',#13554,1.);
#13554 = DIRECTION('',(0.,1.));
#13555 = ( GEOMETRIC_REPRESENTATION_CONTEXT(2) 
PARAMETRIC_REPRESENTATION_CONTEXT() REPRESENTATION_CONTEXT('2D SPACE',''
  ) );
#13556 = PCURVE('',#13327,#13557);
#13557 = DEFINITIONAL_REPRESENTATION('',(#13558),#13562);
#13558 = LINE('',#13559,#13560);
#13559 = CARTESIAN_POINT('',(0.,20.));
#13560 = VECTOR('',#13561,1.);
#13561 = DIRECTION('',(1.,0.));
#13562 = ( GEOMETRIC_REPRESENTATION_CONTEXT(2) 
PARAMETRIC_REPRESENTATION_CONTEXT() REPRESENTATION_CONTEXT('2D SPACE',''
  ) );
#13563 = ORIENTED_EDGE('',*,*,#13339,.T.);
#13564 = ORIENTED_EDGE('',*,*,#13565,.T.);
#13565 = EDGE_CURVE('',#13340,#13450,#13566,.T.);
#13566 = SURFACE_CURVE('',#13567,(#13571,#13578),.PCURVE_S1.);
#13567 = LINE('',#13568,#13569);
#13568 = CARTESIAN_POINT('',(-20.,10.,6.));
#13569 = VECTOR('',#13570,1.);
#13570 = DIRECTION('',(1.,0.,-0.));
#13571 = PCURVE('',#13355,#13572);
#13572 = DEFINITIONAL_REPRESENTATION('',(#13573),#13577);
#13573 = LINE('',#13574,#13575);
#13574 = CARTESIAN_POINT('',(12.,0.));
#13575 = VECTOR('',#13576,1.);
#13576 = DIRECTION('',(0.,1.));
#13577 = ( GEOMETRIC_REPRESENTATION_CONTEXT(2) 
PARAMETRIC_REPRESENTATION_CONTEXT() REPRESENTATION_CONTEXT('2D SPACE',''
  ) );
#13578 = PCURVE('',#13381,#13579);
#13579 = DEFINITIONAL_REPRESENTATION('',(#13580),#13584);
#13580 = LINE('',#13581,#13582);
#13581 = CARTESIAN_POINT('',(0.,20.));
#13582 = VECTOR('',#13583,1.);
#13583 = DIRECTION('',(1.,0.));
#13584 = ( GEOMETRIC_REPRESENTATION_CONTEXT(2) 
PARAMETRIC_REPRESENTATION_CONTEXT() REPRESENTATION_CONTEXT('2D SPACE',''
  ) );
#13585 = ORIENTED_EDGE('',*,*,#13449,.F.);
#13586 = ADVANCED_FACE('',(#13587),#13327,.F.);
#13587 = FACE_BOUND('',#13588,.F.);
#13588 = EDGE_LOOP('',(#13589,#13590,#13591,#13592));
#13589 = ORIENTED_EDGE('',*,*,#13311,.F.);
#13590 = ORIENTED_EDGE('',*,*,#13496,.T.);
#13591 = ORIENTED_EDGE('',*,*,#13426,.T.);
#13592 = ORIENTED_EDGE('',*,*,#13543,.F.);
#13593 = ADVANCED_FACE('',(#13594),#13381,.T.);
#13594 = FACE_BOUND('',#13595,.T.);
#13595 = EDGE_LOOP('',(#13596,#13597,#13598,#13599));
#13596 = ORIENTED_EDGE('',*,*,#13367,.F.);
#13597 = ORIENTED_EDGE('',*,*,#13518,.T.);
#13598 = ORIENTED_EDGE('',*,*,#13472,.T.);
#13599 = ORIENTED_EDGE('',*,*,#13565,.F.);
#13600 = ( GEOMETRIC_REPRESENTATION_CONTEXT(3) 
GLOBAL_UNCERTAINTY_ASSIGNED_CONTEXT((#13604)) 
GLOBAL_UNIT_ASSIGNED_CONTEXT((#13601,#13602,#13603)) 
REPRESENTATION_CONTEXT('Context #1',
  '3D Context with UNIT and UNCERTAINTY') );
#13601 = ( LENGTH_UNIT() NAMED_UNIT(*) SI_UNIT(.MILLI.,.METRE.) );
#13602 = ( NAMED_UNIT(*) PLANE_ANGLE_UNIT() SI_UNIT($,.RADIAN.) );
#13603 = ( NAMED_UNIT(*) SI_UNIT($,.STERADIAN.) SOLID_ANGLE_UNIT() );
#13604 = UNCERTAINTY_MEASURE_WITH_UNIT(LENGTH_MEASURE(1.E-07),#13601,
  'distance_accuracy_value','confusion accuracy');
#13605 = CONTEXT_DEPENDENT_SHAPE_REPRESENTATION(#13606,#13608);
#13606 = ( REPRESENTATION_RELATIONSHIP('','',#13269,#10) 
REPRESENTATION_RELATIONSHIP_WITH_TRANSFORMATION(#13607) 
SHAPE_REPRESENTATION_RELATIONSHIP() );
#13607 = ITEM_DEFINED_TRANSFORMATION('','',#11,#71);
#13608 = PRODUCT_DEFINITION_SHAPE('Placement','Placement of an item',
  #13609);
#13609 = NEXT_ASSEMBLY_USAGE_OCCURRENCE('15','RADAR_ENVELOPE','',#5,
  #13264,$);
#13610 = PRODUCT_RELATED_PRODUCT_CATEGORY('part',$,(#13266));
#13611 = SHAPE_DEFINITION_REPRESENTATION(#13612,#13618);
#13612 = PRODUCT_DEFINITION_SHAPE('','',#13613);
#13613 = PRODUCT_DEFINITION('design','',#13614,#13617);
#13614 = PRODUCT_DEFINITION_FORMATION('','',#13615);
#13615 = PRODUCT('SENSOR_CARRIER','SENSOR_CARRIER','',(#13616));
#13616 = PRODUCT_CONTEXT('',#2,'mechanical');
#13617 = PRODUCT_DEFINITION_CONTEXT('part definition',#2,'design');
#13618 = ADVANCED_BREP_SHAPE_REPRESENTATION('',(#11,#13619),#13949);
#13619 = MANIFOLD_SOLID_BREP('',#13620);
#13620 = CLOSED_SHELL('',(#13621,#13741,#13841,#13888,#13935,#13942));
#13621 = ADVANCED_FACE('',(#13622),#13636,.F.);
#13622 = FACE_BOUND('',#13623,.F.);
#13623 = EDGE_LOOP('',(#13624,#13659,#13687,#13715));
#13624 = ORIENTED_EDGE('',*,*,#13625,.F.);
#13625 = EDGE_CURVE('',#13626,#13628,#13630,.T.);
#13626 = VERTEX_POINT('',#13627);
#13627 = CARTESIAN_POINT('',(-27.5,-10.,-1.));
#13628 = VERTEX_POINT('',#13629);
#13629 = CARTESIAN_POINT('',(-27.5,-10.,1.));
#13630 = SURFACE_CURVE('',#13631,(#13635,#13647),.PCURVE_S1.);
#13631 = LINE('',#13632,#13633);
#13632 = CARTESIAN_POINT('',(-27.5,-10.,-1.));
#13633 = VECTOR('',#13634,1.);
#13634 = DIRECTION('',(0.,0.,1.));
#13635 = PCURVE('',#13636,#13641);
#13636 = PLANE('',#13637);
#13637 = AXIS2_PLACEMENT_3D('',#13638,#13639,#13640);
#13638 = CARTESIAN_POINT('',(-27.5,-10.,-1.));
#13639 = DIRECTION('',(1.,0.,-0.));
#13640 = DIRECTION('',(0.,0.,1.));
#13641 = DEFINITIONAL_REPRESENTATION('',(#13642),#13646);
#13642 = LINE('',#13643,#13644);
#13643 = CARTESIAN_POINT('',(0.,0.));
#13644 = VECTOR('',#13645,1.);
#13645 = DIRECTION('',(1.,0.));
#13646 = ( GEOMETRIC_REPRESENTATION_CONTEXT(2) 
PARAMETRIC_REPRESENTATION_CONTEXT() REPRESENTATION_CONTEXT('2D SPACE',''
  ) );
#13647 = PCURVE('',#13648,#13653);
#13648 = PLANE('',#13649);
#13649 = AXIS2_PLACEMENT_3D('',#13650,#13651,#13652);
#13650 = CARTESIAN_POINT('',(-27.5,-10.,-1.));
#13651 = DIRECTION('',(-0.,1.,0.));
#13652 = DIRECTION('',(0.,0.,1.));
#13653 = DEFINITIONAL_REPRESENTATION('',(#13654),#13658);
#13654 = LINE('',#13655,#13656);
#13655 = CARTESIAN_POINT('',(0.,0.));
#13656 = VECTOR('',#13657,1.);
#13657 = DIRECTION('',(1.,0.));
#13658 = ( GEOMETRIC_REPRESENTATION_CONTEXT(2) 
PARAMETRIC_REPRESENTATION_CONTEXT() REPRESENTATION_CONTEXT('2D SPACE',''
  ) );
#13659 = ORIENTED_EDGE('',*,*,#13660,.T.);
#13660 = EDGE_CURVE('',#13626,#13661,#13663,.T.);
#13661 = VERTEX_POINT('',#13662);
#13662 = CARTESIAN_POINT('',(-27.5,10.,-1.));
#13663 = SURFACE_CURVE('',#13664,(#13668,#13675),.PCURVE_S1.);
#13664 = LINE('',#13665,#13666);
#13665 = CARTESIAN_POINT('',(-27.5,-10.,-1.));
#13666 = VECTOR('',#13667,1.);
#13667 = DIRECTION('',(-0.,1.,0.));
#13668 = PCURVE('',#13636,#13669);
#13669 = DEFINITIONAL_REPRESENTATION('',(#13670),#13674);
#13670 = LINE('',#13671,#13672);
#13671 = CARTESIAN_POINT('',(0.,0.));
#13672 = VECTOR('',#13673,1.);
#13673 = DIRECTION('',(0.,-1.));
#13674 = ( GEOMETRIC_REPRESENTATION_CONTEXT(2) 
PARAMETRIC_REPRESENTATION_CONTEXT() REPRESENTATION_CONTEXT('2D SPACE',''
  ) );
#13675 = PCURVE('',#13676,#13681);
#13676 = PLANE('',#13677);
#13677 = AXIS2_PLACEMENT_3D('',#13678,#13679,#13680);
#13678 = CARTESIAN_POINT('',(-27.5,-10.,-1.));
#13679 = DIRECTION('',(0.,0.,1.));
#13680 = DIRECTION('',(1.,0.,-0.));
#13681 = DEFINITIONAL_REPRESENTATION('',(#13682),#13686);
#13682 = LINE('',#13683,#13684);
#13683 = CARTESIAN_POINT('',(0.,0.));
#13684 = VECTOR('',#13685,1.);
#13685 = DIRECTION('',(0.,1.));
#13686 = ( GEOMETRIC_REPRESENTATION_CONTEXT(2) 
PARAMETRIC_REPRESENTATION_CONTEXT() REPRESENTATION_CONTEXT('2D SPACE',''
  ) );
#13687 = ORIENTED_EDGE('',*,*,#13688,.T.);
#13688 = EDGE_CURVE('',#13661,#13689,#13691,.T.);
#13689 = VERTEX_POINT('',#13690);
#13690 = CARTESIAN_POINT('',(-27.5,10.,1.));
#13691 = SURFACE_CURVE('',#13692,(#13696,#13703),.PCURVE_S1.);
#13692 = LINE('',#13693,#13694);
#13693 = CARTESIAN_POINT('',(-27.5,10.,-1.));
#13694 = VECTOR('',#13695,1.);
#13695 = DIRECTION('',(0.,0.,1.));
#13696 = PCURVE('',#13636,#13697);
#13697 = DEFINITIONAL_REPRESENTATION('',(#13698),#13702);
#13698 = LINE('',#13699,#13700);
#13699 = CARTESIAN_POINT('',(0.,-20.));
#13700 = VECTOR('',#13701,1.);
#13701 = DIRECTION('',(1.,0.));
#13702 = ( GEOMETRIC_REPRESENTATION_CONTEXT(2) 
PARAMETRIC_REPRESENTATION_CONTEXT() REPRESENTATION_CONTEXT('2D SPACE',''
  ) );
#13703 = PCURVE('',#13704,#13709);
#13704 = PLANE('',#13705);
#13705 = AXIS2_PLACEMENT_3D('',#13706,#13707,#13708);
#13706 = CARTESIAN_POINT('',(-27.5,10.,-1.));
#13707 = DIRECTION('',(-0.,1.,0.));
#13708 = DIRECTION('',(0.,0.,1.));
#13709 = DEFINITIONAL_REPRESENTATION('',(#13710),#13714);
#13710 = LINE('',#13711,#13712);
#13711 = CARTESIAN_POINT('',(0.,0.));
#13712 = VECTOR('',#13713,1.);
#13713 = DIRECTION('',(1.,0.));
#13714 = ( GEOMETRIC_REPRESENTATION_CONTEXT(2) 
PARAMETRIC_REPRESENTATION_CONTEXT() REPRESENTATION_CONTEXT('2D SPACE',''
  ) );
#13715 = ORIENTED_EDGE('',*,*,#13716,.F.);
#13716 = EDGE_CURVE('',#13628,#13689,#13717,.T.);
#13717 = SURFACE_CURVE('',#13718,(#13722,#13729),.PCURVE_S1.);
#13718 = LINE('',#13719,#13720);
#13719 = CARTESIAN_POINT('',(-27.5,-10.,1.));
#13720 = VECTOR('',#13721,1.);
#13721 = DIRECTION('',(-0.,1.,0.));
#13722 = PCURVE('',#13636,#13723);
#13723 = DEFINITIONAL_REPRESENTATION('',(#13724),#13728);
#13724 = LINE('',#13725,#13726);
#13725 = CARTESIAN_POINT('',(2.,0.));
#13726 = VECTOR('',#13727,1.);
#13727 = DIRECTION('',(0.,-1.));
#13728 = ( GEOMETRIC_REPRESENTATION_CONTEXT(2) 
PARAMETRIC_REPRESENTATION_CONTEXT() REPRESENTATION_CONTEXT('2D SPACE',''
  ) );
#13729 = PCURVE('',#13730,#13735);
#13730 = PLANE('',#13731);
#13731 = AXIS2_PLACEMENT_3D('',#13732,#13733,#13734);
#13732 = CARTESIAN_POINT('',(-27.5,-10.,1.));
#13733 = DIRECTION('',(0.,0.,1.));
#13734 = DIRECTION('',(1.,0.,-0.));
#13735 = DEFINITIONAL_REPRESENTATION('',(#13736),#13740);
#13736 = LINE('',#13737,#13738);
#13737 = CARTESIAN_POINT('',(0.,0.));
#13738 = VECTOR('',#13739,1.);
#13739 = DIRECTION('',(0.,1.));
#13740 = ( GEOMETRIC_REPRESENTATION_CONTEXT(2) 
PARAMETRIC_REPRESENTATION_CONTEXT() REPRESENTATION_CONTEXT('2D SPACE',''
  ) );
#13741 = ADVANCED_FACE('',(#13742),#13756,.T.);
#13742 = FACE_BOUND('',#13743,.T.);
#13743 = EDGE_LOOP('',(#13744,#13774,#13797,#13820));
#13744 = ORIENTED_EDGE('',*,*,#13745,.F.);
#13745 = EDGE_CURVE('',#13746,#13748,#13750,.T.);
#13746 = VERTEX_POINT('',#13747);
#13747 = CARTESIAN_POINT('',(27.5,-10.,-1.));
#13748 = VERTEX_POINT('',#13749);
#13749 = CARTESIAN_POINT('',(27.5,-10.,1.));
#13750 = SURFACE_CURVE('',#13751,(#13755,#13767),.PCURVE_S1.);
#13751 = LINE('',#13752,#13753);
#13752 = CARTESIAN_POINT('',(27.5,-10.,-1.));
#13753 = VECTOR('',#13754,1.);
#13754 = DIRECTION('',(0.,0.,1.));
#13755 = PCURVE('',#13756,#13761);
#13756 = PLANE('',#13757);
#13757 = AXIS2_PLACEMENT_3D('',#13758,#13759,#13760);
#13758 = CARTESIAN_POINT('',(27.5,-10.,-1.));
#13759 = DIRECTION('',(1.,0.,-0.));
#13760 = DIRECTION('',(0.,0.,1.));
#13761 = DEFINITIONAL_REPRESENTATION('',(#13762),#13766);
#13762 = LINE('',#13763,#13764);
#13763 = CARTESIAN_POINT('',(0.,0.));
#13764 = VECTOR('',#13765,1.);
#13765 = DIRECTION('',(1.,0.));
#13766 = ( GEOMETRIC_REPRESENTATION_CONTEXT(2) 
PARAMETRIC_REPRESENTATION_CONTEXT() REPRESENTATION_CONTEXT('2D SPACE',''
  ) );
#13767 = PCURVE('',#13648,#13768);
#13768 = DEFINITIONAL_REPRESENTATION('',(#13769),#13773);
#13769 = LINE('',#13770,#13771);
#13770 = CARTESIAN_POINT('',(0.,55.));
#13771 = VECTOR('',#13772,1.);
#13772 = DIRECTION('',(1.,0.));
#13773 = ( GEOMETRIC_REPRESENTATION_CONTEXT(2) 
PARAMETRIC_REPRESENTATION_CONTEXT() REPRESENTATION_CONTEXT('2D SPACE',''
  ) );
#13774 = ORIENTED_EDGE('',*,*,#13775,.T.);
#13775 = EDGE_CURVE('',#13746,#13776,#13778,.T.);
#13776 = VERTEX_POINT('',#13777);
#13777 = CARTESIAN_POINT('',(27.5,10.,-1.));
#13778 = SURFACE_CURVE('',#13779,(#13783,#13790),.PCURVE_S1.);
#13779 = LINE('',#13780,#13781);
#13780 = CARTESIAN_POINT('',(27.5,-10.,-1.));
#13781 = VECTOR('',#13782,1.);
#13782 = DIRECTION('',(-0.,1.,0.));
#13783 = PCURVE('',#13756,#13784);
#13784 = DEFINITIONAL_REPRESENTATION('',(#13785),#13789);
#13785 = LINE('',#13786,#13787);
#13786 = CARTESIAN_POINT('',(0.,0.));
#13787 = VECTOR('',#13788,1.);
#13788 = DIRECTION('',(0.,-1.));
#13789 = ( GEOMETRIC_REPRESENTATION_CONTEXT(2) 
PARAMETRIC_REPRESENTATION_CONTEXT() REPRESENTATION_CONTEXT('2D SPACE',''
  ) );
#13790 = PCURVE('',#13676,#13791);
#13791 = DEFINITIONAL_REPRESENTATION('',(#13792),#13796);
#13792 = LINE('',#13793,#13794);
#13793 = CARTESIAN_POINT('',(55.,0.));
#13794 = VECTOR('',#13795,1.);
#13795 = DIRECTION('',(0.,1.));
#13796 = ( GEOMETRIC_REPRESENTATION_CONTEXT(2) 
PARAMETRIC_REPRESENTATION_CONTEXT() REPRESENTATION_CONTEXT('2D SPACE',''
  ) );
#13797 = ORIENTED_EDGE('',*,*,#13798,.T.);
#13798 = EDGE_CURVE('',#13776,#13799,#13801,.T.);
#13799 = VERTEX_POINT('',#13800);
#13800 = CARTESIAN_POINT('',(27.5,10.,1.));
#13801 = SURFACE_CURVE('',#13802,(#13806,#13813),.PCURVE_S1.);
#13802 = LINE('',#13803,#13804);
#13803 = CARTESIAN_POINT('',(27.5,10.,-1.));
#13804 = VECTOR('',#13805,1.);
#13805 = DIRECTION('',(0.,0.,1.));
#13806 = PCURVE('',#13756,#13807);
#13807 = DEFINITIONAL_REPRESENTATION('',(#13808),#13812);
#13808 = LINE('',#13809,#13810);
#13809 = CARTESIAN_POINT('',(0.,-20.));
#13810 = VECTOR('',#13811,1.);
#13811 = DIRECTION('',(1.,0.));
#13812 = ( GEOMETRIC_REPRESENTATION_CONTEXT(2) 
PARAMETRIC_REPRESENTATION_CONTEXT() REPRESENTATION_CONTEXT('2D SPACE',''
  ) );
#13813 = PCURVE('',#13704,#13814);
#13814 = DEFINITIONAL_REPRESENTATION('',(#13815),#13819);
#13815 = LINE('',#13816,#13817);
#13816 = CARTESIAN_POINT('',(0.,55.));
#13817 = VECTOR('',#13818,1.);
#13818 = DIRECTION('',(1.,0.));
#13819 = ( GEOMETRIC_REPRESENTATION_CONTEXT(2) 
PARAMETRIC_REPRESENTATION_CONTEXT() REPRESENTATION_CONTEXT('2D SPACE',''
  ) );
#13820 = ORIENTED_EDGE('',*,*,#13821,.F.);
#13821 = EDGE_CURVE('',#13748,#13799,#13822,.T.);
#13822 = SURFACE_CURVE('',#13823,(#13827,#13834),.PCURVE_S1.);
#13823 = LINE('',#13824,#13825);
#13824 = CARTESIAN_POINT('',(27.5,-10.,1.));
#13825 = VECTOR('',#13826,1.);
#13826 = DIRECTION('',(-0.,1.,0.));
#13827 = PCURVE('',#13756,#13828);
#13828 = DEFINITIONAL_REPRESENTATION('',(#13829),#13833);
#13829 = LINE('',#13830,#13831);
#13830 = CARTESIAN_POINT('',(2.,0.));
#13831 = VECTOR('',#13832,1.);
#13832 = DIRECTION('',(0.,-1.));
#13833 = ( GEOMETRIC_REPRESENTATION_CONTEXT(2) 
PARAMETRIC_REPRESENTATION_CONTEXT() REPRESENTATION_CONTEXT('2D SPACE',''
  ) );
#13834 = PCURVE('',#13730,#13835);
#13835 = DEFINITIONAL_REPRESENTATION('',(#13836),#13840);
#13836 = LINE('',#13837,#13838);
#13837 = CARTESIAN_POINT('',(55.,0.));
#13838 = VECTOR('',#13839,1.);
#13839 = DIRECTION('',(0.,1.));
#13840 = ( GEOMETRIC_REPRESENTATION_CONTEXT(2) 
PARAMETRIC_REPRESENTATION_CONTEXT() REPRESENTATION_CONTEXT('2D SPACE',''
  ) );
#13841 = ADVANCED_FACE('',(#13842),#13648,.F.);
#13842 = FACE_BOUND('',#13843,.F.);
#13843 = EDGE_LOOP('',(#13844,#13865,#13866,#13887));
#13844 = ORIENTED_EDGE('',*,*,#13845,.F.);
#13845 = EDGE_CURVE('',#13626,#13746,#13846,.T.);
#13846 = SURFACE_CURVE('',#13847,(#13851,#13858),.PCURVE_S1.);
#13847 = LINE('',#13848,#13849);
#13848 = CARTESIAN_POINT('',(-27.5,-10.,-1.));
#13849 = VECTOR('',#13850,1.);
#13850 = DIRECTION('',(1.,0.,-0.));
#13851 = PCURVE('',#13648,#13852);
#13852 = DEFINITIONAL_REPRESENTATION('',(#13853),#13857);
#13853 = LINE('',#13854,#13855);
#13854 = CARTESIAN_POINT('',(0.,0.));
#13855 = VECTOR('',#13856,1.);
#13856 = DIRECTION('',(0.,1.));
#13857 = ( GEOMETRIC_REPRESENTATION_CONTEXT(2) 
PARAMETRIC_REPRESENTATION_CONTEXT() REPRESENTATION_CONTEXT('2D SPACE',''
  ) );
#13858 = PCURVE('',#13676,#13859);
#13859 = DEFINITIONAL_REPRESENTATION('',(#13860),#13864);
#13860 = LINE('',#13861,#13862);
#13861 = CARTESIAN_POINT('',(0.,0.));
#13862 = VECTOR('',#13863,1.);
#13863 = DIRECTION('',(1.,0.));
#13864 = ( GEOMETRIC_REPRESENTATION_CONTEXT(2) 
PARAMETRIC_REPRESENTATION_CONTEXT() REPRESENTATION_CONTEXT('2D SPACE',''
  ) );
#13865 = ORIENTED_EDGE('',*,*,#13625,.T.);
#13866 = ORIENTED_EDGE('',*,*,#13867,.T.);
#13867 = EDGE_CURVE('',#13628,#13748,#13868,.T.);
#13868 = SURFACE_CURVE('',#13869,(#13873,#13880),.PCURVE_S1.);
#13869 = LINE('',#13870,#13871);
#13870 = CARTESIAN_POINT('',(-27.5,-10.,1.));
#13871 = VECTOR('',#13872,1.);
#13872 = DIRECTION('',(1.,0.,-0.));
#13873 = PCURVE('',#13648,#13874);
#13874 = DEFINITIONAL_REPRESENTATION('',(#13875),#13879);
#13875 = LINE('',#13876,#13877);
#13876 = CARTESIAN_POINT('',(2.,0.));
#13877 = VECTOR('',#13878,1.);
#13878 = DIRECTION('',(0.,1.));
#13879 = ( GEOMETRIC_REPRESENTATION_CONTEXT(2) 
PARAMETRIC_REPRESENTATION_CONTEXT() REPRESENTATION_CONTEXT('2D SPACE',''
  ) );
#13880 = PCURVE('',#13730,#13881);
#13881 = DEFINITIONAL_REPRESENTATION('',(#13882),#13886);
#13882 = LINE('',#13883,#13884);
#13883 = CARTESIAN_POINT('',(0.,0.));
#13884 = VECTOR('',#13885,1.);
#13885 = DIRECTION('',(1.,0.));
#13886 = ( GEOMETRIC_REPRESENTATION_CONTEXT(2) 
PARAMETRIC_REPRESENTATION_CONTEXT() REPRESENTATION_CONTEXT('2D SPACE',''
  ) );
#13887 = ORIENTED_EDGE('',*,*,#13745,.F.);
#13888 = ADVANCED_FACE('',(#13889),#13704,.T.);
#13889 = FACE_BOUND('',#13890,.T.);
#13890 = EDGE_LOOP('',(#13891,#13912,#13913,#13934));
#13891 = ORIENTED_EDGE('',*,*,#13892,.F.);
#13892 = EDGE_CURVE('',#13661,#13776,#13893,.T.);
#13893 = SURFACE_CURVE('',#13894,(#13898,#13905),.PCURVE_S1.);
#13894 = LINE('',#13895,#13896);
#13895 = CARTESIAN_POINT('',(-27.5,10.,-1.));
#13896 = VECTOR('',#13897,1.);
#13897 = DIRECTION('',(1.,0.,-0.));
#13898 = PCURVE('',#13704,#13899);
#13899 = DEFINITIONAL_REPRESENTATION('',(#13900),#13904);
#13900 = LINE('',#13901,#13902);
#13901 = CARTESIAN_POINT('',(0.,0.));
#13902 = VECTOR('',#13903,1.);
#13903 = DIRECTION('',(0.,1.));
#13904 = ( GEOMETRIC_REPRESENTATION_CONTEXT(2) 
PARAMETRIC_REPRESENTATION_CONTEXT() REPRESENTATION_CONTEXT('2D SPACE',''
  ) );
#13905 = PCURVE('',#13676,#13906);
#13906 = DEFINITIONAL_REPRESENTATION('',(#13907),#13911);
#13907 = LINE('',#13908,#13909);
#13908 = CARTESIAN_POINT('',(0.,20.));
#13909 = VECTOR('',#13910,1.);
#13910 = DIRECTION('',(1.,0.));
#13911 = ( GEOMETRIC_REPRESENTATION_CONTEXT(2) 
PARAMETRIC_REPRESENTATION_CONTEXT() REPRESENTATION_CONTEXT('2D SPACE',''
  ) );
#13912 = ORIENTED_EDGE('',*,*,#13688,.T.);
#13913 = ORIENTED_EDGE('',*,*,#13914,.T.);
#13914 = EDGE_CURVE('',#13689,#13799,#13915,.T.);
#13915 = SURFACE_CURVE('',#13916,(#13920,#13927),.PCURVE_S1.);
#13916 = LINE('',#13917,#13918);
#13917 = CARTESIAN_POINT('',(-27.5,10.,1.));
#13918 = VECTOR('',#13919,1.);
#13919 = DIRECTION('',(1.,0.,-0.));
#13920 = PCURVE('',#13704,#13921);
#13921 = DEFINITIONAL_REPRESENTATION('',(#13922),#13926);
#13922 = LINE('',#13923,#13924);
#13923 = CARTESIAN_POINT('',(2.,0.));
#13924 = VECTOR('',#13925,1.);
#13925 = DIRECTION('',(0.,1.));
#13926 = ( GEOMETRIC_REPRESENTATION_CONTEXT(2) 
PARAMETRIC_REPRESENTATION_CONTEXT() REPRESENTATION_CONTEXT('2D SPACE',''
  ) );
#13927 = PCURVE('',#13730,#13928);
#13928 = DEFINITIONAL_REPRESENTATION('',(#13929),#13933);
#13929 = LINE('',#13930,#13931);
#13930 = CARTESIAN_POINT('',(0.,20.));
#13931 = VECTOR('',#13932,1.);
#13932 = DIRECTION('',(1.,0.));
#13933 = ( GEOMETRIC_REPRESENTATION_CONTEXT(2) 
PARAMETRIC_REPRESENTATION_CONTEXT() REPRESENTATION_CONTEXT('2D SPACE',''
  ) );
#13934 = ORIENTED_EDGE('',*,*,#13798,.F.);
#13935 = ADVANCED_FACE('',(#13936),#13676,.F.);
#13936 = FACE_BOUND('',#13937,.F.);
#13937 = EDGE_LOOP('',(#13938,#13939,#13940,#13941));
#13938 = ORIENTED_EDGE('',*,*,#13660,.F.);
#13939 = ORIENTED_EDGE('',*,*,#13845,.T.);
#13940 = ORIENTED_EDGE('',*,*,#13775,.T.);
#13941 = ORIENTED_EDGE('',*,*,#13892,.F.);
#13942 = ADVANCED_FACE('',(#13943),#13730,.T.);
#13943 = FACE_BOUND('',#13944,.T.);
#13944 = EDGE_LOOP('',(#13945,#13946,#13947,#13948));
#13945 = ORIENTED_EDGE('',*,*,#13716,.F.);
#13946 = ORIENTED_EDGE('',*,*,#13867,.T.);
#13947 = ORIENTED_EDGE('',*,*,#13821,.T.);
#13948 = ORIENTED_EDGE('',*,*,#13914,.F.);
#13949 = ( GEOMETRIC_REPRESENTATION_CONTEXT(3) 
GLOBAL_UNCERTAINTY_ASSIGNED_CONTEXT((#13953)) 
GLOBAL_UNIT_ASSIGNED_CONTEXT((#13950,#13951,#13952)) 
REPRESENTATION_CONTEXT('Context #1',
  '3D Context with UNIT and UNCERTAINTY') );
#13950 = ( LENGTH_UNIT() NAMED_UNIT(*) SI_UNIT(.MILLI.,.METRE.) );
#13951 = ( NAMED_UNIT(*) PLANE_ANGLE_UNIT() SI_UNIT($,.RADIAN.) );
#13952 = ( NAMED_UNIT(*) SI_UNIT($,.STERADIAN.) SOLID_ANGLE_UNIT() );
#13953 = UNCERTAINTY_MEASURE_WITH_UNIT(LENGTH_MEASURE(1.E-07),#13950,
  'distance_accuracy_value','confusion accuracy');
#13954 = CONTEXT_DEPENDENT_SHAPE_REPRESENTATION(#13955,#13957);
#13955 = ( REPRESENTATION_RELATIONSHIP('','',#13618,#10) 
REPRESENTATION_RELATIONSHIP_WITH_TRANSFORMATION(#13956) 
SHAPE_REPRESENTATION_RELATIONSHIP() );
#13956 = ITEM_DEFINED_TRANSFORMATION('','',#11,#75);
#13957 = PRODUCT_DEFINITION_SHAPE('Placement','Placement of an item',
  #13958);
#13958 = NEXT_ASSEMBLY_USAGE_OCCURRENCE('16','SENSOR_CARRIER','',#5,
  #13613,$);
#13959 = PRODUCT_RELATED_PRODUCT_CATEGORY('part',$,(#13615));
#13960 = SHAPE_DEFINITION_REPRESENTATION(#13961,#13967);
#13961 = PRODUCT_DEFINITION_SHAPE('','',#13962);
#13962 = PRODUCT_DEFINITION('design','',#13963,#13966);
#13963 = PRODUCT_DEFINITION_FORMATION('','',#13964);
#13964 = PRODUCT('UNO_Q_CLEARANCE','UNO_Q_CLEARANCE','',(#13965));
#13965 = PRODUCT_CONTEXT('',#2,'mechanical');
#13966 = PRODUCT_DEFINITION_CONTEXT('part definition',#2,'design');
#13967 = ADVANCED_BREP_SHAPE_REPRESENTATION('',(#11,#13968),#14298);
#13968 = MANIFOLD_SOLID_BREP('',#13969);
#13969 = CLOSED_SHELL('',(#13970,#14090,#14190,#14237,#14284,#14291));
#13970 = ADVANCED_FACE('',(#13971),#13985,.F.);
#13971 = FACE_BOUND('',#13972,.F.);
#13972 = EDGE_LOOP('',(#13973,#14008,#14036,#14064));
#13973 = ORIENTED_EDGE('',*,*,#13974,.F.);
#13974 = EDGE_CURVE('',#13975,#13977,#13979,.T.);
#13975 = VERTEX_POINT('',#13976);
#13976 = CARTESIAN_POINT('',(-26.67,-34.29,-8.));
#13977 = VERTEX_POINT('',#13978);
#13978 = CARTESIAN_POINT('',(-26.67,-34.29,8.));
#13979 = SURFACE_CURVE('',#13980,(#13984,#13996),.PCURVE_S1.);
#13980 = LINE('',#13981,#13982);
#13981 = CARTESIAN_POINT('',(-26.67,-34.29,-8.));
#13982 = VECTOR('',#13983,1.);
#13983 = DIRECTION('',(0.,0.,1.));
#13984 = PCURVE('',#13985,#13990);
#13985 = PLANE('',#13986);
#13986 = AXIS2_PLACEMENT_3D('',#13987,#13988,#13989);
#13987 = CARTESIAN_POINT('',(-26.67,-34.29,-8.));
#13988 = DIRECTION('',(1.,0.,-0.));
#13989 = DIRECTION('',(0.,0.,1.));
#13990 = DEFINITIONAL_REPRESENTATION('',(#13991),#13995);
#13991 = LINE('',#13992,#13993);
#13992 = CARTESIAN_POINT('',(0.,0.));
#13993 = VECTOR('',#13994,1.);
#13994 = DIRECTION('',(1.,0.));
#13995 = ( GEOMETRIC_REPRESENTATION_CONTEXT(2) 
PARAMETRIC_REPRESENTATION_CONTEXT() REPRESENTATION_CONTEXT('2D SPACE',''
  ) );
#13996 = PCURVE('',#13997,#14002);
#13997 = PLANE('',#13998);
#13998 = AXIS2_PLACEMENT_3D('',#13999,#14000,#14001);
#13999 = CARTESIAN_POINT('',(-26.67,-34.29,-8.));
#14000 = DIRECTION('',(-0.,1.,0.));
#14001 = DIRECTION('',(0.,0.,1.));
#14002 = DEFINITIONAL_REPRESENTATION('',(#14003),#14007);
#14003 = LINE('',#14004,#14005);
#14004 = CARTESIAN_POINT('',(0.,0.));
#14005 = VECTOR('',#14006,1.);
#14006 = DIRECTION('',(1.,0.));
#14007 = ( GEOMETRIC_REPRESENTATION_CONTEXT(2) 
PARAMETRIC_REPRESENTATION_CONTEXT() REPRESENTATION_CONTEXT('2D SPACE',''
  ) );
#14008 = ORIENTED_EDGE('',*,*,#14009,.T.);
#14009 = EDGE_CURVE('',#13975,#14010,#14012,.T.);
#14010 = VERTEX_POINT('',#14011);
#14011 = CARTESIAN_POINT('',(-26.67,34.29,-8.));
#14012 = SURFACE_CURVE('',#14013,(#14017,#14024),.PCURVE_S1.);
#14013 = LINE('',#14014,#14015);
#14014 = CARTESIAN_POINT('',(-26.67,-34.29,-8.));
#14015 = VECTOR('',#14016,1.);
#14016 = DIRECTION('',(-0.,1.,0.));
#14017 = PCURVE('',#13985,#14018);
#14018 = DEFINITIONAL_REPRESENTATION('',(#14019),#14023);
#14019 = LINE('',#14020,#14021);
#14020 = CARTESIAN_POINT('',(0.,0.));
#14021 = VECTOR('',#14022,1.);
#14022 = DIRECTION('',(0.,-1.));
#14023 = ( GEOMETRIC_REPRESENTATION_CONTEXT(2) 
PARAMETRIC_REPRESENTATION_CONTEXT() REPRESENTATION_CONTEXT('2D SPACE',''
  ) );
#14024 = PCURVE('',#14025,#14030);
#14025 = PLANE('',#14026);
#14026 = AXIS2_PLACEMENT_3D('',#14027,#14028,#14029);
#14027 = CARTESIAN_POINT('',(-26.67,-34.29,-8.));
#14028 = DIRECTION('',(0.,0.,1.));
#14029 = DIRECTION('',(1.,0.,-0.));
#14030 = DEFINITIONAL_REPRESENTATION('',(#14031),#14035);
#14031 = LINE('',#14032,#14033);
#14032 = CARTESIAN_POINT('',(0.,0.));
#14033 = VECTOR('',#14034,1.);
#14034 = DIRECTION('',(0.,1.));
#14035 = ( GEOMETRIC_REPRESENTATION_CONTEXT(2) 
PARAMETRIC_REPRESENTATION_CONTEXT() REPRESENTATION_CONTEXT('2D SPACE',''
  ) );
#14036 = ORIENTED_EDGE('',*,*,#14037,.T.);
#14037 = EDGE_CURVE('',#14010,#14038,#14040,.T.);
#14038 = VERTEX_POINT('',#14039);
#14039 = CARTESIAN_POINT('',(-26.67,34.29,8.));
#14040 = SURFACE_CURVE('',#14041,(#14045,#14052),.PCURVE_S1.);
#14041 = LINE('',#14042,#14043);
#14042 = CARTESIAN_POINT('',(-26.67,34.29,-8.));
#14043 = VECTOR('',#14044,1.);
#14044 = DIRECTION('',(0.,0.,1.));
#14045 = PCURVE('',#13985,#14046);
#14046 = DEFINITIONAL_REPRESENTATION('',(#14047),#14051);
#14047 = LINE('',#14048,#14049);
#14048 = CARTESIAN_POINT('',(0.,-68.58));
#14049 = VECTOR('',#14050,1.);
#14050 = DIRECTION('',(1.,0.));
#14051 = ( GEOMETRIC_REPRESENTATION_CONTEXT(2) 
PARAMETRIC_REPRESENTATION_CONTEXT() REPRESENTATION_CONTEXT('2D SPACE',''
  ) );
#14052 = PCURVE('',#14053,#14058);
#14053 = PLANE('',#14054);
#14054 = AXIS2_PLACEMENT_3D('',#14055,#14056,#14057);
#14055 = CARTESIAN_POINT('',(-26.67,34.29,-8.));
#14056 = DIRECTION('',(-0.,1.,0.));
#14057 = DIRECTION('',(0.,0.,1.));
#14058 = DEFINITIONAL_REPRESENTATION('',(#14059),#14063);
#14059 = LINE('',#14060,#14061);
#14060 = CARTESIAN_POINT('',(0.,0.));
#14061 = VECTOR('',#14062,1.);
#14062 = DIRECTION('',(1.,0.));
#14063 = ( GEOMETRIC_REPRESENTATION_CONTEXT(2) 
PARAMETRIC_REPRESENTATION_CONTEXT() REPRESENTATION_CONTEXT('2D SPACE',''
  ) );
#14064 = ORIENTED_EDGE('',*,*,#14065,.F.);
#14065 = EDGE_CURVE('',#13977,#14038,#14066,.T.);
#14066 = SURFACE_CURVE('',#14067,(#14071,#14078),.PCURVE_S1.);
#14067 = LINE('',#14068,#14069);
#14068 = CARTESIAN_POINT('',(-26.67,-34.29,8.));
#14069 = VECTOR('',#14070,1.);
#14070 = DIRECTION('',(-0.,1.,0.));
#14071 = PCURVE('',#13985,#14072);
#14072 = DEFINITIONAL_REPRESENTATION('',(#14073),#14077);
#14073 = LINE('',#14074,#14075);
#14074 = CARTESIAN_POINT('',(16.,0.));
#14075 = VECTOR('',#14076,1.);
#14076 = DIRECTION('',(0.,-1.));
#14077 = ( GEOMETRIC_REPRESENTATION_CONTEXT(2) 
PARAMETRIC_REPRESENTATION_CONTEXT() REPRESENTATION_CONTEXT('2D SPACE',''
  ) );
#14078 = PCURVE('',#14079,#14084);
#14079 = PLANE('',#14080);
#14080 = AXIS2_PLACEMENT_3D('',#14081,#14082,#14083);
#14081 = CARTESIAN_POINT('',(-26.67,-34.29,8.));
#14082 = DIRECTION('',(0.,0.,1.));
#14083 = DIRECTION('',(1.,0.,-0.));
#14084 = DEFINITIONAL_REPRESENTATION('',(#14085),#14089);
#14085 = LINE('',#14086,#14087);
#14086 = CARTESIAN_POINT('',(0.,0.));
#14087 = VECTOR('',#14088,1.);
#14088 = DIRECTION('',(0.,1.));
#14089 = ( GEOMETRIC_REPRESENTATION_CONTEXT(2) 
PARAMETRIC_REPRESENTATION_CONTEXT() REPRESENTATION_CONTEXT('2D SPACE',''
  ) );
#14090 = ADVANCED_FACE('',(#14091),#14105,.T.);
#14091 = FACE_BOUND('',#14092,.T.);
#14092 = EDGE_LOOP('',(#14093,#14123,#14146,#14169));
#14093 = ORIENTED_EDGE('',*,*,#14094,.F.);
#14094 = EDGE_CURVE('',#14095,#14097,#14099,.T.);
#14095 = VERTEX_POINT('',#14096);
#14096 = CARTESIAN_POINT('',(26.67,-34.29,-8.));
#14097 = VERTEX_POINT('',#14098);
#14098 = CARTESIAN_POINT('',(26.67,-34.29,8.));
#14099 = SURFACE_CURVE('',#14100,(#14104,#14116),.PCURVE_S1.);
#14100 = LINE('',#14101,#14102);
#14101 = CARTESIAN_POINT('',(26.67,-34.29,-8.));
#14102 = VECTOR('',#14103,1.);
#14103 = DIRECTION('',(0.,0.,1.));
#14104 = PCURVE('',#14105,#14110);
#14105 = PLANE('',#14106);
#14106 = AXIS2_PLACEMENT_3D('',#14107,#14108,#14109);
#14107 = CARTESIAN_POINT('',(26.67,-34.29,-8.));
#14108 = DIRECTION('',(1.,0.,-0.));
#14109 = DIRECTION('',(0.,0.,1.));
#14110 = DEFINITIONAL_REPRESENTATION('',(#14111),#14115);
#14111 = LINE('',#14112,#14113);
#14112 = CARTESIAN_POINT('',(0.,0.));
#14113 = VECTOR('',#14114,1.);
#14114 = DIRECTION('',(1.,0.));
#14115 = ( GEOMETRIC_REPRESENTATION_CONTEXT(2) 
PARAMETRIC_REPRESENTATION_CONTEXT() REPRESENTATION_CONTEXT('2D SPACE',''
  ) );
#14116 = PCURVE('',#13997,#14117);
#14117 = DEFINITIONAL_REPRESENTATION('',(#14118),#14122);
#14118 = LINE('',#14119,#14120);
#14119 = CARTESIAN_POINT('',(0.,53.34));
#14120 = VECTOR('',#14121,1.);
#14121 = DIRECTION('',(1.,0.));
#14122 = ( GEOMETRIC_REPRESENTATION_CONTEXT(2) 
PARAMETRIC_REPRESENTATION_CONTEXT() REPRESENTATION_CONTEXT('2D SPACE',''
  ) );
#14123 = ORIENTED_EDGE('',*,*,#14124,.T.);
#14124 = EDGE_CURVE('',#14095,#14125,#14127,.T.);
#14125 = VERTEX_POINT('',#14126);
#14126 = CARTESIAN_POINT('',(26.67,34.29,-8.));
#14127 = SURFACE_CURVE('',#14128,(#14132,#14139),.PCURVE_S1.);
#14128 = LINE('',#14129,#14130);
#14129 = CARTESIAN_POINT('',(26.67,-34.29,-8.));
#14130 = VECTOR('',#14131,1.);
#14131 = DIRECTION('',(-0.,1.,0.));
#14132 = PCURVE('',#14105,#14133);
#14133 = DEFINITIONAL_REPRESENTATION('',(#14134),#14138);
#14134 = LINE('',#14135,#14136);
#14135 = CARTESIAN_POINT('',(0.,0.));
#14136 = VECTOR('',#14137,1.);
#14137 = DIRECTION('',(0.,-1.));
#14138 = ( GEOMETRIC_REPRESENTATION_CONTEXT(2) 
PARAMETRIC_REPRESENTATION_CONTEXT() REPRESENTATION_CONTEXT('2D SPACE',''
  ) );
#14139 = PCURVE('',#14025,#14140);
#14140 = DEFINITIONAL_REPRESENTATION('',(#14141),#14145);
#14141 = LINE('',#14142,#14143);
#14142 = CARTESIAN_POINT('',(53.34,0.));
#14143 = VECTOR('',#14144,1.);
#14144 = DIRECTION('',(0.,1.));
#14145 = ( GEOMETRIC_REPRESENTATION_CONTEXT(2) 
PARAMETRIC_REPRESENTATION_CONTEXT() REPRESENTATION_CONTEXT('2D SPACE',''
  ) );
#14146 = ORIENTED_EDGE('',*,*,#14147,.T.);
#14147 = EDGE_CURVE('',#14125,#14148,#14150,.T.);
#14148 = VERTEX_POINT('',#14149);
#14149 = CARTESIAN_POINT('',(26.67,34.29,8.));
#14150 = SURFACE_CURVE('',#14151,(#14155,#14162),.PCURVE_S1.);
#14151 = LINE('',#14152,#14153);
#14152 = CARTESIAN_POINT('',(26.67,34.29,-8.));
#14153 = VECTOR('',#14154,1.);
#14154 = DIRECTION('',(0.,0.,1.));
#14155 = PCURVE('',#14105,#14156);
#14156 = DEFINITIONAL_REPRESENTATION('',(#14157),#14161);
#14157 = LINE('',#14158,#14159);
#14158 = CARTESIAN_POINT('',(0.,-68.58));
#14159 = VECTOR('',#14160,1.);
#14160 = DIRECTION('',(1.,0.));
#14161 = ( GEOMETRIC_REPRESENTATION_CONTEXT(2) 
PARAMETRIC_REPRESENTATION_CONTEXT() REPRESENTATION_CONTEXT('2D SPACE',''
  ) );
#14162 = PCURVE('',#14053,#14163);
#14163 = DEFINITIONAL_REPRESENTATION('',(#14164),#14168);
#14164 = LINE('',#14165,#14166);
#14165 = CARTESIAN_POINT('',(0.,53.34));
#14166 = VECTOR('',#14167,1.);
#14167 = DIRECTION('',(1.,0.));
#14168 = ( GEOMETRIC_REPRESENTATION_CONTEXT(2) 
PARAMETRIC_REPRESENTATION_CONTEXT() REPRESENTATION_CONTEXT('2D SPACE',''
  ) );
#14169 = ORIENTED_EDGE('',*,*,#14170,.F.);
#14170 = EDGE_CURVE('',#14097,#14148,#14171,.T.);
#14171 = SURFACE_CURVE('',#14172,(#14176,#14183),.PCURVE_S1.);
#14172 = LINE('',#14173,#14174);
#14173 = CARTESIAN_POINT('',(26.67,-34.29,8.));
#14174 = VECTOR('',#14175,1.);
#14175 = DIRECTION('',(-0.,1.,0.));
#14176 = PCURVE('',#14105,#14177);
#14177 = DEFINITIONAL_REPRESENTATION('',(#14178),#14182);
#14178 = LINE('',#14179,#14180);
#14179 = CARTESIAN_POINT('',(16.,0.));
#14180 = VECTOR('',#14181,1.);
#14181 = DIRECTION('',(0.,-1.));
#14182 = ( GEOMETRIC_REPRESENTATION_CONTEXT(2) 
PARAMETRIC_REPRESENTATION_CONTEXT() REPRESENTATION_CONTEXT('2D SPACE',''
  ) );
#14183 = PCURVE('',#14079,#14184);
#14184 = DEFINITIONAL_REPRESENTATION('',(#14185),#14189);
#14185 = LINE('',#14186,#14187);
#14186 = CARTESIAN_POINT('',(53.34,0.));
#14187 = VECTOR('',#14188,1.);
#14188 = DIRECTION('',(0.,1.));
#14189 = ( GEOMETRIC_REPRESENTATION_CONTEXT(2) 
PARAMETRIC_REPRESENTATION_CONTEXT() REPRESENTATION_CONTEXT('2D SPACE',''
  ) );
#14190 = ADVANCED_FACE('',(#14191),#13997,.F.);
#14191 = FACE_BOUND('',#14192,.F.);
#14192 = EDGE_LOOP('',(#14193,#14214,#14215,#14236));
#14193 = ORIENTED_EDGE('',*,*,#14194,.F.);
#14194 = EDGE_CURVE('',#13975,#14095,#14195,.T.);
#14195 = SURFACE_CURVE('',#14196,(#14200,#14207),.PCURVE_S1.);
#14196 = LINE('',#14197,#14198);
#14197 = CARTESIAN_POINT('',(-26.67,-34.29,-8.));
#14198 = VECTOR('',#14199,1.);
#14199 = DIRECTION('',(1.,0.,-0.));
#14200 = PCURVE('',#13997,#14201);
#14201 = DEFINITIONAL_REPRESENTATION('',(#14202),#14206);
#14202 = LINE('',#14203,#14204);
#14203 = CARTESIAN_POINT('',(0.,0.));
#14204 = VECTOR('',#14205,1.);
#14205 = DIRECTION('',(0.,1.));
#14206 = ( GEOMETRIC_REPRESENTATION_CONTEXT(2) 
PARAMETRIC_REPRESENTATION_CONTEXT() REPRESENTATION_CONTEXT('2D SPACE',''
  ) );
#14207 = PCURVE('',#14025,#14208);
#14208 = DEFINITIONAL_REPRESENTATION('',(#14209),#14213);
#14209 = LINE('',#14210,#14211);
#14210 = CARTESIAN_POINT('',(0.,0.));
#14211 = VECTOR('',#14212,1.);
#14212 = DIRECTION('',(1.,0.));
#14213 = ( GEOMETRIC_REPRESENTATION_CONTEXT(2) 
PARAMETRIC_REPRESENTATION_CONTEXT() REPRESENTATION_CONTEXT('2D SPACE',''
  ) );
#14214 = ORIENTED_EDGE('',*,*,#13974,.T.);
#14215 = ORIENTED_EDGE('',*,*,#14216,.T.);
#14216 = EDGE_CURVE('',#13977,#14097,#14217,.T.);
#14217 = SURFACE_CURVE('',#14218,(#14222,#14229),.PCURVE_S1.);
#14218 = LINE('',#14219,#14220);
#14219 = CARTESIAN_POINT('',(-26.67,-34.29,8.));
#14220 = VECTOR('',#14221,1.);
#14221 = DIRECTION('',(1.,0.,-0.));
#14222 = PCURVE('',#13997,#14223);
#14223 = DEFINITIONAL_REPRESENTATION('',(#14224),#14228);
#14224 = LINE('',#14225,#14226);
#14225 = CARTESIAN_POINT('',(16.,0.));
#14226 = VECTOR('',#14227,1.);
#14227 = DIRECTION('',(0.,1.));
#14228 = ( GEOMETRIC_REPRESENTATION_CONTEXT(2) 
PARAMETRIC_REPRESENTATION_CONTEXT() REPRESENTATION_CONTEXT('2D SPACE',''
  ) );
#14229 = PCURVE('',#14079,#14230);
#14230 = DEFINITIONAL_REPRESENTATION('',(#14231),#14235);
#14231 = LINE('',#14232,#14233);
#14232 = CARTESIAN_POINT('',(0.,0.));
#14233 = VECTOR('',#14234,1.);
#14234 = DIRECTION('',(1.,0.));
#14235 = ( GEOMETRIC_REPRESENTATION_CONTEXT(2) 
PARAMETRIC_REPRESENTATION_CONTEXT() REPRESENTATION_CONTEXT('2D SPACE',''
  ) );
#14236 = ORIENTED_EDGE('',*,*,#14094,.F.);
#14237 = ADVANCED_FACE('',(#14238),#14053,.T.);
#14238 = FACE_BOUND('',#14239,.T.);
#14239 = EDGE_LOOP('',(#14240,#14261,#14262,#14283));
#14240 = ORIENTED_EDGE('',*,*,#14241,.F.);
#14241 = EDGE_CURVE('',#14010,#14125,#14242,.T.);
#14242 = SURFACE_CURVE('',#14243,(#14247,#14254),.PCURVE_S1.);
#14243 = LINE('',#14244,#14245);
#14244 = CARTESIAN_POINT('',(-26.67,34.29,-8.));
#14245 = VECTOR('',#14246,1.);
#14246 = DIRECTION('',(1.,0.,-0.));
#14247 = PCURVE('',#14053,#14248);
#14248 = DEFINITIONAL_REPRESENTATION('',(#14249),#14253);
#14249 = LINE('',#14250,#14251);
#14250 = CARTESIAN_POINT('',(0.,0.));
#14251 = VECTOR('',#14252,1.);
#14252 = DIRECTION('',(0.,1.));
#14253 = ( GEOMETRIC_REPRESENTATION_CONTEXT(2) 
PARAMETRIC_REPRESENTATION_CONTEXT() REPRESENTATION_CONTEXT('2D SPACE',''
  ) );
#14254 = PCURVE('',#14025,#14255);
#14255 = DEFINITIONAL_REPRESENTATION('',(#14256),#14260);
#14256 = LINE('',#14257,#14258);
#14257 = CARTESIAN_POINT('',(0.,68.58));
#14258 = VECTOR('',#14259,1.);
#14259 = DIRECTION('',(1.,0.));
#14260 = ( GEOMETRIC_REPRESENTATION_CONTEXT(2) 
PARAMETRIC_REPRESENTATION_CONTEXT() REPRESENTATION_CONTEXT('2D SPACE',''
  ) );
#14261 = ORIENTED_EDGE('',*,*,#14037,.T.);
#14262 = ORIENTED_EDGE('',*,*,#14263,.T.);
#14263 = EDGE_CURVE('',#14038,#14148,#14264,.T.);
#14264 = SURFACE_CURVE('',#14265,(#14269,#14276),.PCURVE_S1.);
#14265 = LINE('',#14266,#14267);
#14266 = CARTESIAN_POINT('',(-26.67,34.29,8.));
#14267 = VECTOR('',#14268,1.);
#14268 = DIRECTION('',(1.,0.,-0.));
#14269 = PCURVE('',#14053,#14270);
#14270 = DEFINITIONAL_REPRESENTATION('',(#14271),#14275);
#14271 = LINE('',#14272,#14273);
#14272 = CARTESIAN_POINT('',(16.,0.));
#14273 = VECTOR('',#14274,1.);
#14274 = DIRECTION('',(0.,1.));
#14275 = ( GEOMETRIC_REPRESENTATION_CONTEXT(2) 
PARAMETRIC_REPRESENTATION_CONTEXT() REPRESENTATION_CONTEXT('2D SPACE',''
  ) );
#14276 = PCURVE('',#14079,#14277);
#14277 = DEFINITIONAL_REPRESENTATION('',(#14278),#14282);
#14278 = LINE('',#14279,#14280);
#14279 = CARTESIAN_POINT('',(0.,68.58));
#14280 = VECTOR('',#14281,1.);
#14281 = DIRECTION('',(1.,0.));
#14282 = ( GEOMETRIC_REPRESENTATION_CONTEXT(2) 
PARAMETRIC_REPRESENTATION_CONTEXT() REPRESENTATION_CONTEXT('2D SPACE',''
  ) );
#14283 = ORIENTED_EDGE('',*,*,#14147,.F.);
#14284 = ADVANCED_FACE('',(#14285),#14025,.F.);
#14285 = FACE_BOUND('',#14286,.F.);
#14286 = EDGE_LOOP('',(#14287,#14288,#14289,#14290));
#14287 = ORIENTED_EDGE('',*,*,#14009,.F.);
#14288 = ORIENTED_EDGE('',*,*,#14194,.T.);
#14289 = ORIENTED_EDGE('',*,*,#14124,.T.);
#14290 = ORIENTED_EDGE('',*,*,#14241,.F.);
#14291 = ADVANCED_FACE('',(#14292),#14079,.T.);
#14292 = FACE_BOUND('',#14293,.T.);
#14293 = EDGE_LOOP('',(#14294,#14295,#14296,#14297));
#14294 = ORIENTED_EDGE('',*,*,#14065,.F.);
#14295 = ORIENTED_EDGE('',*,*,#14216,.T.);
#14296 = ORIENTED_EDGE('',*,*,#14170,.T.);
#14297 = ORIENTED_EDGE('',*,*,#14263,.F.);
#14298 = ( GEOMETRIC_REPRESENTATION_CONTEXT(3) 
GLOBAL_UNCERTAINTY_ASSIGNED_CONTEXT((#14302)) 
GLOBAL_UNIT_ASSIGNED_CONTEXT((#14299,#14300,#14301)) 
REPRESENTATION_CONTEXT('Context #1',
  '3D Context with UNIT and UNCERTAINTY') );
#14299 = ( LENGTH_UNIT() NAMED_UNIT(*) SI_UNIT(.MILLI.,.METRE.) );
#14300 = ( NAMED_UNIT(*) PLANE_ANGLE_UNIT() SI_UNIT($,.RADIAN.) );
#14301 = ( NAMED_UNIT(*) SI_UNIT($,.STERADIAN.) SOLID_ANGLE_UNIT() );
#14302 = UNCERTAINTY_MEASURE_WITH_UNIT(LENGTH_MEASURE(1.E-07),#14299,
  'distance_accuracy_value','confusion accuracy');
#14303 = CONTEXT_DEPENDENT_SHAPE_REPRESENTATION(#14304,#14306);
#14304 = ( REPRESENTATION_RELATIONSHIP('','',#13967,#10) 
REPRESENTATION_RELATIONSHIP_WITH_TRANSFORMATION(#14305) 
SHAPE_REPRESENTATION_RELATIONSHIP() );
#14305 = ITEM_DEFINED_TRANSFORMATION('','',#11,#79);
#14306 = PRODUCT_DEFINITION_SHAPE('Placement','Placement of an item',
  #14307);
#14307 = NEXT_ASSEMBLY_USAGE_OCCURRENCE('17','UNO_Q_CLEARANCE','',#5,
  #13962,$);
#14308 = PRODUCT_RELATED_PRODUCT_CATEGORY('part',$,(#13964));
#14309 = SHAPE_DEFINITION_REPRESENTATION(#14310,#14316);
#14310 = PRODUCT_DEFINITION_SHAPE('','',#14311);
#14311 = PRODUCT_DEFINITION('design','',#14312,#14315);
#14312 = PRODUCT_DEFINITION_FORMATION('','',#14313);
#14313 = PRODUCT('DISPLAY','DISPLAY','',(#14314));
#14314 = PRODUCT_CONTEXT('',#2,'mechanical');
#14315 = PRODUCT_DEFINITION_CONTEXT('part definition',#2,'design');
#14316 = ADVANCED_BREP_SHAPE_REPRESENTATION('',(#11,#14317),#14647);
#14317 = MANIFOLD_SOLID_BREP('',#14318);
#14318 = CLOSED_SHELL('',(#14319,#14439,#14539,#14586,#14633,#14640));
#14319 = ADVANCED_FACE('',(#14320),#14334,.F.);
#14320 = FACE_BOUND('',#14321,.F.);
#14321 = EDGE_LOOP('',(#14322,#14357,#14385,#14413));
#14322 = ORIENTED_EDGE('',*,*,#14323,.F.);
#14323 = EDGE_CURVE('',#14324,#14326,#14328,.T.);
#14324 = VERTEX_POINT('',#14325);
#14325 = CARTESIAN_POINT('',(-38.965,-60.555,-6.5));
#14326 = VERTEX_POINT('',#14327);
#14327 = CARTESIAN_POINT('',(-38.965,-60.555,6.5));
#14328 = SURFACE_CURVE('',#14329,(#14333,#14345),.PCURVE_S1.);
#14329 = LINE('',#14330,#14331);
#14330 = CARTESIAN_POINT('',(-38.965,-60.555,-6.5));
#14331 = VECTOR('',#14332,1.);
#14332 = DIRECTION('',(0.,0.,1.));
#14333 = PCURVE('',#14334,#14339);
#14334 = PLANE('',#14335);
#14335 = AXIS2_PLACEMENT_3D('',#14336,#14337,#14338);
#14336 = CARTESIAN_POINT('',(-38.965,-60.555,-6.5));
#14337 = DIRECTION('',(1.,0.,-0.));
#14338 = DIRECTION('',(0.,0.,1.));
#14339 = DEFINITIONAL_REPRESENTATION('',(#14340),#14344);
#14340 = LINE('',#14341,#14342);
#14341 = CARTESIAN_POINT('',(0.,0.));
#14342 = VECTOR('',#14343,1.);
#14343 = DIRECTION('',(1.,0.));
#14344 = ( GEOMETRIC_REPRESENTATION_CONTEXT(2) 
PARAMETRIC_REPRESENTATION_CONTEXT() REPRESENTATION_CONTEXT('2D SPACE',''
  ) );
#14345 = PCURVE('',#14346,#14351);
#14346 = PLANE('',#14347);
#14347 = AXIS2_PLACEMENT_3D('',#14348,#14349,#14350);
#14348 = CARTESIAN_POINT('',(-38.965,-60.555,-6.5));
#14349 = DIRECTION('',(-0.,1.,0.));
#14350 = DIRECTION('',(0.,0.,1.));
#14351 = DEFINITIONAL_REPRESENTATION('',(#14352),#14356);
#14352 = LINE('',#14353,#14354);
#14353 = CARTESIAN_POINT('',(0.,0.));
#14354 = VECTOR('',#14355,1.);
#14355 = DIRECTION('',(1.,0.));
#14356 = ( GEOMETRIC_REPRESENTATION_CONTEXT(2) 
PARAMETRIC_REPRESENTATION_CONTEXT() REPRESENTATION_CONTEXT('2D SPACE',''
  ) );
#14357 = ORIENTED_EDGE('',*,*,#14358,.T.);
#14358 = EDGE_CURVE('',#14324,#14359,#14361,.T.);
#14359 = VERTEX_POINT('',#14360);
#14360 = CARTESIAN_POINT('',(-38.965,60.555,-6.5));
#14361 = SURFACE_CURVE('',#14362,(#14366,#14373),.PCURVE_S1.);
#14362 = LINE('',#14363,#14364);
#14363 = CARTESIAN_POINT('',(-38.965,-60.555,-6.5));
#14364 = VECTOR('',#14365,1.);
#14365 = DIRECTION('',(-0.,1.,0.));
#14366 = PCURVE('',#14334,#14367);
#14367 = DEFINITIONAL_REPRESENTATION('',(#14368),#14372);
#14368 = LINE('',#14369,#14370);
#14369 = CARTESIAN_POINT('',(0.,0.));
#14370 = VECTOR('',#14371,1.);
#14371 = DIRECTION('',(0.,-1.));
#14372 = ( GEOMETRIC_REPRESENTATION_CONTEXT(2) 
PARAMETRIC_REPRESENTATION_CONTEXT() REPRESENTATION_CONTEXT('2D SPACE',''
  ) );
#14373 = PCURVE('',#14374,#14379);
#14374 = PLANE('',#14375);
#14375 = AXIS2_PLACEMENT_3D('',#14376,#14377,#14378);
#14376 = CARTESIAN_POINT('',(-38.965,-60.555,-6.5));
#14377 = DIRECTION('',(0.,0.,1.));
#14378 = DIRECTION('',(1.,0.,-0.));
#14379 = DEFINITIONAL_REPRESENTATION('',(#14380),#14384);
#14380 = LINE('',#14381,#14382);
#14381 = CARTESIAN_POINT('',(0.,0.));
#14382 = VECTOR('',#14383,1.);
#14383 = DIRECTION('',(0.,1.));
#14384 = ( GEOMETRIC_REPRESENTATION_CONTEXT(2) 
PARAMETRIC_REPRESENTATION_CONTEXT() REPRESENTATION_CONTEXT('2D SPACE',''
  ) );
#14385 = ORIENTED_EDGE('',*,*,#14386,.T.);
#14386 = EDGE_CURVE('',#14359,#14387,#14389,.T.);
#14387 = VERTEX_POINT('',#14388);
#14388 = CARTESIAN_POINT('',(-38.965,60.555,6.5));
#14389 = SURFACE_CURVE('',#14390,(#14394,#14401),.PCURVE_S1.);
#14390 = LINE('',#14391,#14392);
#14391 = CARTESIAN_POINT('',(-38.965,60.555,-6.5));
#14392 = VECTOR('',#14393,1.);
#14393 = DIRECTION('',(0.,0.,1.));
#14394 = PCURVE('',#14334,#14395);
#14395 = DEFINITIONAL_REPRESENTATION('',(#14396),#14400);
#14396 = LINE('',#14397,#14398);
#14397 = CARTESIAN_POINT('',(0.,-121.11));
#14398 = VECTOR('',#14399,1.);
#14399 = DIRECTION('',(1.,0.));
#14400 = ( GEOMETRIC_REPRESENTATION_CONTEXT(2) 
PARAMETRIC_REPRESENTATION_CONTEXT() REPRESENTATION_CONTEXT('2D SPACE',''
  ) );
#14401 = PCURVE('',#14402,#14407);
#14402 = PLANE('',#14403);
#14403 = AXIS2_PLACEMENT_3D('',#14404,#14405,#14406);
#14404 = CARTESIAN_POINT('',(-38.965,60.555,-6.5));
#14405 = DIRECTION('',(-0.,1.,0.));
#14406 = DIRECTION('',(0.,0.,1.));
#14407 = DEFINITIONAL_REPRESENTATION('',(#14408),#14412);
#14408 = LINE('',#14409,#14410);
#14409 = CARTESIAN_POINT('',(0.,0.));
#14410 = VECTOR('',#14411,1.);
#14411 = DIRECTION('',(1.,0.));
#14412 = ( GEOMETRIC_REPRESENTATION_CONTEXT(2) 
PARAMETRIC_REPRESENTATION_CONTEXT() REPRESENTATION_CONTEXT('2D SPACE',''
  ) );
#14413 = ORIENTED_EDGE('',*,*,#14414,.F.);
#14414 = EDGE_CURVE('',#14326,#14387,#14415,.T.);
#14415 = SURFACE_CURVE('',#14416,(#14420,#14427),.PCURVE_S1.);
#14416 = LINE('',#14417,#14418);
#14417 = CARTESIAN_POINT('',(-38.965,-60.555,6.5));
#14418 = VECTOR('',#14419,1.);
#14419 = DIRECTION('',(-0.,1.,0.));
#14420 = PCURVE('',#14334,#14421);
#14421 = DEFINITIONAL_REPRESENTATION('',(#14422),#14426);
#14422 = LINE('',#14423,#14424);
#14423 = CARTESIAN_POINT('',(13.,0.));
#14424 = VECTOR('',#14425,1.);
#14425 = DIRECTION('',(0.,-1.));
#14426 = ( GEOMETRIC_REPRESENTATION_CONTEXT(2) 
PARAMETRIC_REPRESENTATION_CONTEXT() REPRESENTATION_CONTEXT('2D SPACE',''
  ) );
#14427 = PCURVE('',#14428,#14433);
#14428 = PLANE('',#14429);
#14429 = AXIS2_PLACEMENT_3D('',#14430,#14431,#14432);
#14430 = CARTESIAN_POINT('',(-38.965,-60.555,6.5));
#14431 = DIRECTION('',(0.,0.,1.));
#14432 = DIRECTION('',(1.,0.,-0.));
#14433 = DEFINITIONAL_REPRESENTATION('',(#14434),#14438);
#14434 = LINE('',#14435,#14436);
#14435 = CARTESIAN_POINT('',(0.,0.));
#14436 = VECTOR('',#14437,1.);
#14437 = DIRECTION('',(0.,1.));
#14438 = ( GEOMETRIC_REPRESENTATION_CONTEXT(2) 
PARAMETRIC_REPRESENTATION_CONTEXT() REPRESENTATION_CONTEXT('2D SPACE',''
  ) );
#14439 = ADVANCED_FACE('',(#14440),#14454,.T.);
#14440 = FACE_BOUND('',#14441,.T.);
#14441 = EDGE_LOOP('',(#14442,#14472,#14495,#14518));
#14442 = ORIENTED_EDGE('',*,*,#14443,.F.);
#14443 = EDGE_CURVE('',#14444,#14446,#14448,.T.);
#14444 = VERTEX_POINT('',#14445);
#14445 = CARTESIAN_POINT('',(38.965,-60.555,-6.5));
#14446 = VERTEX_POINT('',#14447);
#14447 = CARTESIAN_POINT('',(38.965,-60.555,6.5));
#14448 = SURFACE_CURVE('',#14449,(#14453,#14465),.PCURVE_S1.);
#14449 = LINE('',#14450,#14451);
#14450 = CARTESIAN_POINT('',(38.965,-60.555,-6.5));
#14451 = VECTOR('',#14452,1.);
#14452 = DIRECTION('',(0.,0.,1.));
#14453 = PCURVE('',#14454,#14459);
#14454 = PLANE('',#14455);
#14455 = AXIS2_PLACEMENT_3D('',#14456,#14457,#14458);
#14456 = CARTESIAN_POINT('',(38.965,-60.555,-6.5));
#14457 = DIRECTION('',(1.,0.,-0.));
#14458 = DIRECTION('',(0.,0.,1.));
#14459 = DEFINITIONAL_REPRESENTATION('',(#14460),#14464);
#14460 = LINE('',#14461,#14462);
#14461 = CARTESIAN_POINT('',(0.,0.));
#14462 = VECTOR('',#14463,1.);
#14463 = DIRECTION('',(1.,0.));
#14464 = ( GEOMETRIC_REPRESENTATION_CONTEXT(2) 
PARAMETRIC_REPRESENTATION_CONTEXT() REPRESENTATION_CONTEXT('2D SPACE',''
  ) );
#14465 = PCURVE('',#14346,#14466);
#14466 = DEFINITIONAL_REPRESENTATION('',(#14467),#14471);
#14467 = LINE('',#14468,#14469);
#14468 = CARTESIAN_POINT('',(0.,77.93));
#14469 = VECTOR('',#14470,1.);
#14470 = DIRECTION('',(1.,0.));
#14471 = ( GEOMETRIC_REPRESENTATION_CONTEXT(2) 
PARAMETRIC_REPRESENTATION_CONTEXT() REPRESENTATION_CONTEXT('2D SPACE',''
  ) );
#14472 = ORIENTED_EDGE('',*,*,#14473,.T.);
#14473 = EDGE_CURVE('',#14444,#14474,#14476,.T.);
#14474 = VERTEX_POINT('',#14475);
#14475 = CARTESIAN_POINT('',(38.965,60.555,-6.5));
#14476 = SURFACE_CURVE('',#14477,(#14481,#14488),.PCURVE_S1.);
#14477 = LINE('',#14478,#14479);
#14478 = CARTESIAN_POINT('',(38.965,-60.555,-6.5));
#14479 = VECTOR('',#14480,1.);
#14480 = DIRECTION('',(-0.,1.,0.));
#14481 = PCURVE('',#14454,#14482);
#14482 = DEFINITIONAL_REPRESENTATION('',(#14483),#14487);
#14483 = LINE('',#14484,#14485);
#14484 = CARTESIAN_POINT('',(0.,0.));
#14485 = VECTOR('',#14486,1.);
#14486 = DIRECTION('',(0.,-1.));
#14487 = ( GEOMETRIC_REPRESENTATION_CONTEXT(2) 
PARAMETRIC_REPRESENTATION_CONTEXT() REPRESENTATION_CONTEXT('2D SPACE',''
  ) );
#14488 = PCURVE('',#14374,#14489);
#14489 = DEFINITIONAL_REPRESENTATION('',(#14490),#14494);
#14490 = LINE('',#14491,#14492);
#14491 = CARTESIAN_POINT('',(77.93,0.));
#14492 = VECTOR('',#14493,1.);
#14493 = DIRECTION('',(0.,1.));
#14494 = ( GEOMETRIC_REPRESENTATION_CONTEXT(2) 
PARAMETRIC_REPRESENTATION_CONTEXT() REPRESENTATION_CONTEXT('2D SPACE',''
  ) );
#14495 = ORIENTED_EDGE('',*,*,#14496,.T.);
#14496 = EDGE_CURVE('',#14474,#14497,#14499,.T.);
#14497 = VERTEX_POINT('',#14498);
#14498 = CARTESIAN_POINT('',(38.965,60.555,6.5));
#14499 = SURFACE_CURVE('',#14500,(#14504,#14511),.PCURVE_S1.);
#14500 = LINE('',#14501,#14502);
#14501 = CARTESIAN_POINT('',(38.965,60.555,-6.5));
#14502 = VECTOR('',#14503,1.);
#14503 = DIRECTION('',(0.,0.,1.));
#14504 = PCURVE('',#14454,#14505);
#14505 = DEFINITIONAL_REPRESENTATION('',(#14506),#14510);
#14506 = LINE('',#14507,#14508);
#14507 = CARTESIAN_POINT('',(0.,-121.11));
#14508 = VECTOR('',#14509,1.);
#14509 = DIRECTION('',(1.,0.));
#14510 = ( GEOMETRIC_REPRESENTATION_CONTEXT(2) 
PARAMETRIC_REPRESENTATION_CONTEXT() REPRESENTATION_CONTEXT('2D SPACE',''
  ) );
#14511 = PCURVE('',#14402,#14512);
#14512 = DEFINITIONAL_REPRESENTATION('',(#14513),#14517);
#14513 = LINE('',#14514,#14515);
#14514 = CARTESIAN_POINT('',(0.,77.93));
#14515 = VECTOR('',#14516,1.);
#14516 = DIRECTION('',(1.,0.));
#14517 = ( GEOMETRIC_REPRESENTATION_CONTEXT(2) 
PARAMETRIC_REPRESENTATION_CONTEXT() REPRESENTATION_CONTEXT('2D SPACE',''
  ) );
#14518 = ORIENTED_EDGE('',*,*,#14519,.F.);
#14519 = EDGE_CURVE('',#14446,#14497,#14520,.T.);
#14520 = SURFACE_CURVE('',#14521,(#14525,#14532),.PCURVE_S1.);
#14521 = LINE('',#14522,#14523);
#14522 = CARTESIAN_POINT('',(38.965,-60.555,6.5));
#14523 = VECTOR('',#14524,1.);
#14524 = DIRECTION('',(-0.,1.,0.));
#14525 = PCURVE('',#14454,#14526);
#14526 = DEFINITIONAL_REPRESENTATION('',(#14527),#14531);
#14527 = LINE('',#14528,#14529);
#14528 = CARTESIAN_POINT('',(13.,0.));
#14529 = VECTOR('',#14530,1.);
#14530 = DIRECTION('',(0.,-1.));
#14531 = ( GEOMETRIC_REPRESENTATION_CONTEXT(2) 
PARAMETRIC_REPRESENTATION_CONTEXT() REPRESENTATION_CONTEXT('2D SPACE',''
  ) );
#14532 = PCURVE('',#14428,#14533);
#14533 = DEFINITIONAL_REPRESENTATION('',(#14534),#14538);
#14534 = LINE('',#14535,#14536);
#14535 = CARTESIAN_POINT('',(77.93,0.));
#14536 = VECTOR('',#14537,1.);
#14537 = DIRECTION('',(0.,1.));
#14538 = ( GEOMETRIC_REPRESENTATION_CONTEXT(2) 
PARAMETRIC_REPRESENTATION_CONTEXT() REPRESENTATION_CONTEXT('2D SPACE',''
  ) );
#14539 = ADVANCED_FACE('',(#14540),#14346,.F.);
#14540 = FACE_BOUND('',#14541,.F.);
#14541 = EDGE_LOOP('',(#14542,#14563,#14564,#14585));
#14542 = ORIENTED_EDGE('',*,*,#14543,.F.);
#14543 = EDGE_CURVE('',#14324,#14444,#14544,.T.);
#14544 = SURFACE_CURVE('',#14545,(#14549,#14556),.PCURVE_S1.);
#14545 = LINE('',#14546,#14547);
#14546 = CARTESIAN_POINT('',(-38.965,-60.555,-6.5));
#14547 = VECTOR('',#14548,1.);
#14548 = DIRECTION('',(1.,0.,-0.));
#14549 = PCURVE('',#14346,#14550);
#14550 = DEFINITIONAL_REPRESENTATION('',(#14551),#14555);
#14551 = LINE('',#14552,#14553);
#14552 = CARTESIAN_POINT('',(0.,0.));
#14553 = VECTOR('',#14554,1.);
#14554 = DIRECTION('',(0.,1.));
#14555 = ( GEOMETRIC_REPRESENTATION_CONTEXT(2) 
PARAMETRIC_REPRESENTATION_CONTEXT() REPRESENTATION_CONTEXT('2D SPACE',''
  ) );
#14556 = PCURVE('',#14374,#14557);
#14557 = DEFINITIONAL_REPRESENTATION('',(#14558),#14562);
#14558 = LINE('',#14559,#14560);
#14559 = CARTESIAN_POINT('',(0.,0.));
#14560 = VECTOR('',#14561,1.);
#14561 = DIRECTION('',(1.,0.));
#14562 = ( GEOMETRIC_REPRESENTATION_CONTEXT(2) 
PARAMETRIC_REPRESENTATION_CONTEXT() REPRESENTATION_CONTEXT('2D SPACE',''
  ) );
#14563 = ORIENTED_EDGE('',*,*,#14323,.T.);
#14564 = ORIENTED_EDGE('',*,*,#14565,.T.);
#14565 = EDGE_CURVE('',#14326,#14446,#14566,.T.);
#14566 = SURFACE_CURVE('',#14567,(#14571,#14578),.PCURVE_S1.);
#14567 = LINE('',#14568,#14569);
#14568 = CARTESIAN_POINT('',(-38.965,-60.555,6.5));
#14569 = VECTOR('',#14570,1.);
#14570 = DIRECTION('',(1.,0.,-0.));
#14571 = PCURVE('',#14346,#14572);
#14572 = DEFINITIONAL_REPRESENTATION('',(#14573),#14577);
#14573 = LINE('',#14574,#14575);
#14574 = CARTESIAN_POINT('',(13.,0.));
#14575 = VECTOR('',#14576,1.);
#14576 = DIRECTION('',(0.,1.));
#14577 = ( GEOMETRIC_REPRESENTATION_CONTEXT(2) 
PARAMETRIC_REPRESENTATION_CONTEXT() REPRESENTATION_CONTEXT('2D SPACE',''
  ) );
#14578 = PCURVE('',#14428,#14579);
#14579 = DEFINITIONAL_REPRESENTATION('',(#14580),#14584);
#14580 = LINE('',#14581,#14582);
#14581 = CARTESIAN_POINT('',(0.,0.));
#14582 = VECTOR('',#14583,1.);
#14583 = DIRECTION('',(1.,0.));
#14584 = ( GEOMETRIC_REPRESENTATION_CONTEXT(2) 
PARAMETRIC_REPRESENTATION_CONTEXT() REPRESENTATION_CONTEXT('2D SPACE',''
  ) );
#14585 = ORIENTED_EDGE('',*,*,#14443,.F.);
#14586 = ADVANCED_FACE('',(#14587),#14402,.T.);
#14587 = FACE_BOUND('',#14588,.T.);
#14588 = EDGE_LOOP('',(#14589,#14610,#14611,#14632));
#14589 = ORIENTED_EDGE('',*,*,#14590,.F.);
#14590 = EDGE_CURVE('',#14359,#14474,#14591,.T.);
#14591 = SURFACE_CURVE('',#14592,(#14596,#14603),.PCURVE_S1.);
#14592 = LINE('',#14593,#14594);
#14593 = CARTESIAN_POINT('',(-38.965,60.555,-6.5));
#14594 = VECTOR('',#14595,1.);
#14595 = DIRECTION('',(1.,0.,-0.));
#14596 = PCURVE('',#14402,#14597);
#14597 = DEFINITIONAL_REPRESENTATION('',(#14598),#14602);
#14598 = LINE('',#14599,#14600);
#14599 = CARTESIAN_POINT('',(0.,0.));
#14600 = VECTOR('',#14601,1.);
#14601 = DIRECTION('',(0.,1.));
#14602 = ( GEOMETRIC_REPRESENTATION_CONTEXT(2) 
PARAMETRIC_REPRESENTATION_CONTEXT() REPRESENTATION_CONTEXT('2D SPACE',''
  ) );
#14603 = PCURVE('',#14374,#14604);
#14604 = DEFINITIONAL_REPRESENTATION('',(#14605),#14609);
#14605 = LINE('',#14606,#14607);
#14606 = CARTESIAN_POINT('',(0.,121.11));
#14607 = VECTOR('',#14608,1.);
#14608 = DIRECTION('',(1.,0.));
#14609 = ( GEOMETRIC_REPRESENTATION_CONTEXT(2) 
PARAMETRIC_REPRESENTATION_CONTEXT() REPRESENTATION_CONTEXT('2D SPACE',''
  ) );
#14610 = ORIENTED_EDGE('',*,*,#14386,.T.);
#14611 = ORIENTED_EDGE('',*,*,#14612,.T.);
#14612 = EDGE_CURVE('',#14387,#14497,#14613,.T.);
#14613 = SURFACE_CURVE('',#14614,(#14618,#14625),.PCURVE_S1.);
#14614 = LINE('',#14615,#14616);
#14615 = CARTESIAN_POINT('',(-38.965,60.555,6.5));
#14616 = VECTOR('',#14617,1.);
#14617 = DIRECTION('',(1.,0.,-0.));
#14618 = PCURVE('',#14402,#14619);
#14619 = DEFINITIONAL_REPRESENTATION('',(#14620),#14624);
#14620 = LINE('',#14621,#14622);
#14621 = CARTESIAN_POINT('',(13.,0.));
#14622 = VECTOR('',#14623,1.);
#14623 = DIRECTION('',(0.,1.));
#14624 = ( GEOMETRIC_REPRESENTATION_CONTEXT(2) 
PARAMETRIC_REPRESENTATION_CONTEXT() REPRESENTATION_CONTEXT('2D SPACE',''
  ) );
#14625 = PCURVE('',#14428,#14626);
#14626 = DEFINITIONAL_REPRESENTATION('',(#14627),#14631);
#14627 = LINE('',#14628,#14629);
#14628 = CARTESIAN_POINT('',(0.,121.11));
#14629 = VECTOR('',#14630,1.);
#14630 = DIRECTION('',(1.,0.));
#14631 = ( GEOMETRIC_REPRESENTATION_CONTEXT(2) 
PARAMETRIC_REPRESENTATION_CONTEXT() REPRESENTATION_CONTEXT('2D SPACE',''
  ) );
#14632 = ORIENTED_EDGE('',*,*,#14496,.F.);
#14633 = ADVANCED_FACE('',(#14634),#14374,.F.);
#14634 = FACE_BOUND('',#14635,.F.);
#14635 = EDGE_LOOP('',(#14636,#14637,#14638,#14639));
#14636 = ORIENTED_EDGE('',*,*,#14358,.F.);
#14637 = ORIENTED_EDGE('',*,*,#14543,.T.);
#14638 = ORIENTED_EDGE('',*,*,#14473,.T.);
#14639 = ORIENTED_EDGE('',*,*,#14590,.F.);
#14640 = ADVANCED_FACE('',(#14641),#14428,.T.);
#14641 = FACE_BOUND('',#14642,.T.);
#14642 = EDGE_LOOP('',(#14643,#14644,#14645,#14646));
#14643 = ORIENTED_EDGE('',*,*,#14414,.F.);
#14644 = ORIENTED_EDGE('',*,*,#14565,.T.);
#14645 = ORIENTED_EDGE('',*,*,#14519,.T.);
#14646 = ORIENTED_EDGE('',*,*,#14612,.F.);
#14647 = ( GEOMETRIC_REPRESENTATION_CONTEXT(3) 
GLOBAL_UNCERTAINTY_ASSIGNED_CONTEXT((#14651)) 
GLOBAL_UNIT_ASSIGNED_CONTEXT((#14648,#14649,#14650)) 
REPRESENTATION_CONTEXT('Context #1',
  '3D Context with UNIT and UNCERTAINTY') );
#14648 = ( LENGTH_UNIT() NAMED_UNIT(*) SI_UNIT(.MILLI.,.METRE.) );
#14649 = ( NAMED_UNIT(*) PLANE_ANGLE_UNIT() SI_UNIT($,.RADIAN.) );
#14650 = ( NAMED_UNIT(*) SI_UNIT($,.STERADIAN.) SOLID_ANGLE_UNIT() );
#14651 = UNCERTAINTY_MEASURE_WITH_UNIT(LENGTH_MEASURE(1.E-07),#14648,
  'distance_accuracy_value','confusion accuracy');
#14652 = CONTEXT_DEPENDENT_SHAPE_REPRESENTATION(#14653,#14655);
#14653 = ( REPRESENTATION_RELATIONSHIP('','',#14316,#10) 
REPRESENTATION_RELATIONSHIP_WITH_TRANSFORMATION(#14654) 
SHAPE_REPRESENTATION_RELATIONSHIP() );
#14654 = ITEM_DEFINED_TRANSFORMATION('','',#11,#83);
#14655 = PRODUCT_DEFINITION_SHAPE('Placement','Placement of an item',
  #14656);
#14656 = NEXT_ASSEMBLY_USAGE_OCCURRENCE('18','DISPLAY','',#5,#14311,$);
#14657 = PRODUCT_RELATED_PRODUCT_CATEGORY('part',$,(#14313));
#14658 = SHAPE_DEFINITION_REPRESENTATION(#14659,#14665);
#14659 = PRODUCT_DEFINITION_SHAPE('','',#14660);
#14660 = PRODUCT_DEFINITION('design','',#14661,#14664);
#14661 = PRODUCT_DEFINITION_FORMATION('','',#14662);
#14662 = PRODUCT('BATTERY_PACK','BATTERY_PACK','',(#14663));
#14663 = PRODUCT_CONTEXT('',#2,'mechanical');
#14664 = PRODUCT_DEFINITION_CONTEXT('part definition',#2,'design');
#14665 = ADVANCED_BREP_SHAPE_REPRESENTATION('',(#11,#14666),#14996);
#14666 = MANIFOLD_SOLID_BREP('',#14667);
#14667 = CLOSED_SHELL('',(#14668,#14788,#14888,#14935,#14982,#14989));
#14668 = ADVANCED_FACE('',(#14669),#14683,.F.);
#14669 = FACE_BOUND('',#14670,.F.);
#14670 = EDGE_LOOP('',(#14671,#14706,#14734,#14762));
#14671 = ORIENTED_EDGE('',*,*,#14672,.F.);
#14672 = EDGE_CURVE('',#14673,#14675,#14677,.T.);
#14673 = VERTEX_POINT('',#14674);
#14674 = CARTESIAN_POINT('',(-30.,-45.,-5.));
#14675 = VERTEX_POINT('',#14676);
#14676 = CARTESIAN_POINT('',(-30.,-45.,5.));
#14677 = SURFACE_CURVE('',#14678,(#14682,#14694),.PCURVE_S1.);
#14678 = LINE('',#14679,#14680);
#14679 = CARTESIAN_POINT('',(-30.,-45.,-5.));
#14680 = VECTOR('',#14681,1.);
#14681 = DIRECTION('',(0.,0.,1.));
#14682 = PCURVE('',#14683,#14688);
#14683 = PLANE('',#14684);
#14684 = AXIS2_PLACEMENT_3D('',#14685,#14686,#14687);
#14685 = CARTESIAN_POINT('',(-30.,-45.,-5.));
#14686 = DIRECTION('',(1.,0.,-0.));
#14687 = DIRECTION('',(0.,0.,1.));
#14688 = DEFINITIONAL_REPRESENTATION('',(#14689),#14693);
#14689 = LINE('',#14690,#14691);
#14690 = CARTESIAN_POINT('',(0.,0.));
#14691 = VECTOR('',#14692,1.);
#14692 = DIRECTION('',(1.,0.));
#14693 = ( GEOMETRIC_REPRESENTATION_CONTEXT(2) 
PARAMETRIC_REPRESENTATION_CONTEXT() REPRESENTATION_CONTEXT('2D SPACE',''
  ) );
#14694 = PCURVE('',#14695,#14700);
#14695 = PLANE('',#14696);
#14696 = AXIS2_PLACEMENT_3D('',#14697,#14698,#14699);
#14697 = CARTESIAN_POINT('',(-30.,-45.,-5.));
#14698 = DIRECTION('',(-0.,1.,0.));
#14699 = DIRECTION('',(0.,0.,1.));
#14700 = DEFINITIONAL_REPRESENTATION('',(#14701),#14705);
#14701 = LINE('',#14702,#14703);
#14702 = CARTESIAN_POINT('',(0.,0.));
#14703 = VECTOR('',#14704,1.);
#14704 = DIRECTION('',(1.,0.));
#14705 = ( GEOMETRIC_REPRESENTATION_CONTEXT(2) 
PARAMETRIC_REPRESENTATION_CONTEXT() REPRESENTATION_CONTEXT('2D SPACE',''
  ) );
#14706 = ORIENTED_EDGE('',*,*,#14707,.T.);
#14707 = EDGE_CURVE('',#14673,#14708,#14710,.T.);
#14708 = VERTEX_POINT('',#14709);
#14709 = CARTESIAN_POINT('',(-30.,45.,-5.));
#14710 = SURFACE_CURVE('',#14711,(#14715,#14722),.PCURVE_S1.);
#14711 = LINE('',#14712,#14713);
#14712 = CARTESIAN_POINT('',(-30.,-45.,-5.));
#14713 = VECTOR('',#14714,1.);
#14714 = DIRECTION('',(-0.,1.,0.));
#14715 = PCURVE('',#14683,#14716);
#14716 = DEFINITIONAL_REPRESENTATION('',(#14717),#14721);
#14717 = LINE('',#14718,#14719);
#14718 = CARTESIAN_POINT('',(0.,0.));
#14719 = VECTOR('',#14720,1.);
#14720 = DIRECTION('',(0.,-1.));
#14721 = ( GEOMETRIC_REPRESENTATION_CONTEXT(2) 
PARAMETRIC_REPRESENTATION_CONTEXT() REPRESENTATION_CONTEXT('2D SPACE',''
  ) );
#14722 = PCURVE('',#14723,#14728);
#14723 = PLANE('',#14724);
#14724 = AXIS2_PLACEMENT_3D('',#14725,#14726,#14727);
#14725 = CARTESIAN_POINT('',(-30.,-45.,-5.));
#14726 = DIRECTION('',(0.,0.,1.));
#14727 = DIRECTION('',(1.,0.,-0.));
#14728 = DEFINITIONAL_REPRESENTATION('',(#14729),#14733);
#14729 = LINE('',#14730,#14731);
#14730 = CARTESIAN_POINT('',(0.,0.));
#14731 = VECTOR('',#14732,1.);
#14732 = DIRECTION('',(0.,1.));
#14733 = ( GEOMETRIC_REPRESENTATION_CONTEXT(2) 
PARAMETRIC_REPRESENTATION_CONTEXT() REPRESENTATION_CONTEXT('2D SPACE',''
  ) );
#14734 = ORIENTED_EDGE('',*,*,#14735,.T.);
#14735 = EDGE_CURVE('',#14708,#14736,#14738,.T.);
#14736 = VERTEX_POINT('',#14737);
#14737 = CARTESIAN_POINT('',(-30.,45.,5.));
#14738 = SURFACE_CURVE('',#14739,(#14743,#14750),.PCURVE_S1.);
#14739 = LINE('',#14740,#14741);
#14740 = CARTESIAN_POINT('',(-30.,45.,-5.));
#14741 = VECTOR('',#14742,1.);
#14742 = DIRECTION('',(0.,0.,1.));
#14743 = PCURVE('',#14683,#14744);
#14744 = DEFINITIONAL_REPRESENTATION('',(#14745),#14749);
#14745 = LINE('',#14746,#14747);
#14746 = CARTESIAN_POINT('',(0.,-90.));
#14747 = VECTOR('',#14748,1.);
#14748 = DIRECTION('',(1.,0.));
#14749 = ( GEOMETRIC_REPRESENTATION_CONTEXT(2) 
PARAMETRIC_REPRESENTATION_CONTEXT() REPRESENTATION_CONTEXT('2D SPACE',''
  ) );
#14750 = PCURVE('',#14751,#14756);
#14751 = PLANE('',#14752);
#14752 = AXIS2_PLACEMENT_3D('',#14753,#14754,#14755);
#14753 = CARTESIAN_POINT('',(-30.,45.,-5.));
#14754 = DIRECTION('',(-0.,1.,0.));
#14755 = DIRECTION('',(0.,0.,1.));
#14756 = DEFINITIONAL_REPRESENTATION('',(#14757),#14761);
#14757 = LINE('',#14758,#14759);
#14758 = CARTESIAN_POINT('',(0.,0.));
#14759 = VECTOR('',#14760,1.);
#14760 = DIRECTION('',(1.,0.));
#14761 = ( GEOMETRIC_REPRESENTATION_CONTEXT(2) 
PARAMETRIC_REPRESENTATION_CONTEXT() REPRESENTATION_CONTEXT('2D SPACE',''
  ) );
#14762 = ORIENTED_EDGE('',*,*,#14763,.F.);
#14763 = EDGE_CURVE('',#14675,#14736,#14764,.T.);
#14764 = SURFACE_CURVE('',#14765,(#14769,#14776),.PCURVE_S1.);
#14765 = LINE('',#14766,#14767);
#14766 = CARTESIAN_POINT('',(-30.,-45.,5.));
#14767 = VECTOR('',#14768,1.);
#14768 = DIRECTION('',(-0.,1.,0.));
#14769 = PCURVE('',#14683,#14770);
#14770 = DEFINITIONAL_REPRESENTATION('',(#14771),#14775);
#14771 = LINE('',#14772,#14773);
#14772 = CARTESIAN_POINT('',(10.,0.));
#14773 = VECTOR('',#14774,1.);
#14774 = DIRECTION('',(0.,-1.));
#14775 = ( GEOMETRIC_REPRESENTATION_CONTEXT(2) 
PARAMETRIC_REPRESENTATION_CONTEXT() REPRESENTATION_CONTEXT('2D SPACE',''
  ) );
#14776 = PCURVE('',#14777,#14782);
#14777 = PLANE('',#14778);
#14778 = AXIS2_PLACEMENT_3D('',#14779,#14780,#14781);
#14779 = CARTESIAN_POINT('',(-30.,-45.,5.));
#14780 = DIRECTION('',(0.,0.,1.));
#14781 = DIRECTION('',(1.,0.,-0.));
#14782 = DEFINITIONAL_REPRESENTATION('',(#14783),#14787);
#14783 = LINE('',#14784,#14785);
#14784 = CARTESIAN_POINT('',(0.,0.));
#14785 = VECTOR('',#14786,1.);
#14786 = DIRECTION('',(0.,1.));
#14787 = ( GEOMETRIC_REPRESENTATION_CONTEXT(2) 
PARAMETRIC_REPRESENTATION_CONTEXT() REPRESENTATION_CONTEXT('2D SPACE',''
  ) );
#14788 = ADVANCED_FACE('',(#14789),#14803,.T.);
#14789 = FACE_BOUND('',#14790,.T.);
#14790 = EDGE_LOOP('',(#14791,#14821,#14844,#14867));
#14791 = ORIENTED_EDGE('',*,*,#14792,.F.);
#14792 = EDGE_CURVE('',#14793,#14795,#14797,.T.);
#14793 = VERTEX_POINT('',#14794);
#14794 = CARTESIAN_POINT('',(30.,-45.,-5.));
#14795 = VERTEX_POINT('',#14796);
#14796 = CARTESIAN_POINT('',(30.,-45.,5.));
#14797 = SURFACE_CURVE('',#14798,(#14802,#14814),.PCURVE_S1.);
#14798 = LINE('',#14799,#14800);
#14799 = CARTESIAN_POINT('',(30.,-45.,-5.));
#14800 = VECTOR('',#14801,1.);
#14801 = DIRECTION('',(0.,0.,1.));
#14802 = PCURVE('',#14803,#14808);
#14803 = PLANE('',#14804);
#14804 = AXIS2_PLACEMENT_3D('',#14805,#14806,#14807);
#14805 = CARTESIAN_POINT('',(30.,-45.,-5.));
#14806 = DIRECTION('',(1.,0.,-0.));
#14807 = DIRECTION('',(0.,0.,1.));
#14808 = DEFINITIONAL_REPRESENTATION('',(#14809),#14813);
#14809 = LINE('',#14810,#14811);
#14810 = CARTESIAN_POINT('',(0.,0.));
#14811 = VECTOR('',#14812,1.);
#14812 = DIRECTION('',(1.,0.));
#14813 = ( GEOMETRIC_REPRESENTATION_CONTEXT(2) 
PARAMETRIC_REPRESENTATION_CONTEXT() REPRESENTATION_CONTEXT('2D SPACE',''
  ) );
#14814 = PCURVE('',#14695,#14815);
#14815 = DEFINITIONAL_REPRESENTATION('',(#14816),#14820);
#14816 = LINE('',#14817,#14818);
#14817 = CARTESIAN_POINT('',(0.,60.));
#14818 = VECTOR('',#14819,1.);
#14819 = DIRECTION('',(1.,0.));
#14820 = ( GEOMETRIC_REPRESENTATION_CONTEXT(2) 
PARAMETRIC_REPRESENTATION_CONTEXT() REPRESENTATION_CONTEXT('2D SPACE',''
  ) );
#14821 = ORIENTED_EDGE('',*,*,#14822,.T.);
#14822 = EDGE_CURVE('',#14793,#14823,#14825,.T.);
#14823 = VERTEX_POINT('',#14824);
#14824 = CARTESIAN_POINT('',(30.,45.,-5.));
#14825 = SURFACE_CURVE('',#14826,(#14830,#14837),.PCURVE_S1.);
#14826 = LINE('',#14827,#14828);
#14827 = CARTESIAN_POINT('',(30.,-45.,-5.));
#14828 = VECTOR('',#14829,1.);
#14829 = DIRECTION('',(-0.,1.,0.));
#14830 = PCURVE('',#14803,#14831);
#14831 = DEFINITIONAL_REPRESENTATION('',(#14832),#14836);
#14832 = LINE('',#14833,#14834);
#14833 = CARTESIAN_POINT('',(0.,0.));
#14834 = VECTOR('',#14835,1.);
#14835 = DIRECTION('',(0.,-1.));
#14836 = ( GEOMETRIC_REPRESENTATION_CONTEXT(2) 
PARAMETRIC_REPRESENTATION_CONTEXT() REPRESENTATION_CONTEXT('2D SPACE',''
  ) );
#14837 = PCURVE('',#14723,#14838);
#14838 = DEFINITIONAL_REPRESENTATION('',(#14839),#14843);
#14839 = LINE('',#14840,#14841);
#14840 = CARTESIAN_POINT('',(60.,0.));
#14841 = VECTOR('',#14842,1.);
#14842 = DIRECTION('',(0.,1.));
#14843 = ( GEOMETRIC_REPRESENTATION_CONTEXT(2) 
PARAMETRIC_REPRESENTATION_CONTEXT() REPRESENTATION_CONTEXT('2D SPACE',''
  ) );
#14844 = ORIENTED_EDGE('',*,*,#14845,.T.);
#14845 = EDGE_CURVE('',#14823,#14846,#14848,.T.);
#14846 = VERTEX_POINT('',#14847);
#14847 = CARTESIAN_POINT('',(30.,45.,5.));
#14848 = SURFACE_CURVE('',#14849,(#14853,#14860),.PCURVE_S1.);
#14849 = LINE('',#14850,#14851);
#14850 = CARTESIAN_POINT('',(30.,45.,-5.));
#14851 = VECTOR('',#14852,1.);
#14852 = DIRECTION('',(0.,0.,1.));
#14853 = PCURVE('',#14803,#14854);
#14854 = DEFINITIONAL_REPRESENTATION('',(#14855),#14859);
#14855 = LINE('',#14856,#14857);
#14856 = CARTESIAN_POINT('',(0.,-90.));
#14857 = VECTOR('',#14858,1.);
#14858 = DIRECTION('',(1.,0.));
#14859 = ( GEOMETRIC_REPRESENTATION_CONTEXT(2) 
PARAMETRIC_REPRESENTATION_CONTEXT() REPRESENTATION_CONTEXT('2D SPACE',''
  ) );
#14860 = PCURVE('',#14751,#14861);
#14861 = DEFINITIONAL_REPRESENTATION('',(#14862),#14866);
#14862 = LINE('',#14863,#14864);
#14863 = CARTESIAN_POINT('',(0.,60.));
#14864 = VECTOR('',#14865,1.);
#14865 = DIRECTION('',(1.,0.));
#14866 = ( GEOMETRIC_REPRESENTATION_CONTEXT(2) 
PARAMETRIC_REPRESENTATION_CONTEXT() REPRESENTATION_CONTEXT('2D SPACE',''
  ) );
#14867 = ORIENTED_EDGE('',*,*,#14868,.F.);
#14868 = EDGE_CURVE('',#14795,#14846,#14869,.T.);
#14869 = SURFACE_CURVE('',#14870,(#14874,#14881),.PCURVE_S1.);
#14870 = LINE('',#14871,#14872);
#14871 = CARTESIAN_POINT('',(30.,-45.,5.));
#14872 = VECTOR('',#14873,1.);
#14873 = DIRECTION('',(-0.,1.,0.));
#14874 = PCURVE('',#14803,#14875);
#14875 = DEFINITIONAL_REPRESENTATION('',(#14876),#14880);
#14876 = LINE('',#14877,#14878);
#14877 = CARTESIAN_POINT('',(10.,0.));
#14878 = VECTOR('',#14879,1.);
#14879 = DIRECTION('',(0.,-1.));
#14880 = ( GEOMETRIC_REPRESENTATION_CONTEXT(2) 
PARAMETRIC_REPRESENTATION_CONTEXT() REPRESENTATION_CONTEXT('2D SPACE',''
  ) );
#14881 = PCURVE('',#14777,#14882);
#14882 = DEFINITIONAL_REPRESENTATION('',(#14883),#14887);
#14883 = LINE('',#14884,#14885);
#14884 = CARTESIAN_POINT('',(60.,0.));
#14885 = VECTOR('',#14886,1.);
#14886 = DIRECTION('',(0.,1.));
#14887 = ( GEOMETRIC_REPRESENTATION_CONTEXT(2) 
PARAMETRIC_REPRESENTATION_CONTEXT() REPRESENTATION_CONTEXT('2D SPACE',''
  ) );
#14888 = ADVANCED_FACE('',(#14889),#14695,.F.);
#14889 = FACE_BOUND('',#14890,.F.);
#14890 = EDGE_LOOP('',(#14891,#14912,#14913,#14934));
#14891 = ORIENTED_EDGE('',*,*,#14892,.F.);
#14892 = EDGE_CURVE('',#14673,#14793,#14893,.T.);
#14893 = SURFACE_CURVE('',#14894,(#14898,#14905),.PCURVE_S1.);
#14894 = LINE('',#14895,#14896);
#14895 = CARTESIAN_POINT('',(-30.,-45.,-5.));
#14896 = VECTOR('',#14897,1.);
#14897 = DIRECTION('',(1.,0.,-0.));
#14898 = PCURVE('',#14695,#14899);
#14899 = DEFINITIONAL_REPRESENTATION('',(#14900),#14904);
#14900 = LINE('',#14901,#14902);
#14901 = CARTESIAN_POINT('',(0.,0.));
#14902 = VECTOR('',#14903,1.);
#14903 = DIRECTION('',(0.,1.));
#14904 = ( GEOMETRIC_REPRESENTATION_CONTEXT(2) 
PARAMETRIC_REPRESENTATION_CONTEXT() REPRESENTATION_CONTEXT('2D SPACE',''
  ) );
#14905 = PCURVE('',#14723,#14906);
#14906 = DEFINITIONAL_REPRESENTATION('',(#14907),#14911);
#14907 = LINE('',#14908,#14909);
#14908 = CARTESIAN_POINT('',(0.,0.));
#14909 = VECTOR('',#14910,1.);
#14910 = DIRECTION('',(1.,0.));
#14911 = ( GEOMETRIC_REPRESENTATION_CONTEXT(2) 
PARAMETRIC_REPRESENTATION_CONTEXT() REPRESENTATION_CONTEXT('2D SPACE',''
  ) );
#14912 = ORIENTED_EDGE('',*,*,#14672,.T.);
#14913 = ORIENTED_EDGE('',*,*,#14914,.T.);
#14914 = EDGE_CURVE('',#14675,#14795,#14915,.T.);
#14915 = SURFACE_CURVE('',#14916,(#14920,#14927),.PCURVE_S1.);
#14916 = LINE('',#14917,#14918);
#14917 = CARTESIAN_POINT('',(-30.,-45.,5.));
#14918 = VECTOR('',#14919,1.);
#14919 = DIRECTION('',(1.,0.,-0.));
#14920 = PCURVE('',#14695,#14921);
#14921 = DEFINITIONAL_REPRESENTATION('',(#14922),#14926);
#14922 = LINE('',#14923,#14924);
#14923 = CARTESIAN_POINT('',(10.,0.));
#14924 = VECTOR('',#14925,1.);
#14925 = DIRECTION('',(0.,1.));
#14926 = ( GEOMETRIC_REPRESENTATION_CONTEXT(2) 
PARAMETRIC_REPRESENTATION_CONTEXT() REPRESENTATION_CONTEXT('2D SPACE',''
  ) );
#14927 = PCURVE('',#14777,#14928);
#14928 = DEFINITIONAL_REPRESENTATION('',(#14929),#14933);
#14929 = LINE('',#14930,#14931);
#14930 = CARTESIAN_POINT('',(0.,0.));
#14931 = VECTOR('',#14932,1.);
#14932 = DIRECTION('',(1.,0.));
#14933 = ( GEOMETRIC_REPRESENTATION_CONTEXT(2) 
PARAMETRIC_REPRESENTATION_CONTEXT() REPRESENTATION_CONTEXT('2D SPACE',''
  ) );
#14934 = ORIENTED_EDGE('',*,*,#14792,.F.);
#14935 = ADVANCED_FACE('',(#14936),#14751,.T.);
#14936 = FACE_BOUND('',#14937,.T.);
#14937 = EDGE_LOOP('',(#14938,#14959,#14960,#14981));
#14938 = ORIENTED_EDGE('',*,*,#14939,.F.);
#14939 = EDGE_CURVE('',#14708,#14823,#14940,.T.);
#14940 = SURFACE_CURVE('',#14941,(#14945,#14952),.PCURVE_S1.);
#14941 = LINE('',#14942,#14943);
#14942 = CARTESIAN_POINT('',(-30.,45.,-5.));
#14943 = VECTOR('',#14944,1.);
#14944 = DIRECTION('',(1.,0.,-0.));
#14945 = PCURVE('',#14751,#14946);
#14946 = DEFINITIONAL_REPRESENTATION('',(#14947),#14951);
#14947 = LINE('',#14948,#14949);
#14948 = CARTESIAN_POINT('',(0.,0.));
#14949 = VECTOR('',#14950,1.);
#14950 = DIRECTION('',(0.,1.));
#14951 = ( GEOMETRIC_REPRESENTATION_CONTEXT(2) 
PARAMETRIC_REPRESENTATION_CONTEXT() REPRESENTATION_CONTEXT('2D SPACE',''
  ) );
#14952 = PCURVE('',#14723,#14953);
#14953 = DEFINITIONAL_REPRESENTATION('',(#14954),#14958);
#14954 = LINE('',#14955,#14956);
#14955 = CARTESIAN_POINT('',(0.,90.));
#14956 = VECTOR('',#14957,1.);
#14957 = DIRECTION('',(1.,0.));
#14958 = ( GEOMETRIC_REPRESENTATION_CONTEXT(2) 
PARAMETRIC_REPRESENTATION_CONTEXT() REPRESENTATION_CONTEXT('2D SPACE',''
  ) );
#14959 = ORIENTED_EDGE('',*,*,#14735,.T.);
#14960 = ORIENTED_EDGE('',*,*,#14961,.T.);
#14961 = EDGE_CURVE('',#14736,#14846,#14962,.T.);
#14962 = SURFACE_CURVE('',#14963,(#14967,#14974),.PCURVE_S1.);
#14963 = LINE('',#14964,#14965);
#14964 = CARTESIAN_POINT('',(-30.,45.,5.));
#14965 = VECTOR('',#14966,1.);
#14966 = DIRECTION('',(1.,0.,-0.));
#14967 = PCURVE('',#14751,#14968);
#14968 = DEFINITIONAL_REPRESENTATION('',(#14969),#14973);
#14969 = LINE('',#14970,#14971);
#14970 = CARTESIAN_POINT('',(10.,0.));
#14971 = VECTOR('',#14972,1.);
#14972 = DIRECTION('',(0.,1.));
#14973 = ( GEOMETRIC_REPRESENTATION_CONTEXT(2) 
PARAMETRIC_REPRESENTATION_CONTEXT() REPRESENTATION_CONTEXT('2D SPACE',''
  ) );
#14974 = PCURVE('',#14777,#14975);
#14975 = DEFINITIONAL_REPRESENTATION('',(#14976),#14980);
#14976 = LINE('',#14977,#14978);
#14977 = CARTESIAN_POINT('',(0.,90.));
#14978 = VECTOR('',#14979,1.);
#14979 = DIRECTION('',(1.,0.));
#14980 = ( GEOMETRIC_REPRESENTATION_CONTEXT(2) 
PARAMETRIC_REPRESENTATION_CONTEXT() REPRESENTATION_CONTEXT('2D SPACE',''
  ) );
#14981 = ORIENTED_EDGE('',*,*,#14845,.F.);
#14982 = ADVANCED_FACE('',(#14983),#14723,.F.);
#14983 = FACE_BOUND('',#14984,.F.);
#14984 = EDGE_LOOP('',(#14985,#14986,#14987,#14988));
#14985 = ORIENTED_EDGE('',*,*,#14707,.F.);
#14986 = ORIENTED_EDGE('',*,*,#14892,.T.);
#14987 = ORIENTED_EDGE('',*,*,#14822,.T.);
#14988 = ORIENTED_EDGE('',*,*,#14939,.F.);
#14989 = ADVANCED_FACE('',(#14990),#14777,.T.);
#14990 = FACE_BOUND('',#14991,.T.);
#14991 = EDGE_LOOP('',(#14992,#14993,#14994,#14995));
#14992 = ORIENTED_EDGE('',*,*,#14763,.F.);
#14993 = ORIENTED_EDGE('',*,*,#14914,.T.);
#14994 = ORIENTED_EDGE('',*,*,#14868,.T.);
#14995 = ORIENTED_EDGE('',*,*,#14961,.F.);
#14996 = ( GEOMETRIC_REPRESENTATION_CONTEXT(3) 
GLOBAL_UNCERTAINTY_ASSIGNED_CONTEXT((#15000)) 
GLOBAL_UNIT_ASSIGNED_CONTEXT((#14997,#14998,#14999)) 
REPRESENTATION_CONTEXT('Context #1',
  '3D Context with UNIT and UNCERTAINTY') );
#14997 = ( LENGTH_UNIT() NAMED_UNIT(*) SI_UNIT(.MILLI.,.METRE.) );
#14998 = ( NAMED_UNIT(*) PLANE_ANGLE_UNIT() SI_UNIT($,.RADIAN.) );
#14999 = ( NAMED_UNIT(*) SI_UNIT($,.STERADIAN.) SOLID_ANGLE_UNIT() );
#15000 = UNCERTAINTY_MEASURE_WITH_UNIT(LENGTH_MEASURE(1.E-07),#14997,
  'distance_accuracy_value','confusion accuracy');
#15001 = CONTEXT_DEPENDENT_SHAPE_REPRESENTATION(#15002,#15004);
#15002 = ( REPRESENTATION_RELATIONSHIP('','',#14665,#10) 
REPRESENTATION_RELATIONSHIP_WITH_TRANSFORMATION(#15003) 
SHAPE_REPRESENTATION_RELATIONSHIP() );
#15003 = ITEM_DEFINED_TRANSFORMATION('','',#11,#87);
#15004 = PRODUCT_DEFINITION_SHAPE('Placement','Placement of an item',
  #15005);
#15005 = NEXT_ASSEMBLY_USAGE_OCCURRENCE('19','BATTERY_PACK','',#5,#14660
  ,$);
#15006 = PRODUCT_RELATED_PRODUCT_CATEGORY('part',$,(#14662));
#15007 = SHAPE_DEFINITION_REPRESENTATION(#2041,#15008);
#15008 = SHAPE_REPRESENTATION('',(#15),#2033);
#15009 = SHAPE_DEFINITION_REPRESENTATION(#2726,#15010);
#15010 = SHAPE_REPRESENTATION('',(#19),#2718);
#15011 = SHAPE_DEFINITION_REPRESENTATION(#4053,#15012);
#15012 = SHAPE_REPRESENTATION('',(#23),#4045);
#15013 = SHAPE_DEFINITION_REPRESENTATION(#8601,#15014);
#15014 = SHAPE_REPRESENTATION('',(#27),#8593);
#15015 = SHAPE_DEFINITION_REPRESENTATION(#9220,#15016);
#15016 = SHAPE_REPRESENTATION('',(#31),#9212);
#15017 = SHAPE_DEFINITION_REPRESENTATION(#9569,#15018);
#15018 = SHAPE_REPRESENTATION('',(#35),#9561);
#15019 = SHAPE_DEFINITION_REPRESENTATION(#11408,#15020);
#15020 = SHAPE_REPRESENTATION('',(#39),#11400);
#15021 = SHAPE_DEFINITION_REPRESENTATION(#11525,#15022);
#15022 = SHAPE_REPRESENTATION('',(#43),#11517);
#15023 = SHAPE_DEFINITION_REPRESENTATION(#11874,#15024);
#15024 = SHAPE_REPRESENTATION('',(#47),#11866);
#15025 = SHAPE_DEFINITION_REPRESENTATION(#12559,#15026);
#15026 = SHAPE_REPRESENTATION('',(#51),#12551);
#15027 = SHAPE_DEFINITION_REPRESENTATION(#12676,#15028);
#15028 = SHAPE_REPRESENTATION('',(#55),#12668);
#15029 = SHAPE_DEFINITION_REPRESENTATION(#12793,#15030);
#15030 = SHAPE_REPRESENTATION('',(#59),#12785);
#15031 = SHAPE_DEFINITION_REPRESENTATION(#13142,#15032);
#15032 = SHAPE_REPRESENTATION('',(#63),#13134);
#15033 = SHAPE_DEFINITION_REPRESENTATION(#13259,#15034);
#15034 = SHAPE_REPRESENTATION('',(#67),#13251);
#15035 = SHAPE_DEFINITION_REPRESENTATION(#13608,#15036);
#15036 = SHAPE_REPRESENTATION('',(#71),#13600);
#15037 = SHAPE_DEFINITION_REPRESENTATION(#13957,#15038);
#15038 = SHAPE_REPRESENTATION('',(#75),#13949);
#15039 = SHAPE_DEFINITION_REPRESENTATION(#14306,#15040);
#15040 = SHAPE_REPRESENTATION('',(#79),#14298);
#15041 = SHAPE_DEFINITION_REPRESENTATION(#14655,#15042);
#15042 = SHAPE_REPRESENTATION('',(#83),#14647);
#15043 = SHAPE_DEFINITION_REPRESENTATION(#15004,#15044);
#15044 = SHAPE_REPRESENTATION('',(#87),#14996);
#15045 = SHAPE_DEFINITION_REPRESENTATION(#2041,#15046);
#15046 = SHAPE_REPRESENTATION('',(#15),#2033);
#15047 = SHAPE_DEFINITION_REPRESENTATION(#2726,#15048);
#15048 = SHAPE_REPRESENTATION('',(#19),#2718);
#15049 = SHAPE_DEFINITION_REPRESENTATION(#4053,#15050);
#15050 = SHAPE_REPRESENTATION('',(#23),#4045);
#15051 = SHAPE_DEFINITION_REPRESENTATION(#8601,#15052);
#15052 = SHAPE_REPRESENTATION('',(#27),#8593);
#15053 = SHAPE_DEFINITION_REPRESENTATION(#9220,#15054);
#15054 = SHAPE_REPRESENTATION('',(#31),#9212);
#15055 = SHAPE_DEFINITION_REPRESENTATION(#9569,#15056);
#15056 = SHAPE_REPRESENTATION('',(#35),#9561);
#15057 = SHAPE_DEFINITION_REPRESENTATION(#11408,#15058);
#15058 = SHAPE_REPRESENTATION('',(#39),#11400);
#15059 = SHAPE_DEFINITION_REPRESENTATION(#11525,#15060);
#15060 = SHAPE_REPRESENTATION('',(#43),#11517);
#15061 = SHAPE_DEFINITION_REPRESENTATION(#11874,#15062);
#15062 = SHAPE_REPRESENTATION('',(#47),#11866);
#15063 = SHAPE_DEFINITION_REPRESENTATION(#12559,#15064);
#15064 = SHAPE_REPRESENTATION('',(#51),#12551);
#15065 = SHAPE_DEFINITION_REPRESENTATION(#12676,#15066);
#15066 = SHAPE_REPRESENTATION('',(#55),#12668);
#15067 = SHAPE_DEFINITION_REPRESENTATION(#12793,#15068);
#15068 = SHAPE_REPRESENTATION('',(#59),#12785);
#15069 = SHAPE_DEFINITION_REPRESENTATION(#13142,#15070);
#15070 = SHAPE_REPRESENTATION('',(#63),#13134);
#15071 = SHAPE_DEFINITION_REPRESENTATION(#13259,#15072);
#15072 = SHAPE_REPRESENTATION('',(#67),#13251);
#15073 = SHAPE_DEFINITION_REPRESENTATION(#13608,#15074);
#15074 = SHAPE_REPRESENTATION('',(#71),#13600);
#15075 = SHAPE_DEFINITION_REPRESENTATION(#13957,#15076);
#15076 = SHAPE_REPRESENTATION('',(#75),#13949);
#15077 = SHAPE_DEFINITION_REPRESENTATION(#14306,#15078);
#15078 = SHAPE_REPRESENTATION('',(#79),#14298);
#15079 = SHAPE_DEFINITION_REPRESENTATION(#14655,#15080);
#15080 = SHAPE_REPRESENTATION('',(#83),#14647);
#15081 = SHAPE_DEFINITION_REPRESENTATION(#15004,#15082);
#15082 = SHAPE_REPRESENTATION('',(#87),#14996);
#15083 = MECHANICAL_DESIGN_GEOMETRIC_PRESENTATION_REPRESENTATION('',(
    #15084,#15094),#2033);
#15084 = STYLED_ITEM('color',(#15085),#105);
#15085 = PRESENTATION_STYLE_ASSIGNMENT((#15086,#15092));
#15086 = SURFACE_STYLE_USAGE(.BOTH.,#15087);
#15087 = SURFACE_SIDE_STYLE('',(#15088));
#15088 = SURFACE_STYLE_FILL_AREA(#15089);
#15089 = FILL_AREA_STYLE('',(#15090));
#15090 = FILL_AREA_STYLE_COLOUR('',#15091);
#15091 = COLOUR_RGB('',0.720000003324,0.740000011925,0.769999993182);
#15092 = CURVE_STYLE('',#15093,POSITIVE_LENGTH_MEASURE(0.1),#15091);
#15093 = DRAUGHTING_PRE_DEFINED_CURVE_FONT('continuous');
#15094 = OVER_RIDING_STYLED_ITEM('overriding color',(#15095),#105,#15084
  );
#15095 = PRESENTATION_STYLE_BY_CONTEXT((#15096,#15102),#15046);
#15096 = SURFACE_STYLE_USAGE(.BOTH.,#15097);
#15097 = SURFACE_SIDE_STYLE('',(#15098));
#15098 = SURFACE_STYLE_FILL_AREA(#15099);
#15099 = FILL_AREA_STYLE('',(#15100));
#15100 = FILL_AREA_STYLE_COLOUR('',#15101);
#15101 = COLOUR_RGB('',0.720000003324,0.740000011925,0.769999993182);
#15102 = CURVE_STYLE('',#15103,POSITIVE_LENGTH_MEASURE(0.1),#15101);
#15103 = DRAUGHTING_PRE_DEFINED_CURVE_FONT('continuous');
#15104 = MECHANICAL_DESIGN_GEOMETRIC_PRESENTATION_REPRESENTATION('',(
    #15105,#15115),#9212);
#15105 = STYLED_ITEM('color',(#15106),#8612);
#15106 = PRESENTATION_STYLE_ASSIGNMENT((#15107,#15113));
#15107 = SURFACE_STYLE_USAGE(.BOTH.,#15108);
#15108 = SURFACE_SIDE_STYLE('',(#15109));
#15109 = SURFACE_STYLE_FILL_AREA(#15110);
#15110 = FILL_AREA_STYLE('',(#15111));
#15111 = FILL_AREA_STYLE_COLOUR('',#15112);
#15112 = COLOUR_RGB('',0.879999997771,0.56000001326,0.270000000334);
#15113 = CURVE_STYLE('',#15114,POSITIVE_LENGTH_MEASURE(0.1),#15112);
#15114 = DRAUGHTING_PRE_DEFINED_CURVE_FONT('continuous');
#15115 = OVER_RIDING_STYLED_ITEM('overriding color',(#15116),#8612,
  #15105);
#15116 = PRESENTATION_STYLE_BY_CONTEXT((#15117,#15123),#15054);
#15117 = SURFACE_STYLE_USAGE(.BOTH.,#15118);
#15118 = SURFACE_SIDE_STYLE('',(#15119));
#15119 = SURFACE_STYLE_FILL_AREA(#15120);
#15120 = FILL_AREA_STYLE('',(#15121));
#15121 = FILL_AREA_STYLE_COLOUR('',#15122);
#15122 = COLOUR_RGB('',0.879999997771,0.56000001326,0.270000000334);
#15123 = CURVE_STYLE('',#15124,POSITIVE_LENGTH_MEASURE(0.1),#15122);
#15124 = DRAUGHTING_PRE_DEFINED_CURVE_FONT('continuous');
#15125 = MECHANICAL_DESIGN_GEOMETRIC_PRESENTATION_REPRESENTATION('',(
    #15126),#11517);
#15126 = STYLED_ITEM('color',(#15127),#11419);
#15127 = PRESENTATION_STYLE_ASSIGNMENT((#15128,#15134));
#15128 = SURFACE_STYLE_USAGE(.BOTH.,#15129);
#15129 = SURFACE_SIDE_STYLE('',(#15130));
#15130 = SURFACE_STYLE_FILL_AREA(#15131);
#15131 = FILL_AREA_STYLE('',(#15132));
#15132 = FILL_AREA_STYLE_COLOUR('',#15133);
#15133 = COLOUR_RGB('',0.109999998779,0.170000001676,0.270000000334);
#15134 = CURVE_STYLE('',#15135,POSITIVE_LENGTH_MEASURE(0.1),#15133);
#15135 = DRAUGHTING_PRE_DEFINED_CURVE_FONT('continuous');
#15136 = MECHANICAL_DESIGN_GEOMETRIC_PRESENTATION_REPRESENTATION('',(
    #15137),#13134);
#15137 = STYLED_ITEM('color',(#15138),#12804);
#15138 = PRESENTATION_STYLE_ASSIGNMENT((#15139,#15145));
#15139 = SURFACE_STYLE_USAGE(.BOTH.,#15140);
#15140 = SURFACE_SIDE_STYLE('',(#15141));
#15141 = SURFACE_STYLE_FILL_AREA(#15142);
#15142 = FILL_AREA_STYLE('',(#15143));
#15143 = FILL_AREA_STYLE_COLOUR('',#15144);
#15144 = COLOUR_RGB('',0.789999995908,0.36000000506,0.389999993588);
#15145 = CURVE_STYLE('',#15146,POSITIVE_LENGTH_MEASURE(0.1),#15144);
#15146 = DRAUGHTING_PRE_DEFINED_CURVE_FONT('continuous');
#15147 = MECHANICAL_DESIGN_GEOMETRIC_PRESENTATION_REPRESENTATION('',(
    #15148),#14996);
#15148 = STYLED_ITEM('color',(#15149),#14666);
#15149 = PRESENTATION_STYLE_ASSIGNMENT((#15150,#15156));
#15150 = SURFACE_STYLE_USAGE(.BOTH.,#15151);
#15151 = SURFACE_SIDE_STYLE('',(#15152));
#15152 = SURFACE_STYLE_FILL_AREA(#15153);
#15153 = FILL_AREA_STYLE('',(#15154));
#15154 = FILL_AREA_STYLE_COLOUR('',#15155);
#15155 = COLOUR_RGB('',0.850000012718,0.640000008347,0.250000000672);
#15156 = CURVE_STYLE('',#15157,POSITIVE_LENGTH_MEASURE(0.1),#15155);
#15157 = DRAUGHTING_PRE_DEFINED_CURVE_FONT('continuous');
#15158 = MECHANICAL_DESIGN_GEOMETRIC_PRESENTATION_REPRESENTATION('',(
    #15159),#12668);
#15159 = STYLED_ITEM('color',(#15160),#12570);
#15160 = PRESENTATION_STYLE_ASSIGNMENT((#15161,#15167));
#15161 = SURFACE_STYLE_USAGE(.BOTH.,#15162);
#15162 = SURFACE_SIDE_STYLE('',(#15163));
#15163 = SURFACE_STYLE_FILL_AREA(#15164);
#15164 = FILL_AREA_STYLE('',(#15165));
#15165 = FILL_AREA_STYLE_COLOUR('',#15166);
#15166 = COLOUR_RGB('',5.000000142576E-02,6.000000074816E-02,
  7.999999887273E-02);
#15167 = CURVE_STYLE('',#15168,POSITIVE_LENGTH_MEASURE(0.1),#15166);
#15168 = DRAUGHTING_PRE_DEFINED_CURVE_FONT('continuous');
#15169 = MECHANICAL_DESIGN_GEOMETRIC_PRESENTATION_REPRESENTATION('',(
    #15170),#14298);
#15170 = STYLED_ITEM('color',(#15171),#13968);
#15171 = PRESENTATION_STYLE_ASSIGNMENT((#15172,#15178));
#15172 = SURFACE_STYLE_USAGE(.BOTH.,#15173);
#15173 = SURFACE_SIDE_STYLE('',(#15174));
#15174 = SURFACE_STYLE_FILL_AREA(#15175);
#15175 = FILL_AREA_STYLE('',(#15176));
#15176 = FILL_AREA_STYLE_COLOUR('',#15177);
#15177 = COLOUR_RGB('',0.120000001395,0.539999996136,0.439999992444);
#15178 = CURVE_STYLE('',#15179,POSITIVE_LENGTH_MEASURE(0.1),#15177);
#15179 = DRAUGHTING_PRE_DEFINED_CURVE_FONT('continuous');
#15180 = MECHANICAL_DESIGN_GEOMETRIC_PRESENTATION_REPRESENTATION('',(
    #15181),#13600);
#15181 = STYLED_ITEM('color',(#15182),#13270);
#15182 = PRESENTATION_STYLE_ASSIGNMENT((#15183,#15189));
#15183 = SURFACE_STYLE_USAGE(.BOTH.,#15184);
#15184 = SURFACE_SIDE_STYLE('',(#15185));
#15185 = SURFACE_STYLE_FILL_AREA(#15186);
#15186 = FILL_AREA_STYLE('',(#15187));
#15187 = FILL_AREA_STYLE_COLOUR('',#15188);
#15188 = COLOUR_RGB('',0.350000000377,0.630000008194,0.720000003324);
#15189 = CURVE_STYLE('',#15190,POSITIVE_LENGTH_MEASURE(0.1),#15188);
#15190 = DRAUGHTING_PRE_DEFINED_CURVE_FONT('continuous');
#15191 = MECHANICAL_DESIGN_GEOMETRIC_PRESENTATION_REPRESENTATION('',(
    #15192),#13949);
#15192 = STYLED_ITEM('color',(#15193),#13619);
#15193 = PRESENTATION_STYLE_ASSIGNMENT((#15194,#15200));
#15194 = SURFACE_STYLE_USAGE(.BOTH.,#15195);
#15195 = SURFACE_SIDE_STYLE('',(#15196));
#15196 = SURFACE_STYLE_FILL_AREA(#15197);
#15197 = FILL_AREA_STYLE('',(#15198));
#15198 = FILL_AREA_STYLE_COLOUR('',#15199);
#15199 = COLOUR_RGB('',0.420000006308,0.480000004686,0.56000001326);
#15200 = CURVE_STYLE('',#15201,POSITIVE_LENGTH_MEASURE(0.1),#15199);
#15201 = DRAUGHTING_PRE_DEFINED_CURVE_FONT('continuous');
#15202 = MECHANICAL_DESIGN_GEOMETRIC_PRESENTATION_REPRESENTATION('',(
    #15203,#15213),#11400);
#15203 = STYLED_ITEM('color',(#15204),#9580);
#15204 = PRESENTATION_STYLE_ASSIGNMENT((#15205,#15211));
#15205 = SURFACE_STYLE_USAGE(.BOTH.,#15206);
#15206 = SURFACE_SIDE_STYLE('',(#15207));
#15207 = SURFACE_STYLE_FILL_AREA(#15208);
#15208 = FILL_AREA_STYLE('',(#15209));
#15209 = FILL_AREA_STYLE_COLOUR('',#15210);
#15210 = COLOUR_RGB('',0.24000000363,0.270000000334,0.319999999843);
#15211 = CURVE_STYLE('',#15212,POSITIVE_LENGTH_MEASURE(0.1),#15210);
#15212 = DRAUGHTING_PRE_DEFINED_CURVE_FONT('continuous');
#15213 = OVER_RIDING_STYLED_ITEM('overriding color',(#15214),#9580,
  #15203);
#15214 = PRESENTATION_STYLE_BY_CONTEXT((#15215,#15221),#15058);
#15215 = SURFACE_STYLE_USAGE(.BOTH.,#15216);
#15216 = SURFACE_SIDE_STYLE('',(#15217));
#15217 = SURFACE_STYLE_FILL_AREA(#15218);
#15218 = FILL_AREA_STYLE('',(#15219));
#15219 = FILL_AREA_STYLE_COLOUR('',#15220);
#15220 = COLOUR_RGB('',0.24000000363,0.270000000334,0.319999999843);
#15221 = CURVE_STYLE('',#15222,POSITIVE_LENGTH_MEASURE(0.1),#15220);
#15222 = DRAUGHTING_PRE_DEFINED_CURVE_FONT('continuous');
#15223 = MECHANICAL_DESIGN_GEOMETRIC_PRESENTATION_REPRESENTATION('',(
    #15224),#11866);
#15224 = STYLED_ITEM('color',(#15225),#11536);
#15225 = PRESENTATION_STYLE_ASSIGNMENT((#15226,#15232));
#15226 = SURFACE_STYLE_USAGE(.BOTH.,#15227);
#15227 = SURFACE_SIDE_STYLE('',(#15228));
#15228 = SURFACE_STYLE_FILL_AREA(#15229);
#15229 = FILL_AREA_STYLE('',(#15230));
#15230 = FILL_AREA_STYLE_COLOUR('',#15231);
#15231 = COLOUR_RGB('',0.55000000909,0.439999992444,0.789999995908);
#15232 = CURVE_STYLE('',#15233,POSITIVE_LENGTH_MEASURE(0.1),#15231);
#15233 = DRAUGHTING_PRE_DEFINED_CURVE_FONT('continuous');
#15234 = MECHANICAL_DESIGN_GEOMETRIC_PRESENTATION_REPRESENTATION('',(
    #15235,#15245),#8593);
#15235 = STYLED_ITEM('color',(#15236),#4064);
#15236 = PRESENTATION_STYLE_ASSIGNMENT((#15237,#15243));
#15237 = SURFACE_STYLE_USAGE(.BOTH.,#15238);
#15238 = SURFACE_SIDE_STYLE('',(#15239));
#15239 = SURFACE_STYLE_FILL_AREA(#15240);
#15240 = FILL_AREA_STYLE('',(#15241));
#15241 = FILL_AREA_STYLE_COLOUR('',#15242);
#15242 = COLOUR_RGB('',0.199999998682,0.219999994989,0.250000000672);
#15243 = CURVE_STYLE('',#15244,POSITIVE_LENGTH_MEASURE(0.1),#15242);
#15244 = DRAUGHTING_PRE_DEFINED_CURVE_FONT('continuous');
#15245 = OVER_RIDING_STYLED_ITEM('overriding color',(#15246),#4064,
  #15235);
#15246 = PRESENTATION_STYLE_BY_CONTEXT((#15247,#15253),#15052);
#15247 = SURFACE_STYLE_USAGE(.BOTH.,#15248);
#15248 = SURFACE_SIDE_STYLE('',(#15249));
#15249 = SURFACE_STYLE_FILL_AREA(#15250);
#15250 = FILL_AREA_STYLE('',(#15251));
#15251 = FILL_AREA_STYLE_COLOUR('',#15252);
#15252 = COLOUR_RGB('',0.199999998682,0.219999994989,0.250000000672);
#15253 = CURVE_STYLE('',#15254,POSITIVE_LENGTH_MEASURE(0.1),#15252);
#15254 = DRAUGHTING_PRE_DEFINED_CURVE_FONT('continuous');
#15255 = MECHANICAL_DESIGN_GEOMETRIC_PRESENTATION_REPRESENTATION('',(
    #15256),#9561);
#15256 = STYLED_ITEM('color',(#15257),#9231);
#15257 = PRESENTATION_STYLE_ASSIGNMENT((#15258,#15263));
#15258 = SURFACE_STYLE_USAGE(.BOTH.,#15259);
#15259 = SURFACE_SIDE_STYLE('',(#15260));
#15260 = SURFACE_STYLE_FILL_AREA(#15261);
#15261 = FILL_AREA_STYLE('',(#15262));
#15262 = FILL_AREA_STYLE_COLOUR('',#15112);
#15263 = CURVE_STYLE('',#15264,POSITIVE_LENGTH_MEASURE(0.1),#15112);
#15264 = DRAUGHTING_PRE_DEFINED_CURVE_FONT('continuous');
#15265 = MECHANICAL_DESIGN_GEOMETRIC_PRESENTATION_REPRESENTATION('',(
    #15266),#14647);
#15266 = STYLED_ITEM('color',(#15267),#14317);
#15267 = PRESENTATION_STYLE_ASSIGNMENT((#15268,#15274));
#15268 = SURFACE_STYLE_USAGE(.BOTH.,#15269);
#15269 = SURFACE_SIDE_STYLE('',(#15270));
#15270 = SURFACE_STYLE_FILL_AREA(#15271);
#15271 = FILL_AREA_STYLE('',(#15272));
#15272 = FILL_AREA_STYLE_COLOUR('',#15273);
#15273 = COLOUR_RGB('',0.180000002302,0.439999992444,0.859999984366);
#15274 = CURVE_STYLE('',#15275,POSITIVE_LENGTH_MEASURE(0.1),#15273);
#15275 = DRAUGHTING_PRE_DEFINED_CURVE_FONT('continuous');
#15276 = MECHANICAL_DESIGN_GEOMETRIC_PRESENTATION_REPRESENTATION('',(
    #15277,#15287),#4045);
#15277 = STYLED_ITEM('color',(#15278),#2737);
#15278 = PRESENTATION_STYLE_ASSIGNMENT((#15279,#15285));
#15279 = SURFACE_STYLE_USAGE(.BOTH.,#15280);
#15280 = SURFACE_SIDE_STYLE('',(#15281));
#15281 = SURFACE_STYLE_FILL_AREA(#15282);
#15282 = FILL_AREA_STYLE('',(#15283));
#15283 = FILL_AREA_STYLE_COLOUR('',#15284);
#15284 = COLOUR_RGB('',0.1599999992,0.170000001676,0.190000001765);
#15285 = CURVE_STYLE('',#15286,POSITIVE_LENGTH_MEASURE(0.1),#15284);
#15286 = DRAUGHTING_PRE_DEFINED_CURVE_FONT('continuous');
#15287 = OVER_RIDING_STYLED_ITEM('overriding color',(#15288),#2737,
  #15277);
#15288 = PRESENTATION_STYLE_BY_CONTEXT((#15289,#15295),#15050);
#15289 = SURFACE_STYLE_USAGE(.BOTH.,#15290);
#15290 = SURFACE_SIDE_STYLE('',(#15291));
#15291 = SURFACE_STYLE_FILL_AREA(#15292);
#15292 = FILL_AREA_STYLE('',(#15293));
#15293 = FILL_AREA_STYLE_COLOUR('',#15294);
#15294 = COLOUR_RGB('',0.1599999992,0.170000001676,0.190000001765);
#15295 = CURVE_STYLE('',#15296,POSITIVE_LENGTH_MEASURE(0.1),#15294);
#15296 = DRAUGHTING_PRE_DEFINED_CURVE_FONT('continuous');
#15297 = MECHANICAL_DESIGN_GEOMETRIC_PRESENTATION_REPRESENTATION('',(
    #15298),#12785);
#15298 = STYLED_ITEM('color',(#15299),#12687);
#15299 = PRESENTATION_STYLE_ASSIGNMENT((#15300,#15306));
#15300 = SURFACE_STYLE_USAGE(.BOTH.,#15301);
#15301 = SURFACE_SIDE_STYLE('',(#15302));
#15302 = SURFACE_STYLE_FILL_AREA(#15303);
#15303 = FILL_AREA_STYLE('',(#15304));
#15304 = FILL_AREA_STYLE_COLOUR('',#15305);
#15305 = COLOUR_RGB('',0.910000008889,0.889999989794,0.850000012718);
#15306 = CURVE_STYLE('',#15307,POSITIVE_LENGTH_MEASURE(0.1),#15305);
#15307 = DRAUGHTING_PRE_DEFINED_CURVE_FONT('continuous');
#15308 = MECHANICAL_DESIGN_GEOMETRIC_PRESENTATION_REPRESENTATION('',(
    #15309,#15319),#12551);
#15309 = STYLED_ITEM('color',(#15310),#11885);
#15310 = PRESENTATION_STYLE_ASSIGNMENT((#15311,#15317));
#15311 = SURFACE_STYLE_USAGE(.BOTH.,#15312);
#15312 = SURFACE_SIDE_STYLE('',(#15313));
#15313 = SURFACE_STYLE_FILL_AREA(#15314);
#15314 = FILL_AREA_STYLE('',(#15315));
#15315 = FILL_AREA_STYLE_COLOUR('',#15316);
#15316 = COLOUR_RGB('',0.170000001676,0.190000001765,0.230000002338);
#15317 = CURVE_STYLE('',#15318,POSITIVE_LENGTH_MEASURE(0.1),#15316);
#15318 = DRAUGHTING_PRE_DEFINED_CURVE_FONT('continuous');
#15319 = OVER_RIDING_STYLED_ITEM('overriding color',(#15320),#11885,
  #15309);
#15320 = PRESENTATION_STYLE_BY_CONTEXT((#15321,#15327),#15064);
#15321 = SURFACE_STYLE_USAGE(.BOTH.,#15322);
#15322 = SURFACE_SIDE_STYLE('',(#15323));
#15323 = SURFACE_STYLE_FILL_AREA(#15324);
#15324 = FILL_AREA_STYLE('',(#15325));
#15325 = FILL_AREA_STYLE_COLOUR('',#15326);
#15326 = COLOUR_RGB('',0.170000001676,0.190000001765,0.230000002338);
#15327 = CURVE_STYLE('',#15328,POSITIVE_LENGTH_MEASURE(0.1),#15326);
#15328 = DRAUGHTING_PRE_DEFINED_CURVE_FONT('continuous');
#15329 = MECHANICAL_DESIGN_GEOMETRIC_PRESENTATION_REPRESENTATION('',(
    #15330,#15339),#2718);
#15330 = STYLED_ITEM('color',(#15331),#2052);
#15331 = PRESENTATION_STYLE_ASSIGNMENT((#15332,#15337));
#15332 = SURFACE_STYLE_USAGE(.BOTH.,#15333);
#15333 = SURFACE_SIDE_STYLE('',(#15334));
#15334 = SURFACE_STYLE_FILL_AREA(#15335);
#15335 = FILL_AREA_STYLE('',(#15336));
#15336 = FILL_AREA_STYLE_COLOUR('',#15166);
#15337 = CURVE_STYLE('',#15338,POSITIVE_LENGTH_MEASURE(0.1),#15166);
#15338 = DRAUGHTING_PRE_DEFINED_CURVE_FONT('continuous');
#15339 = OVER_RIDING_STYLED_ITEM('overriding color',(#15340),#2052,
  #15330);
#15340 = PRESENTATION_STYLE_BY_CONTEXT((#15341,#15347),#15048);
#15341 = SURFACE_STYLE_USAGE(.BOTH.,#15342);
#15342 = SURFACE_SIDE_STYLE('',(#15343));
#15343 = SURFACE_STYLE_FILL_AREA(#15344);
#15344 = FILL_AREA_STYLE('',(#15345));
#15345 = FILL_AREA_STYLE_COLOUR('',#15346);
#15346 = COLOUR_RGB('',5.000000142576E-02,6.000000074816E-02,
  7.999999887273E-02);
#15347 = CURVE_STYLE('',#15348,POSITIVE_LENGTH_MEASURE(0.1),#15346);
#15348 = DRAUGHTING_PRE_DEFINED_CURVE_FONT('continuous');
#15349 = MECHANICAL_DESIGN_GEOMETRIC_PRESENTATION_REPRESENTATION('',(
    #15350),#13251);
#15350 = STYLED_ITEM('color',(#15351),#13153);
#15351 = PRESENTATION_STYLE_ASSIGNMENT((#15352,#15358));
#15352 = SURFACE_STYLE_USAGE(.BOTH.,#15353);
#15353 = SURFACE_SIDE_STYLE('',(#15354));
#15354 = SURFACE_STYLE_FILL_AREA(#15355);
#15355 = FILL_AREA_STYLE('',(#15356));
#15356 = FILL_AREA_STYLE_COLOUR('',#15357);
#15357 = COLOUR_RGB('',0.599999994755,0.630000008194,0.670000002606);
#15358 = CURVE_STYLE('',#15359,POSITIVE_LENGTH_MEASURE(0.1),#15357);
#15359 = DRAUGHTING_PRE_DEFINED_CURVE_FONT('continuous');
ENDSEC;
END-ISO-10303-21;
